ISO-10303-21;
HEADER;
FILE_DESCRIPTION (( 'STEP AP214' ),
    '1' );
FILE_NAME ('AVX-TAJ-JN-A.STEP',
    '2026-04-06T17:17:00',
    ( '' ),
    ( '' ),
    'SwSTEP 2.0',
    'SolidWorks 2021',
    '' );
FILE_SCHEMA (( 'AUTOMOTIVE_DESIGN' ));
ENDSEC;

DATA;
#1 = LINE ( 'NONE', #1456, #87 ) ;
#2 = DIRECTION ( 'NONE',  ( 0.08715574274765605645, -0.9961946980917456562, -0.000000000000000000 ) ) ;
#3 = VECTOR ( 'NONE', #1485, 1000.000000000000000 ) ;
#4 = PLANE ( 'NONE',  #833 ) ;
#5 = CIRCLE ( 'NONE', #875, 0.1250000000000001110 ) ;
#6 = ORIENTED_EDGE ( 'NONE', *, *, #186, .F. ) ;
#7 = PLANE ( 'NONE',  #149 ) ;
#8 = DIRECTION ( 'NONE',  ( 1.000000000000000000, 0.000000000000000000, -0.000000000000000000 ) ) ;
#9 = VERTEX_POINT ( 'NONE', #1573 ) ;
#10 = LINE ( 'NONE', #291, #1009 ) ;
#11 = CARTESIAN_POINT ( 'NONE',  ( 1.450000000000000178, 0.9000000000000000222, 0.5999999999999999778 ) ) ;
#12 = LINE ( 'NONE', #923, #874 ) ;
#13 =( GEOMETRIC_REPRESENTATION_CONTEXT ( 3 ) GLOBAL_UNCERTAINTY_ASSIGNED_CONTEXT ( ( #1835 ) ) GLOBAL_UNIT_ASSIGNED_CONTEXT ( ( #22, #1350, #1062 ) ) REPRESENTATION_CONTEXT ( 'NONE', 'WORKASPACE' ) );
#14 = EDGE_CURVE ( 'NONE', #412, #1056, #226, .T. ) ;
#15 = CARTESIAN_POINT ( 'NONE',  ( 1.439063917059259845, 0.7750000000000000222, 0.5999999999999999778 ) ) ;
#16 = FACE_OUTER_BOUND ( 'NONE', #230, .T. ) ;
#17 = ORIENTED_EDGE ( 'NONE', *, *, #1509, .T. ) ;
#18 = VERTEX_POINT ( 'NONE', #1467 ) ;
#19 = FACE_OUTER_BOUND ( 'NONE', #882, .T. ) ;
#20 = VECTOR ( 'NONE', #1644, 1000.000000000000000 ) ;
#21 = VERTEX_POINT ( 'NONE', #1343 ) ;
#22 =( LENGTH_UNIT ( ) NAMED_UNIT ( * ) SI_UNIT ( .MILLI., .METRE. ) );
#23 = CARTESIAN_POINT ( 'NONE',  ( -1.450000000000000178, 0.1550000000000000822, 0.7348209456731865652 ) ) ;
#24 = PLANE ( 'NONE',  #1670 ) ;
#25 = VECTOR ( 'NONE', #1102, 1000.000000000000000 ) ;
#26 = EDGE_CURVE ( 'NONE', #330, #1871, #1314, .T. ) ;
#27 = VECTOR ( 'NONE', #1176, 1000.000000000000000 ) ;
#28 = CARTESIAN_POINT ( 'NONE',  ( 1.450000000000000178, 0.9000000000000000222, 0.5999999999999999778 ) ) ;
#29 = CARTESIAN_POINT ( 'NONE',  ( -1.600000000000000533, 0.7749999999999999112, -0.2999999999999999334 ) ) ;
#30 = ORIENTED_EDGE ( 'NONE', *, *, #1008, .F. ) ;
#31 = ORIENTED_EDGE ( 'NONE', *, *, #97, .T. ) ;
#32 = DIRECTION ( 'NONE',  ( -1.505292348835243592E-16, -0.000000000000000000, -1.000000000000000000 ) ) ;
#33 =( GEOMETRIC_REPRESENTATION_CONTEXT ( 3 ) GLOBAL_UNCERTAINTY_ASSIGNED_CONTEXT ( ( #36 ) ) GLOBAL_UNIT_ASSIGNED_CONTEXT ( ( #1885, #424, #1298 ) ) REPRESENTATION_CONTEXT ( 'NONE', 'WORKASPACE' ) );
#34 = AXIS2_PLACEMENT_3D ( 'NONE', #471, #600, #1206 ) ;
#35 = FILL_AREA_STYLE_COLOUR ( '', #1447 ) ;
#36 = UNCERTAINTY_MEASURE_WITH_UNIT (LENGTH_MEASURE( 1.000000000000000082E-05 ), #1885, 'distance_accuracy_value', 'NONE');
#37 = LINE ( 'NONE', #616, #1211 ) ;
#38 = CARTESIAN_POINT ( 'NONE',  ( 1.475000000000000089, 0.1250000000000000000, 0.5999999999999999778 ) ) ;
#39 = PRODUCT_DEFINITION ( 'UNKNOWN', '', #1277, #934 ) ;
#40 = EDGE_CURVE ( 'NONE', #1044, #84, #722, .T. ) ;
#41 = CARTESIAN_POINT ( 'NONE',  ( 1.475000000000000089, 0.7750000000000000222, 0.5999999999999999778 ) ) ;
#42 = CARTESIAN_POINT ( 'NONE',  ( -1.439063917059259845, 0.7750000000000000222, -0.5999999999999999778 ) ) ;
#43 = VERTEX_POINT ( 'NONE', #1006 ) ;
#44 =( LENGTH_UNIT ( ) NAMED_UNIT ( * ) SI_UNIT ( .MILLI., .METRE. ) );
#45 = VECTOR ( 'NONE', #1324, 1000.000000000000000 ) ;
#46 = VECTOR ( 'NONE', #956, 1000.000000000000000 ) ;
#47 = CARTESIAN_POINT ( 'NONE',  ( 1.600000000000000533, 0.7749999999999999112, -0.2999999999999999334 ) ) ;
#48 = ADVANCED_FACE ( 'NONE', ( #1020 ), #1156, .T. ) ;
#49 = EDGE_CURVE ( 'NONE', #1868, #119, #1, .T. ) ;
#50 = CARTESIAN_POINT ( 'NONE',  ( 1.450000000000000178, 0.8999999999999989120, -0.2999999999999999334 ) ) ;
#51 = CARTESIAN_POINT ( 'NONE',  ( 1.450000000000000178, 0.9000000000000000222, 0.8000000000000000444 ) ) ;
#52 = ORIENTED_EDGE ( 'NONE', *, *, #91, .F. ) ;
#53 = DIRECTION ( 'NONE',  ( 0.000000000000000000, -0.000000000000000000, 1.000000000000000000 ) ) ;
#54 = ORIENTED_EDGE ( 'NONE', *, *, #921, .T. ) ;
#55 = LINE ( 'NONE', #176, #1304 ) ;
#56 = DIRECTION ( 'NONE',  ( 0.000000000000000000, 0.000000000000000000, 1.000000000000000000 ) ) ;
#57 = VECTOR ( 'NONE', #1836, 1000.000000000000000 ) ;
#58 = PLANE ( 'NONE',  #702 ) ;
#59 = CARTESIAN_POINT ( 'NONE',  ( 0.7399999999999999911, 0.000000000000000000, 0.7212602028266682508 ) ) ;
#60 = VECTOR ( 'NONE', #1796, 1000.000000000000000 ) ;
#61 = ORIENTED_EDGE ( 'NONE', *, *, #1283, .T. ) ;
#62 = LINE ( 'NONE', #975, #1054 ) ;
#63 = CARTESIAN_POINT ( 'NONE',  ( -1.475000000000000089, 0.7750000000000000222, 0.2999999999999999889 ) ) ;
#64 = EDGE_CURVE ( 'NONE', #870, #582, #121, .T. ) ;
#65 = EDGE_CURVE ( 'NONE', #1880, #125, #1639, .T. ) ;
#66 = FILL_AREA_STYLE_COLOUR ( '', #650 ) ;
#67 = DIRECTION ( 'NONE',  ( 0.000000000000000000, 1.000000000000000000, 2.409338161078908548E-16 ) ) ;
#68 = ORIENTED_EDGE ( 'NONE', *, *, #1249, .F. ) ;
#69 = ORIENTED_EDGE ( 'NONE', *, *, #935, .T. ) ;
#70 = CARTESIAN_POINT ( 'NONE',  ( -0.7400000000000002132, 0.9000000000000000222, 0.8000000000000000444 ) ) ;
#71 = CARTESIAN_POINT ( 'NONE',  ( -1.450000000000000178, 0.1549999999999997491, -0.7348209456731865652 ) ) ;
#72 = ORIENTED_EDGE ( 'NONE', *, *, #1195, .T. ) ;
#73 = AXIS2_PLACEMENT_3D ( 'NONE', #929, #1531, #1678 ) ;
#74 = DIRECTION ( 'NONE',  ( -1.000000000000000000, -8.031127203596330602E-17, 0.000000000000000000 ) ) ;
#75 = DIRECTION ( 'NONE',  ( -0.000000000000000000, 0.000000000000000000, 1.000000000000000000 ) ) ;
#76 = VERTEX_POINT ( 'NONE', #716 ) ;
#77 = ORIENTED_EDGE ( 'NONE', *, *, #363, .T. ) ;
#78 = DIRECTION ( 'NONE',  ( 0.000000000000000000, -0.000000000000000000, -1.000000000000000000 ) ) ;
#79 = CARTESIAN_POINT ( 'NONE',  ( 1.439063917059259845, 0.7750000000000000222, 0.5999999999999999778 ) ) ;
#80 = AXIS2_PLACEMENT_3D ( 'NONE', #113, #560, #1317 ) ;
#81 = CARTESIAN_POINT ( 'NONE',  ( 1.475000000000000089, 0.7750000000000000222, 0.5999999999999999778 ) ) ;
#82 = ORIENTED_EDGE ( 'NONE', *, *, #1516, .T. ) ;
#83 = EDGE_CURVE ( 'NONE', #844, #997, #1052, .T. ) ;
#84 = VERTEX_POINT ( 'NONE', #598 ) ;
#85 = LINE ( 'NONE', #526, #524 ) ;
#86 = VECTOR ( 'NONE', #1480, 1000.000000000000000 ) ;
#87 = VECTOR ( 'NONE', #866, 1000.000000000000114 ) ;
#88 = ORIENTED_EDGE ( 'NONE', *, *, #1764, .F. ) ;
#89 = ORIENTED_EDGE ( 'NONE', *, *, #1655, .F. ) ;
#90 = VECTOR ( 'NONE', #1883, 1000.000000000000000 ) ;
#91 = EDGE_CURVE ( 'NONE', #1185, #111, #429, .T. ) ;
#92 = EDGE_CURVE ( 'NONE', #1798, #947, #1628, .T. ) ;
#93 = ORIENTED_EDGE ( 'NONE', *, *, #1857, .F. ) ;
#94 = LINE ( 'NONE', #1881, #828 ) ;
#95 = ORIENTED_EDGE ( 'NONE', *, *, #721, .T. ) ;
#96 = CARTESIAN_POINT ( 'NONE',  ( 0.000000000000000000, 1.800000000000000044, 0.000000000000000000 ) ) ;
#97 = EDGE_CURVE ( 'NONE', #1402, #1589, #1795, .T. ) ;
#98 = VERTEX_POINT ( 'NONE', #878 ) ;
#99 = ADVANCED_FACE ( 'NONE', ( #139 ), #1040, .T. ) ;
#100 = VECTOR ( 'NONE', #1496, 1000.000000000000000 ) ;
#101 = VECTOR ( 'NONE', #378, 1000.000000000000000 ) ;
#102 = ORIENTED_EDGE ( 'NONE', *, *, #1226, .T. ) ;
#103 = CARTESIAN_POINT ( 'NONE',  ( 1.450000000000000178, 0.8999999999999989120, 0.2999999999999999889 ) ) ;
#104 = ORIENTED_EDGE ( 'NONE', *, *, #935, .F. ) ;
#105 = VERTEX_POINT ( 'NONE', #890 ) ;
#106 = ORIENTED_EDGE ( 'NONE', *, *, #296, .F. ) ;
#107 = VECTOR ( 'NONE', #1474, 1000.000000000000000 ) ;
#108 = ORIENTED_EDGE ( 'NONE', *, *, #1361, .F. ) ;
#109 = DIRECTION ( 'NONE',  ( -0.08682659386424779191, -0.9924325091389669673, -0.08682659386424779191 ) ) ;
#110 = ORIENTED_EDGE ( 'NONE', *, *, #1598, .T. ) ;
#111 = VERTEX_POINT ( 'NONE', #1491 ) ;
#112 = VECTOR ( 'NONE', #349, 1000.000000000000000 ) ;
#113 = CARTESIAN_POINT ( 'NONE',  ( -1.439063917059259845, 0.7750000000000000222, 0.5999999999999999778 ) ) ;
#114 = DIRECTION ( 'NONE',  ( 1.000000000000000000, -0.000000000000000000, -0.000000000000000000 ) ) ;
#115 = CLOSED_SHELL ( 'NONE', ( #1164, #594, #1630, #494, #1904, #1205, #963, #1891, #1085, #1610, #1688, #1155, #1652, #1202, #48, #1713, #1884, #653, #1572 ) ) ;
#116 = EDGE_CURVE ( 'NONE', #1165, #288, #1305, .T. ) ;
#117 = PRESENTATION_STYLE_ASSIGNMENT (( #834 ) ) ;
#118 = ADVANCED_FACE ( 'NONE', ( #308 ), #903, .F. ) ;
#119 = VERTEX_POINT ( 'NONE', #612 ) ;
#120 = AXIS2_PLACEMENT_3D ( 'NONE', #174, #1819, #481 ) ;
#121 = LINE ( 'NONE', #1915, #271 ) ;
#122 = CARTESIAN_POINT ( 'NONE',  ( 1.475000000000000089, -1.355252715606880543E-16, 0.5999999999999999778 ) ) ;
#123 = ORIENTED_EDGE ( 'NONE', *, *, #1552, .T. ) ;
#124 = EDGE_CURVE ( 'NONE', #166, #1774, #1382, .T. ) ;
#125 = VERTEX_POINT ( 'NONE', #1822 ) ;
#126 = DIRECTION ( 'NONE',  ( 0.000000000000000000, 0.000000000000000000, 1.000000000000000000 ) ) ;
#127 = LINE ( 'NONE', #1150, #713 ) ;
#128 =( NAMED_UNIT ( * ) SI_UNIT ( $, .STERADIAN. ) SOLID_ANGLE_UNIT ( ) );
#129 = CARTESIAN_POINT ( 'NONE',  ( 0.000000000000000000, 0.000000000000000000, 0.000000000000000000 ) ) ;
#130 = VERTEX_POINT ( 'NONE', #623 ) ;
#131 = CARTESIAN_POINT ( 'NONE',  ( 1.475000000000000089, 0.7750000000000000222, 0.5999999999999999778 ) ) ;
#132 = CARTESIAN_POINT ( 'NONE',  ( -1.600000000000000533, 0.7749999999999999112, 0.5999999999999999778 ) ) ;
#133 = ORIENTED_EDGE ( 'NONE', *, *, #179, .T. ) ;
#134 = ORIENTED_EDGE ( 'NONE', *, *, #328, .F. ) ;
#135 = ORIENTED_EDGE ( 'NONE', *, *, #1225, .F. ) ;
#136 = DIRECTION ( 'NONE',  ( 0.08715574274765605645, 0.9961946980917456562, 0.000000000000000000 ) ) ;
#137 = CARTESIAN_POINT ( 'NONE',  ( 1.450000000000000844, 0.6750000000000009326, 0.2999999999999999889 ) ) ;
#138 = CARTESIAN_POINT ( 'NONE',  ( 1.600000000000000533, 0.7749999999999999112, 0.5999999999999999778 ) ) ;
#139 = FACE_OUTER_BOUND ( 'NONE', #1024, .T. ) ;
#140 = AXIS2_PLACEMENT_3D ( 'NONE', #1488, #877, #453 ) ;
#141 = EDGE_CURVE ( 'NONE', #1440, #233, #1275, .T. ) ;
#142 = LINE ( 'NONE', #402, #800 ) ;
#143 = DIRECTION ( 'NONE',  ( 0.000000000000000000, 1.000000000000000000, 0.000000000000000000 ) ) ;
#144 = VERTEX_POINT ( 'NONE', #1507 ) ;
#145 = LINE ( 'NONE', #1462, #959 ) ;
#146 = CARTESIAN_POINT ( 'NONE',  ( 1.439063917059259845, 0.7750000000000000222, 0.2999999999999999889 ) ) ;
#147 = EDGE_LOOP ( 'NONE', ( #1072, #1094, #449, #1738 ) ) ;
#148 = DIRECTION ( 'NONE',  ( 0.08715574274765605645, 0.9961946980917456562, 2.400169901976925392E-16 ) ) ;
#149 = AXIS2_PLACEMENT_3D ( 'NONE', #1842, #1247, #351 ) ;
#150 = DIRECTION ( 'NONE',  ( 0.000000000000000000, 0.08715574274765836016, 0.9961946980917455452 ) ) ;
#151 = CARTESIAN_POINT ( 'NONE',  ( 1.384820945673185699, 0.1550000000000001099, -0.8000000000000000444 ) ) ;
#152 = FACE_OUTER_BOUND ( 'NONE', #1864, .T. ) ;
#153 = ADVANCED_FACE ( 'NONE', ( #1207 ), #1097, .F. ) ;
#154 = ADVANCED_FACE ( 'NONE', ( #1811 ), #1058, .T. ) ;
#155 = FACE_OUTER_BOUND ( 'NONE', #1674, .T. ) ;
#156 = VERTEX_POINT ( 'NONE', #1391 ) ;
#157 = PLANE ( 'NONE',  #1542 ) ;
#158 = LINE ( 'NONE', #146, #1196 ) ;
#159 = PRESENTATION_STYLE_ASSIGNMENT (( #169 ) ) ;
#160 = EDGE_CURVE ( 'NONE', #321, #927, #1358, .T. ) ;
#161 = CARTESIAN_POINT ( 'NONE',  ( 1.475000000000000089, 0.7750000000000000222, 0.2999999999999999889 ) ) ;
#162 = CARTESIAN_POINT ( 'NONE',  ( 1.439063917059259845, 0.7750000000000000222, -0.2999999999999999334 ) ) ;
#163 = CARTESIAN_POINT ( 'NONE',  ( 1.439063917059259845, 0.7750000000000000222, 0.5999999999999999778 ) ) ;
#164 = VECTOR ( 'NONE', #608, 1000.000000000000114 ) ;
#165 = FACE_OUTER_BOUND ( 'NONE', #147, .T. ) ;
#166 = VERTEX_POINT ( 'NONE', #500 ) ;
#167 = DIRECTION ( 'NONE',  ( 0.000000000000000000, 1.000000000000000000, 0.000000000000000000 ) ) ;
#168 = DIRECTION ( 'NONE',  ( 1.000000000000000000, -0.000000000000000000, 0.000000000000000000 ) ) ;
#169 = SURFACE_STYLE_USAGE ( .BOTH. , #1048 ) ;
#170 = LINE ( 'NONE', #23, #730 ) ;
#171 = FACE_OUTER_BOUND ( 'NONE', #1105, .T. ) ;
#172 = ORIENTED_EDGE ( 'NONE', *, *, #1018, .F. ) ;
#173 = LINE ( 'NONE', #1344, #1840 ) ;
#174 = CARTESIAN_POINT ( 'NONE',  ( -1.475000000000000089, 0.7750000000000000222, -0.5999999999999999778 ) ) ;
#175 = ORIENTED_EDGE ( 'NONE', *, *, #1011, .T. ) ;
#176 = CARTESIAN_POINT ( 'NONE',  ( 1.600000000000000533, 0.7749999999999999112, 0.5999999999999999778 ) ) ;
#177 = CARTESIAN_POINT ( 'NONE',  ( -0.7400000000000002132, 0.1549999999999999434, -0.7348209456731865652 ) ) ;
#178 = DIRECTION ( 'NONE',  ( -0.000000000000000000, -0.000000000000000000, -1.000000000000000000 ) ) ;
#179 = EDGE_CURVE ( 'NONE', #1880, #1318, #778, .T. ) ;
#180 = CARTESIAN_POINT ( 'NONE',  ( 1.450000000000000178, 0.9000000000000000222, 0.8000000000000000444 ) ) ;
#181 = DIRECTION ( 'NONE',  ( 0.000000000000000000, -0.000000000000000000, -1.000000000000000000 ) ) ;
#182 = VECTOR ( 'NONE', #1530, 1000.000000000000000 ) ;
#183 = ORIENTED_EDGE ( 'NONE', *, *, #1912, .T. ) ;
#184 = LINE ( 'NONE', #1492, #1248 ) ;
#185 = LINE ( 'NONE', #632, #1931 ) ;
#186 = EDGE_CURVE ( 'NONE', #1033, #540, #917, .T. ) ;
#187 = ORIENTED_EDGE ( 'NONE', *, *, #1300, .T. ) ;
#188 = DIRECTION ( 'NONE',  ( 0.000000000000000000, 1.000000000000000000, 2.409338161078908548E-16 ) ) ;
#189 = FACE_OUTER_BOUND ( 'NONE', #1595, .T. ) ;
#190 = PRESENTATION_LAYER_ASSIGNMENT (  '', '', ( #501 ) ) ;
#191 = EDGE_CURVE ( 'NONE', #1563, #673, #55, .T. ) ;
#192 = VECTOR ( 'NONE', #1869, 1000.000000000000000 ) ;
#193 = LINE ( 'NONE', #521, #1142 ) ;
#194 = PLANE ( 'NONE',  #1878 ) ;
#195 = ORIENTED_EDGE ( 'NONE', *, *, #1623, .F. ) ;
#196 = CARTESIAN_POINT ( 'NONE',  ( -1.439063917059259845, 0.7750000000000000222, -0.5999999999999999778 ) ) ;
#197 = MANIFOLD_SOLID_BREP ( 'Combine1', #1559 ) ;
#198 = ORIENTED_EDGE ( 'NONE', *, *, #1689, .F. ) ;
#199 = AXIS2_PLACEMENT_3D ( 'NONE', #1000, #1182, #1779 ) ;
#200 = VECTOR ( 'NONE', #1562, 1000.000000000000114 ) ;
#201 = DIRECTION ( 'NONE',  ( 1.000000000000000000, 1.261050272669426566E-16, -1.103276029948504284E-17 ) ) ;
#202 = LINE ( 'NONE', #487, #1646 ) ;
#203 = ORIENTED_EDGE ( 'NONE', *, *, #423, .F. ) ;
#204 = ADVANCED_FACE ( 'NONE', ( #652 ), #7, .T. ) ;
#205 = ORIENTED_EDGE ( 'NONE', *, *, #869, .F. ) ;
#207 = CARTESIAN_POINT ( 'NONE',  ( 0.8000000000000002665, 0.1250000000000000555, 0.5999999999999999778 ) ) ;
#206 = MECHANICAL_DESIGN_GEOMETRIC_PRESENTATION_REPRESENTATION (  '', ( #1393 ), #13 ) ;
#208 = EDGE_CURVE ( 'NONE', #1696, #1759, #952, .T. ) ;
#209 = CIRCLE ( 'NONE', #1173, 0.1250000000000001110 ) ;
#210 = LINE ( 'NONE', #1690, #796 ) ;
#211 = CARTESIAN_POINT ( 'NONE',  ( -1.450000000000000178, 0.9000000000000000222, 0.8000000000000000444 ) ) ;
#212 = VERTEX_POINT ( 'NONE', #969 ) ;
#213 = VECTOR ( 'NONE', #431, 1000.000000000000000 ) ;
#214 = ORIENTED_EDGE ( 'NONE', *, *, #1598, .F. ) ;
#215 = PLANE ( 'NONE',  #775 ) ;
#216 = AXIS2_PLACEMENT_3D ( 'NONE', #1179, #733, #643 ) ;
#217 = CARTESIAN_POINT ( 'NONE',  ( -0.8000000000000002665, 0.1250000000000000555, 0.5999999999999999778 ) ) ;
#218 = ORIENTED_EDGE ( 'NONE', *, *, #812, .T. ) ;
#219 = DIRECTION ( 'NONE',  ( 1.000000000000000000, -3.614007241618361590E-16, -0.000000000000000000 ) ) ;
#220 = CYLINDRICAL_SURFACE ( 'NONE', #1599, 0.1250000000000001110 ) ;
#221 = ORIENTED_EDGE ( 'NONE', *, *, #1912, .F. ) ;
#222 = EDGE_CURVE ( 'NONE', #1589, #1153, #62, .T. ) ;
#223 = EDGE_CURVE ( 'NONE', #388, #968, #1412, .T. ) ;
#224 = CARTESIAN_POINT ( 'NONE',  ( -1.370260202826668383, 0.2571887426690085410, 0.7202602028266682499 ) ) ;
#225 = ORIENTED_EDGE ( 'NONE', *, *, #789, .F. ) ;
#226 = LINE ( 'NONE', #1565, #932 ) ;
#227 = ORIENTED_EDGE ( 'NONE', *, *, #1465, .T. ) ;
#228 = DIRECTION ( 'NONE',  ( -0.000000000000000000, -0.000000000000000000, -1.000000000000000000 ) ) ;
#229 = ORIENTED_EDGE ( 'NONE', *, *, #807, .F. ) ;
#230 = EDGE_LOOP ( 'NONE', ( #1846, #108, #1431, #1145, #1459, #205, #1288 ) ) ;
#231 = VECTOR ( 'NONE', #1626, 1000.000000000000000 ) ;
#232 = EDGE_CURVE ( 'NONE', #233, #130, #814, .T. ) ;
#233 = VERTEX_POINT ( 'NONE', #361 ) ;
#234 = VERTEX_POINT ( 'NONE', #394 ) ;
#235 =( GEOMETRIC_REPRESENTATION_CONTEXT ( 3 ) GLOBAL_UNCERTAINTY_ASSIGNED_CONTEXT ( ( #486 ) ) GLOBAL_UNIT_ASSIGNED_CONTEXT ( ( #44, #928, #1831 ) ) REPRESENTATION_CONTEXT ( 'NONE', 'WORKASPACE' ) );
#236 = EDGE_CURVE ( 'NONE', #1397, #1469, #511, .T. ) ;
#237 = ORIENTED_EDGE ( 'NONE', *, *, #1225, .T. ) ;
#238 = ADVANCED_FACE ( 'NONE', ( #1420 ), #675, .T. ) ;
#239 = FACE_OUTER_BOUND ( 'NONE', #1787, .T. ) ;
#240 = PRESENTATION_STYLE_ASSIGNMENT (( #861 ) ) ;
#241 = LINE ( 'NONE', #280, #1851 ) ;
#242 = COLOUR_RGB ( '',0.7921568627450980005, 0.8196078431372548767, 0.9333333333333333481 ) ;
#243 = EDGE_LOOP ( 'NONE', ( #1770, #1174, #1482, #571 ) ) ;
#244 = ORIENTED_EDGE ( 'NONE', *, *, #141, .F. ) ;
#245 = DIRECTION ( 'NONE',  ( -0.000000000000000000, 0.000000000000000000, 1.000000000000000000 ) ) ;
#246 = EDGE_LOOP ( 'NONE', ( #797, #1520, #1295, #981 ) ) ;
#247 = CARTESIAN_POINT ( 'NONE',  ( 1.475000000000000089, 0.9000000000000000222, 0.5999999999999999778 ) ) ;
#248 = ORIENTED_EDGE ( 'NONE', *, *, #1464, .T. ) ;
#249 = DIRECTION ( 'NONE',  ( 0.08682659386424779191, -0.9924325091389669673, 0.08682659386424779191 ) ) ;
#250 = VECTOR ( 'NONE', #451, 1000.000000000000000 ) ;
#251 = VERTEX_POINT ( 'NONE', #982 ) ;
#252 = ORIENTED_EDGE ( 'NONE', *, *, #812, .F. ) ;
#253 = CARTESIAN_POINT ( 'NONE',  ( 0.8000000000000002665, 0.1250000000000000555, -0.5999999999999999778 ) ) ;
#254 = EDGE_CURVE ( 'NONE', #111, #1886, #85, .T. ) ;
#255 = ORIENTED_EDGE ( 'NONE', *, *, #1475, .T. ) ;
#256 = FACE_OUTER_BOUND ( 'NONE', #1498, .T. ) ;
#257 = DIRECTION ( 'NONE',  ( 0.000000000000000000, 1.000000000000000000, 0.000000000000000000 ) ) ;
#258 = EDGE_CURVE ( 'NONE', #997, #819, #1581, .T. ) ;
#259 = ORIENTED_EDGE ( 'NONE', *, *, #208, .F. ) ;
#260 = ORIENTED_EDGE ( 'NONE', *, *, #1695, .F. ) ;
#261 = EDGE_CURVE ( 'NONE', #1321, #1868, #1129, .T. ) ;
#262 = DIRECTION ( 'NONE',  ( -0.9961946980917455452, 0.08715574274765836016, 0.000000000000000000 ) ) ;
#263 = DIRECTION ( 'NONE',  ( 0.000000000000000000, 1.000000000000000000, 4.336808689942009847E-16 ) ) ;
#264 = ORIENTED_EDGE ( 'NONE', *, *, #553, .F. ) ;
#265 = EDGE_LOOP ( 'NONE', ( #390, #6, #1273, #777 ) ) ;
#266 = ORIENTED_EDGE ( 'NONE', *, *, #615, .T. ) ;
#267 = VECTOR ( 'NONE', #1007, 1000.000000000000000 ) ;
#268 = CARTESIAN_POINT ( 'NONE',  ( 1.474999999999999867, 0.8999999999999989120, 0.2999999999999999889 ) ) ;
#269 = LINE ( 'NONE', #1432, #1281 ) ;
#270 = FILL_AREA_STYLE ('',( #840 ) ) ;
#271 = VECTOR ( 'NONE', #1478, 1000.000000000000000 ) ;
#272 = ORIENTED_EDGE ( 'NONE', *, *, #1361, .T. ) ;
#273 = ORIENTED_EDGE ( 'NONE', *, *, #1018, .T. ) ;
#274 = AXIS2_PLACEMENT_3D ( 'NONE', #1911, #839, #694 ) ;
#275 = DIRECTION ( 'NONE',  ( -0.000000000000000000, 1.000000000000000000, -0.000000000000000000 ) ) ;
#276 = ORIENTED_EDGE ( 'NONE', *, *, #987, .T. ) ;
#277 = EDGE_LOOP ( 'NONE', ( #93, #744, #1908, #720 ) ) ;
#278 = LINE ( 'NONE', #1634, #850 ) ;
#279 = CARTESIAN_POINT ( 'NONE',  ( -0.7400000000000002132, 0.000000000000000000, -0.7212602028266682508 ) ) ;
#280 = CARTESIAN_POINT ( 'NONE',  ( -0.9786144305904771468, 0.2571887426690085410, 0.7202602028266682499 ) ) ;
#281 = EDGE_CURVE ( 'NONE', #1589, #540, #1724, .T. ) ;
#282 = CARTESIAN_POINT ( 'NONE',  ( 1.475000000000000089, 0.7750000000000000222, 0.2999999999999999889 ) ) ;
#283 = VECTOR ( 'NONE', #1220, 1000.000000000000000 ) ;
#284 = CARTESIAN_POINT ( 'NONE',  ( -1.450000000000000178, 0.000000000000000000, 0.7212602028266682508 ) ) ;
#285 = LINE ( 'NONE', #867, #86 ) ;
#286 = DIRECTION ( 'NONE',  ( 1.505292348835243592E-16, 0.000000000000000000, 1.000000000000000000 ) ) ;
#287 = ORIENTED_EDGE ( 'NONE', *, *, #894, .F. ) ;
#288 = VERTEX_POINT ( 'NONE', #1280 ) ;
#289 = LINE ( 'NONE', #1309, #581 ) ;
#290 = LINE ( 'NONE', #907, #948 ) ;
#291 = CARTESIAN_POINT ( 'NONE',  ( -1.450000000000000178, 0.9000000000000000222, -0.8000000000000000444 ) ) ;
#292 = VECTOR ( 'NONE', #452, 1000.000000000000114 ) ;
#293 = CARTESIAN_POINT ( 'NONE',  ( -1.450000000000000178, 0.9000000000000000222, 0.8000000000000000444 ) ) ;
#294 = DIRECTION ( 'NONE',  ( 0.000000000000000000, -1.000000000000000000, 0.000000000000000000 ) ) ;
#295 = ADVANCED_FACE ( 'NONE', ( #661 ), #389, .T. ) ;
#296 = EDGE_CURVE ( 'NONE', #927, #523, #94, .T. ) ;
#297 = CARTESIAN_POINT ( 'NONE',  ( -1.450000000000000178, 0.9000000000000000222, 0.8000000000000000444 ) ) ;
#298 = VECTOR ( 'NONE', #377, 1000.000000000000000 ) ;
#299 = CYLINDRICAL_SURFACE ( 'NONE', #1533, 0.1250000000000001110 ) ;
#300 = CARTESIAN_POINT ( 'NONE',  ( 1.439063917059259845, 0.7750000000000000222, 0.5999999999999999778 ) ) ;
#301 = CARTESIAN_POINT ( 'NONE',  ( -1.475000000000000089, 5.421010862427522170E-17, -0.5999999999999999778 ) ) ;
#302 = EDGE_CURVE ( 'NONE', #645, #1606, #691, .T. ) ;
#303 = EDGE_CURVE ( 'NONE', #1117, #660, #545, .T. ) ;
#304 = ORIENTED_EDGE ( 'NONE', *, *, #232, .T. ) ;
#305 = VECTOR ( 'NONE', #1118, 1000.000000000000000 ) ;
#306 = DIRECTION ( 'NONE',  ( 1.000000000000000000, 0.000000000000000000, 0.000000000000000000 ) ) ;
#307 = CARTESIAN_POINT ( 'NONE',  ( 0.000000000000000000, 1.750000000000000000, 0.000000000000000000 ) ) ;
#308 = FACE_OUTER_BOUND ( 'NONE', #851, .T. ) ;
#309 = DIRECTION ( 'NONE',  ( 1.000000000000000000, 0.000000000000000000, 0.000000000000000000 ) ) ;
#310 = CARTESIAN_POINT ( 'NONE',  ( -1.475000000000000089, 0.7750000000000000222, 0.5999999999999999778 ) ) ;
#311 = VERTEX_POINT ( 'NONE', #798 ) ;
#312 = LINE ( 'NONE', #1359, #3 ) ;
#313 = VERTEX_POINT ( 'NONE', #207 ) ;
#314 = CARTESIAN_POINT ( 'NONE',  ( -1.475000000000000089, 0.7750000000000000222, 0.5999999999999999778 ) ) ;
#315 = DIRECTION ( 'NONE',  ( -1.000000000000000000, 0.000000000000000000, 0.000000000000000000 ) ) ;
#316 = DIRECTION ( 'NONE',  ( -1.000000000000000000, 0.000000000000000000, 0.000000000000000000 ) ) ;
#317 = EDGE_LOOP ( 'NONE', ( #535, #1714, #417, #1656 ) ) ;
#318 = DIRECTION ( 'NONE',  ( 3.614007241618361590E-16, -1.000000000000000000, -0.000000000000000000 ) ) ;
#319 = DIRECTION ( 'NONE',  ( 1.505292348835243592E-16, 0.000000000000000000, 1.000000000000000000 ) ) ;
#320 = PRESENTATION_LAYER_ASSIGNMENT (  '', '', ( #912 ) ) ;
#321 = VERTEX_POINT ( 'NONE', #1108 ) ;
#322 = VERTEX_POINT ( 'NONE', #1706 ) ;
#323 = PLANE ( 'NONE',  #911 ) ;
#324 = EDGE_CURVE ( 'NONE', #1268, #1830, #962, .T. ) ;
#325 = LINE ( 'NONE', #899, #1446 ) ;
#326 = CARTESIAN_POINT ( 'NONE',  ( 1.439063917059259845, 0.7750000000000000222, 0.5999999999999999778 ) ) ;
#327 = DIRECTION ( 'NONE',  ( 0.000000000000000000, -0.000000000000000000, -1.000000000000000000 ) ) ;
#328 = EDGE_CURVE ( 'NONE', #1591, #1880, #1111, .T. ) ;
#329 = EDGE_CURVE ( 'NONE', #1759, #1101, #838, .T. ) ;
#330 = VERTEX_POINT ( 'NONE', #122 ) ;
#331 = PLANE ( 'NONE',  #965 ) ;
#332 = CARTESIAN_POINT ( 'NONE',  ( -1.450000000000000178, 0.9000000000000000222, 0.5999999999999999778 ) ) ;
#333 = AXIS2_PLACEMENT_3D ( 'NONE', #972, #801, #1400 ) ;
#334 = ORIENTED_EDGE ( 'NONE', *, *, #1319, .T. ) ;
#335 = SURFACE_SIDE_STYLE ('',( #1697 ) ) ;
#336 = PLANE ( 'NONE',  #73 ) ;
#337 = DIRECTION ( 'NONE',  ( -1.505292348835243592E-16, 0.000000000000000000, -1.000000000000000000 ) ) ;
#338 = FACE_OUTER_BOUND ( 'NONE', #690, .T. ) ;
#339 = CARTESIAN_POINT ( 'NONE',  ( -1.475000000000000089, 0.6749999999999998224, -0.2999999999999999889 ) ) ;
#340 = ORIENTED_EDGE ( 'NONE', *, *, #721, .F. ) ;
#341 = CARTESIAN_POINT ( 'NONE',  ( 1.450000000000000622, 0.9000000000000000222, 0.2999999999999999889 ) ) ;
#342 = CARTESIAN_POINT ( 'NONE',  ( -1.439063917059259845, 0.7750000000000000222, 0.5999999999999999778 ) ) ;
#343 = EDGE_LOOP ( 'NONE', ( #102, #367, #1292, #134 ) ) ;
#344 = DIRECTION ( 'NONE',  ( 0.000000000000000000, 1.000000000000000000, 0.000000000000000000 ) ) ;
#345 = AXIS2_PLACEMENT_3D ( 'NONE', #1481, #1785, #319 ) ;
#346 = CARTESIAN_POINT ( 'NONE',  ( -1.475000000000000089, 0.1250000000000001110, 0.5999999999999999778 ) ) ;
#347 = DIRECTION ( 'NONE',  ( -0.000000000000000000, -0.000000000000000000, -1.000000000000000000 ) ) ;
#348 = ORIENTED_EDGE ( 'NONE', *, *, #1439, .T. ) ;
#349 = DIRECTION ( 'NONE',  ( -1.000000000000000000, -3.614007241618361590E-16, 0.000000000000000000 ) ) ;
#350 = EDGE_LOOP ( 'NONE', ( #69, #1765, #510, #473 ) ) ;
#351 = DIRECTION ( 'NONE',  ( 1.505292348835243592E-16, 0.000000000000000000, 1.000000000000000000 ) ) ;
#352 = VECTOR ( 'NONE', #1183, 1000.000000000000000 ) ;
#353 = VECTOR ( 'NONE', #1395, 1000.000000000000000 ) ;
#354 = LINE ( 'NONE', #1383, #1377 ) ;
#355 = APPLICATION_PROTOCOL_DEFINITION ( 'draft international standard', 'automotive_design', 1998, #1808 ) ;
#356 = LINE ( 'NONE', #1825, #57 ) ;
#357 = LINE ( 'NONE', #224, #1786 ) ;
#358 = ORIENTED_EDGE ( 'NONE', *, *, #960, .T. ) ;
#359 = ORIENTED_EDGE ( 'NONE', *, *, #1120, .F. ) ;
#360 = EDGE_LOOP ( 'NONE', ( #1703, #499, #715, #104 ) ) ;
#361 = CARTESIAN_POINT ( 'NONE',  ( -1.600000000000000533, 0.1250000000000000278, 0.5999999999999999778 ) ) ;
#362 = DIRECTION ( 'NONE',  ( 8.031127203596330602E-17, -1.000000000000000000, 0.000000000000000000 ) ) ;
#363 = EDGE_CURVE ( 'NONE', #961, #9, #584, .T. ) ;
#364 = VECTOR ( 'NONE', #1013, 1000.000000000000000 ) ;
#365 = DIRECTION ( 'NONE',  ( 1.000000000000000000, -3.614007241618361590E-16, -0.000000000000000000 ) ) ;
#366 = LINE ( 'NONE', #802, #443 ) ;
#367 = ORIENTED_EDGE ( 'NONE', *, *, #745, .F. ) ;
#368 = VECTOR ( 'NONE', #275, 1000.000000000000000 ) ;
#369 = VECTOR ( 'NONE', #853, 1000.000000000000000 ) ;
#370 = VERTEX_POINT ( 'NONE', #1746 ) ;
#371 = CARTESIAN_POINT ( 'NONE',  ( -1.450000000000000178, 0.9000000000000000222, -0.5999999999999999778 ) ) ;
#372 = EDGE_CURVE ( 'NONE', #1034, #523, #410, .T. ) ;
#373 = EDGE_CURVE ( 'NONE', #251, #673, #1315, .T. ) ;
#374 = DIRECTION ( 'NONE',  ( -1.000000000000000000, 0.000000000000000000, 0.000000000000000000 ) ) ;
#375 = DIRECTION ( 'NONE',  ( 1.000000000000000000, 0.000000000000000000, 0.000000000000000000 ) ) ;
#376 = VECTOR ( 'NONE', #201, 1000.000000000000000 ) ;
#377 = DIRECTION ( 'NONE',  ( 0.000000000000000000, -1.000000000000000000, 0.000000000000000000 ) ) ;
#378 = DIRECTION ( 'NONE',  ( -0.000000000000000000, -0.000000000000000000, -1.000000000000000000 ) ) ;
#379 = ORIENTED_EDGE ( 'NONE', *, *, #372, .T. ) ;
#380 = EDGE_LOOP ( 'NONE', ( #218, #885, #601, #1827 ) ) ;
#381 = FACE_OUTER_BOUND ( 'NONE', #1434, .T. ) ;
#382 = EDGE_CURVE ( 'NONE', #1463, #43, #1306, .T. ) ;
#383 = ORIENTED_EDGE ( 'NONE', *, *, #808, .F. ) ;
#384 = DIRECTION ( 'NONE',  ( 1.000000000000000000, 0.000000000000000000, 0.000000000000000000 ) ) ;
#385 = ORIENTED_EDGE ( 'NONE', *, *, #1743, .F. ) ;
#386 = EDGE_CURVE ( 'NONE', #895, #1440, #846, .T. ) ;
#387 = EDGE_CURVE ( 'NONE', #144, #1606, #285, .T. ) ;
#388 = VERTEX_POINT ( 'NONE', #103 ) ;
#389 = PLANE ( 'NONE',  #1526 ) ;
#390 = ORIENTED_EDGE ( 'NONE', *, *, #281, .T. ) ;
#391 = AXIS2_PLACEMENT_3D ( 'NONE', #750, #1661, #315 ) ;
#392 = CARTESIAN_POINT ( 'NONE',  ( 1.475000000000000089, 0.6749999999999998224, 0.2999999999999999889 ) ) ;
#393 = ORIENTED_EDGE ( 'NONE', *, *, #1717, .F. ) ;
#394 = CARTESIAN_POINT ( 'NONE',  ( -0.9786144305904773688, 1.800000000000000044, -0.7202602028266682499 ) ) ;
#395 = AXIS2_PLACEMENT_3D ( 'NONE', #1503, #649, #1537 ) ;
#396 = CARTESIAN_POINT ( 'NONE',  ( -1.370260202826668383, 1.800000000000000044, 0.7202602028266682499 ) ) ;
#397 = DIRECTION ( 'NONE',  ( 0.000000000000000000, 0.000000000000000000, -1.000000000000000000 ) ) ;
#398 = ORIENTED_EDGE ( 'NONE', *, *, #1476, .T. ) ;
#399 = EDGE_CURVE ( 'NONE', #1034, #313, #142, .T. ) ;
#400 = ADVANCED_FACE ( 'NONE', ( #1449 ), #1468, .T. ) ;
#401 = ORIENTED_EDGE ( 'NONE', *, *, #1442, .F. ) ;
#402 = CARTESIAN_POINT ( 'NONE',  ( 1.475000000000000089, 0.1250000000000001110, 0.5999999999999999778 ) ) ;
#403 = ORIENTED_EDGE ( 'NONE', *, *, #1037, .T. ) ;
#404 = DIRECTION ( 'NONE',  ( 1.505292348835243592E-16, -0.000000000000000000, 1.000000000000000000 ) ) ;
#405 = DIRECTION ( 'NONE',  ( 1.000000000000000000, 0.000000000000000000, 0.000000000000000000 ) ) ;
#406 = VERTEX_POINT ( 'NONE', #253 ) ;
#407 = SURFACE_SIDE_STYLE ('',( #1473 ) ) ;
#408 = VECTOR ( 'NONE', #1251, 1000.000000000000000 ) ;
#409 = VERTEX_POINT ( 'NONE', #1157 ) ;
#410 = LINE ( 'NONE', #707, #213 ) ;
#411 = ORIENTED_EDGE ( 'NONE', *, *, #942, .T. ) ;
#412 = VERTEX_POINT ( 'NONE', #1754 ) ;
#413 = DIRECTION ( 'NONE',  ( -0.000000000000000000, 1.000000000000000000, -0.000000000000000000 ) ) ;
#414 = ORIENTED_EDGE ( 'NONE', *, *, #1226, .F. ) ;
#415 = EDGE_LOOP ( 'NONE', ( #1466, #1065, #1135, #989 ) ) ;
#416 = LINE ( 'NONE', #1616, #1329 ) ;
#417 = ORIENTED_EDGE ( 'NONE', *, *, #1509, .F. ) ;
#418 = VECTOR ( 'NONE', #1499, 1000.000000000000000 ) ;
#419 = ORIENTED_EDGE ( 'NONE', *, *, #891, .T. ) ;
#420 = VECTOR ( 'NONE', #1730, 1000.000000000000000 ) ;
#421 = CARTESIAN_POINT ( 'NONE',  ( 0.7399999999999999911, 0.9000000000000000222, -0.8000000000000000444 ) ) ;
#422 = PLANE ( 'NONE',  #1461 ) ;
#423 = EDGE_CURVE ( 'NONE', #1483, #234, #732, .T. ) ;
#424 =( NAMED_UNIT ( * ) PLANE_ANGLE_UNIT ( ) SI_UNIT ( $, .RADIAN. ) );
#425 = VECTOR ( 'NONE', #1658, 1000.000000000000000 ) ;
#426 = CARTESIAN_POINT ( 'NONE',  ( -1.370260202826668605, 1.750000000000000000, -0.7202602028266682499 ) ) ;
#427 = DIRECTION ( 'NONE',  ( 1.505292348835243592E-16, 0.000000000000000000, 1.000000000000000000 ) ) ;
#428 = VECTOR ( 'NONE', #519, 1000.000000000000000 ) ;
#429 = LINE ( 'NONE', #1783, #1022 ) ;
#430 = PRODUCT ( 'AVX-TAJ-JN-A', 'AVX-TAJ-JN-A', '', ( #680 ) ) ;
#431 = DIRECTION ( 'NONE',  ( -0.000000000000000000, -0.000000000000000000, -1.000000000000000000 ) ) ;
#432 = ORIENTED_EDGE ( 'NONE', *, *, #1138, .T. ) ;
#433 = CARTESIAN_POINT ( 'NONE',  ( 1.475000000000000089, 0.7750000000000000222, -0.2999999999999999334 ) ) ;
#434 = ORIENTED_EDGE ( 'NONE', *, *, #1421, .F. ) ;
#435 = ORIENTED_EDGE ( 'NONE', *, *, #26, .T. ) ;
#436 = LINE ( 'NONE', #848, #1700 ) ;
#437 = CARTESIAN_POINT ( 'NONE',  ( 1.450000000000000178, 0.9000000000000000222, 0.8000000000000000444 ) ) ;
#438 = ADVANCED_FACE ( 'NONE', ( #1603 ), #1021, .F. ) ;
#439 = ADVANCED_FACE ( 'NONE', ( #1907 ), #1190, .F. ) ;
#440 = CARTESIAN_POINT ( 'NONE',  ( -0.7400000000000002132, 0.1550000000000000266, -0.8000000000000000444 ) ) ;
#441 = DIRECTION ( 'NONE',  ( -0.000000000000000000, 1.000000000000000000, -0.000000000000000000 ) ) ;
#442 = VECTOR ( 'NONE', #1823, 1000.000000000000000 ) ;
#443 = VECTOR ( 'NONE', #67, 1000.000000000000000 ) ;
#444 = EDGE_CURVE ( 'NONE', #1165, #1411, #416, .T. ) ;
#445 = CARTESIAN_POINT ( 'NONE',  ( -1.370260202826668383, 1.750000000000000000, 0.7202602028266682499 ) ) ;
#446 = DIRECTION ( 'NONE',  ( 0.000000000000000000, -0.000000000000000000, -1.000000000000000000 ) ) ;
#447 = ADVANCED_FACE ( 'NONE', ( #723 ), #1320, .F. ) ;
#448 = DIRECTION ( 'NONE',  ( -1.000000000000000000, -3.614007241618361590E-16, 0.000000000000000000 ) ) ;
#449 = ORIENTED_EDGE ( 'NONE', *, *, #1832, .F. ) ;
#450 = LINE ( 'NONE', #1596, #1418 ) ;
#451 = DIRECTION ( 'NONE',  ( -1.000000000000000000, -0.000000000000000000, -0.000000000000000000 ) ) ;
#452 = DIRECTION ( 'NONE',  ( -0.08715574274765605645, 0.9961946980917456562, 2.400169901976925392E-16 ) ) ;
#453 = DIRECTION ( 'NONE',  ( -0.08715574274765605645, 0.9961946980917456562, 0.000000000000000000 ) ) ;
#454 = CARTESIAN_POINT ( 'NONE',  ( 1.600000000000000533, 0.7749999999999999112, 0.5999999999999999778 ) ) ;
#455 = DIRECTION ( 'NONE',  ( -0.08715574274765836016, -0.9961946980917455452, 0.000000000000000000 ) ) ;
#456 = VECTOR ( 'NONE', #441, 1000.000000000000000 ) ;
#457 = CARTESIAN_POINT ( 'NONE',  ( 0.7400000000000002132, 0.1550000000000000266, 0.7348209456731865652 ) ) ;
#458 = DIRECTION ( 'NONE',  ( 0.000000000000000000, -0.000000000000000000, -1.000000000000000000 ) ) ;
#459 = EDGE_LOOP ( 'NONE', ( #544, #403, #276, #825 ) ) ;
#460 = CARTESIAN_POINT ( 'NONE',  ( -1.600000000000000533, 0.7749999999999999112, 0.5999999999999999778 ) ) ;
#461 = LINE ( 'NONE', #1373, #283 ) ;
#462 = AXIS2_PLACEMENT_3D ( 'NONE', #879, #717, #263 ) ;
#463 = CARTESIAN_POINT ( 'NONE',  ( -1.600000000000000533, 0.7749999999999999112, 0.5999999999999999778 ) ) ;
#464 = COLOUR_RGB ( '',1.000000000000000000, 0.7058823529411764053, 0.2352941176470588203 ) ;
#465 = FACE_OUTER_BOUND ( 'NONE', #277, .T. ) ;
#466 = DIRECTION ( 'NONE',  ( -0.08682659386424779191, 0.9924325091389669673, 0.08682659386424779191 ) ) ;
#467 = MECHANICAL_DESIGN_GEOMETRIC_PRESENTATION_REPRESENTATION (  '', ( #501 ), #1116 ) ;
#468 = EDGE_CURVE ( 'NONE', #76, #1664, #1438, .T. ) ;
#469 = CARTESIAN_POINT ( 'NONE',  ( -0.7400000000000002132, 0.1549999999999999434, 0.7348209456731865652 ) ) ;
#470 = VECTOR ( 'NONE', #561, 1000.000000000000000 ) ;
#471 = CARTESIAN_POINT ( 'NONE',  ( -1.450000000000000178, 0.9000000000000000222, -0.8000000000000000444 ) ) ;
#472 = ORIENTED_EDGE ( 'NONE', *, *, #281, .F. ) ;
#473 = ORIENTED_EDGE ( 'NONE', *, *, #468, .T. ) ;
#474 = DIRECTION ( 'NONE',  ( 1.000000000000000000, 0.000000000000000000, 0.000000000000000000 ) ) ;
#475 = CARTESIAN_POINT ( 'NONE',  ( 1.475000000000000089, 0.9000000000000000222, -0.5999999999999999778 ) ) ;
#476 = LINE ( 'NONE', #1186, #292 ) ;
#477 = ADVANCED_FACE ( 'NONE', ( #1893 ), #1204, .F. ) ;
#478 = DIRECTION ( 'NONE',  ( 0.000000000000000000, -1.000000000000000000, 0.000000000000000000 ) ) ;
#479 = LINE ( 'NONE', #1673, #1728 ) ;
#480 = FACE_OUTER_BOUND ( 'NONE', #550, .T. ) ;
#481 = DIRECTION ( 'NONE',  ( -1.000000000000000000, 0.000000000000000000, 0.000000000000000000 ) ) ;
#482 = ORIENTED_EDGE ( 'NONE', *, *, #772, .F. ) ;
#483 = SURFACE_STYLE_USAGE ( .BOTH. , #335 ) ;
#484 = CARTESIAN_POINT ( 'NONE',  ( -1.450000000000000178, 0.9000000000000000222, 0.8000000000000000444 ) ) ;
#485 = CARTESIAN_POINT ( 'NONE',  ( -0.9786144305904773688, 1.750000000000000000, -0.7202602028266682499 ) ) ;
#486 = UNCERTAINTY_MEASURE_WITH_UNIT (LENGTH_MEASURE( 1.000000000000000082E-05 ), #44, 'distance_accuracy_value', 'NONE');
#487 = CARTESIAN_POINT ( 'NONE',  ( 1.439063917059259845, 0.7750000000000000222, 0.2999999999999999889 ) ) ;
#488 = DIRECTION ( 'NONE',  ( -1.000000000000000000, -1.261050272669426566E-16, -1.103276029948504284E-17 ) ) ;
#489 = PLANE ( 'NONE',  #1805 ) ;
#490 = LINE ( 'NONE', #1685, #1093 ) ;
#491 = VECTOR ( 'NONE', #888, 1000.000000000000000 ) ;
#492 = ORIENTED_EDGE ( 'NONE', *, *, #1486, .F. ) ;
#493 = DIRECTION ( 'NONE',  ( -0.000000000000000000, -0.000000000000000000, -1.000000000000000000 ) ) ;
#494 = ADVANCED_FACE ( 'NONE', ( #480 ), #489, .F. ) ;
#495 = LINE ( 'NONE', #1082, #1294 ) ;
#496 = LINE ( 'NONE', #211, #200 ) ;
#497 = AXIS2_PLACEMENT_3D ( 'NONE', #1839, #937, #1653 ) ;
#498 = CARTESIAN_POINT ( 'NONE',  ( 1.450000000000000622, 0.9000000000000000222, -0.2999999999999999334 ) ) ;
#499 = ORIENTED_EDGE ( 'NONE', *, *, #654, .F. ) ;
#500 = CARTESIAN_POINT ( 'NONE',  ( -1.600000000000000755, 0.6749999999999998224, 0.2999999999999999889 ) ) ;
#501 = STYLED_ITEM ( 'NONE', ( #240 ), #1663 ) ;
#502 = DIRECTION ( 'NONE',  ( -1.000000000000000000, 0.000000000000000000, 0.000000000000000000 ) ) ;
#503 = EDGE_CURVE ( 'NONE', #1044, #1726, #1583, .T. ) ;
#504 = EDGE_CURVE ( 'NONE', #677, #1774, #173, .T. ) ;
#505 = CARTESIAN_POINT ( 'NONE',  ( -1.384820945673185699, 0.1550000000000001099, 0.7348209456731865652 ) ) ;
#506 = CARTESIAN_POINT ( 'NONE',  ( -0.8000000000000002665, 0.1250000000000000555, 0.5999999999999999778 ) ) ;
#507 = ORIENTED_EDGE ( 'NONE', *, *, #191, .T. ) ;
#508 = ORIENTED_EDGE ( 'NONE', *, *, #1339, .F. ) ;
#509 = EDGE_CURVE ( 'NONE', #520, #895, #184, .T. ) ;
#510 = ORIENTED_EDGE ( 'NONE', *, *, #1698, .F. ) ;
#511 = LINE ( 'NONE', #371, #852 ) ;
#512 = AXIS2_PLACEMENT_3D ( 'NONE', #426, #397, #695 ) ;
#513 = CARTESIAN_POINT ( 'NONE',  ( -1.475000000000000089, 0.1250000000000001110, -0.5999999999999999778 ) ) ;
#514 = PRESENTATION_STYLE_ASSIGNMENT (( #1709 ) ) ;
#515 = LINE ( 'NONE', #1544, #353 ) ;
#516 = ORIENTED_EDGE ( 'NONE', *, *, #509, .T. ) ;
#517 = EDGE_LOOP ( 'NONE', ( #1920, #1470, #816, #563 ) ) ;
#518 = DIRECTION ( 'NONE',  ( 0.08682659386424779191, 0.9924325091389669673, 0.08682659386424779191 ) ) ;
#519 = DIRECTION ( 'NONE',  ( 1.000000000000000000, -8.031127203596330602E-17, 0.000000000000000000 ) ) ;
#520 = VERTEX_POINT ( 'NONE', #1227 ) ;
#521 = CARTESIAN_POINT ( 'NONE',  ( -1.475000000000000089, 0.6749999999999998224, 0.5999999999999999778 ) ) ;
#522 = CARTESIAN_POINT ( 'NONE',  ( -1.600000000000000533, 0.7749999999999999112, -0.5999999999999999778 ) ) ;
#523 = VERTEX_POINT ( 'NONE', #1076 ) ;
#524 = VECTOR ( 'NONE', #536, 1000.000000000000000 ) ;
#525 = ADVANCED_FACE ( 'NONE', ( #1238 ), #619, .F. ) ;
#526 = CARTESIAN_POINT ( 'NONE',  ( -1.475000000000000089, 0.7750000000000000222, 0.5999999999999999778 ) ) ;
#527 = ORIENTED_EDGE ( 'NONE', *, *, #1734, .F. ) ;
#528 = CARTESIAN_POINT ( 'NONE',  ( -1.475000000000000089, -1.355252715606880543E-16, -0.5999999999999999778 ) ) ;
#529 = EDGE_LOOP ( 'NONE', ( #1744, #272, #1137, #1140, #701, #385, #187, #95 ) ) ;
#530 = AXIS2_PLACEMENT_3D ( 'NONE', #1261, #1109, #374 ) ;
#531 = EDGE_CURVE ( 'NONE', #212, #831, #1675, .T. ) ;
#532 = CARTESIAN_POINT ( 'NONE',  ( 0.7400000000000002132, 0.1550000000000000266, -0.8000000000000000444 ) ) ;
#533 = EDGE_CURVE ( 'NONE', #1469, #105, #1517, .T. ) ;
#534 = ORIENTED_EDGE ( 'NONE', *, *, #49, .T. ) ;
#535 = ORIENTED_EDGE ( 'NONE', *, *, #748, .T. ) ;
#536 = DIRECTION ( 'NONE',  ( 0.000000000000000000, -0.000000000000000000, -1.000000000000000000 ) ) ;
#537 = ORIENTED_EDGE ( 'NONE', *, *, #302, .F. ) ;
#538 = LINE ( 'NONE', #1422, #1873 ) ;
#539 = VECTOR ( 'NONE', #1236, 1000.000000000000000 ) ;
#540 = VERTEX_POINT ( 'NONE', #469 ) ;
#541 = SURFACE_STYLE_FILL_AREA ( #270 ) ;
#542 = CARTESIAN_POINT ( 'NONE',  ( -1.371260202826668273, 1.800000000000000044, 0.7212602028266682508 ) ) ;
#543 = EDGE_LOOP ( 'NONE', ( #287, #135, #589, #1028, #868, #482, #472, #1731 ) ) ;
#544 = ORIENTED_EDGE ( 'NONE', *, *, #1623, .T. ) ;
#545 = LINE ( 'NONE', #1141, #1866 ) ;
#546 = VECTOR ( 'NONE', #749, 1000.000000000000000 ) ;
#547 = VERTEX_POINT ( 'NONE', #1818 ) ;
#548 = CARTESIAN_POINT ( 'NONE',  ( -1.370260202826668383, 1.800000000000000044, 0.7202602028266682499 ) ) ;
#549 = APPLICATION_PROTOCOL_DEFINITION ( 'draft international standard', 'automotive_design', 1998, #946 ) ;
#550 = EDGE_LOOP ( 'NONE', ( #1810, #227, #1539, #1381 ) ) ;
#551 = AXIS2_PLACEMENT_3D ( 'NONE', #638, #909, #1050 ) ;
#552 = CARTESIAN_POINT ( 'NONE',  ( 1.450000000000000178, 0.9000000000000000222, 0.8000000000000000444 ) ) ;
#553 = EDGE_CURVE ( 'NONE', #1033, #1153, #753, .T. ) ;
#554 = ORIENTED_EDGE ( 'NONE', *, *, #615, .F. ) ;
#555 = VECTOR ( 'NONE', #665, 1000.000000000000000 ) ;
#556 = ORIENTED_EDGE ( 'NONE', *, *, #678, .T. ) ;
#557 = CARTESIAN_POINT ( 'NONE',  ( 1.475000000000000089, 0.6749999999999998224, 0.5999999999999999778 ) ) ;
#558 = AXIS2_PLACEMENT_3D ( 'NONE', #341, #1548, #1095 ) ;
#559 = ORIENTED_EDGE ( 'NONE', *, *, #40, .F. ) ;
#560 = DIRECTION ( 'NONE',  ( 0.000000000000000000, 1.000000000000000000, 0.000000000000000000 ) ) ;
#561 = DIRECTION ( 'NONE',  ( 0.000000000000000000, -1.000000000000000000, 0.000000000000000000 ) ) ;
#562 = FILL_AREA_STYLE ('',( #1443 ) ) ;
#563 = ORIENTED_EDGE ( 'NONE', *, *, #1476, .F. ) ;
#564 = CARTESIAN_POINT ( 'NONE',  ( -1.450000000000000178, 0.9000000000000000222, 0.5999999999999999778 ) ) ;
#565 = CARTESIAN_POINT ( 'NONE',  ( -1.437937828156692799, 1.037871255053896657, -0.7879378281566928877 ) ) ;
#566 = VERTEX_POINT ( 'NONE', #1807 ) ;
#567 = CARTESIAN_POINT ( 'NONE',  ( -0.8000000000000002665, 5.421010862427522170E-17, 0.5999999999999999778 ) ) ;
#568 = CARTESIAN_POINT ( 'NONE',  ( -1.450000000000000178, 0.9000000000000000222, 0.8000000000000000444 ) ) ;
#569 = EDGE_LOOP ( 'NONE', ( #1099, #773, #688, #54 ) ) ;
#570 = VECTOR ( 'NONE', #741, 1000.000000000000000 ) ;
#571 = ORIENTED_EDGE ( 'NONE', *, *, #967, .F. ) ;
#572 = ADVANCED_FACE ( 'NONE', ( #761 ), #1640, .T. ) ;
#573 = DIRECTION ( 'NONE',  ( -0.000000000000000000, -0.000000000000000000, -1.000000000000000000 ) ) ;
#574 = EDGE_CURVE ( 'NONE', #18, #1131, #1525, .T. ) ;
#575 = DIRECTION ( 'NONE',  ( 0.000000000000000000, 1.000000000000000000, 0.000000000000000000 ) ) ;
#576 = VERTEX_POINT ( 'NONE', #457 ) ;
#577 = CARTESIAN_POINT ( 'NONE',  ( -1.450000000000000178, 0.8999999999999989120, -0.2999999999999999334 ) ) ;
#578 = CARTESIAN_POINT ( 'NONE',  ( -1.370260202826668383, 1.750000000000000000, 0.7202602028266682499 ) ) ;
#579 = VECTOR ( 'NONE', #1636, 1000.000000000000000 ) ;
#580 = ORIENTED_EDGE ( 'NONE', *, *, #116, .F. ) ;
#581 = VECTOR ( 'NONE', #413, 1000.000000000000000 ) ;
#582 = VERTEX_POINT ( 'NONE', #1354 ) ;
#583 = CARTESIAN_POINT ( 'NONE',  ( -1.600000000000000533, 0.7750000000000001332, -0.2999999999999999334 ) ) ;
#584 = LINE ( 'NONE', #565, #1424 ) ;
#585 = EDGE_CURVE ( 'NONE', #1185, #1411, #1379, .T. ) ;
#586 = EDGE_LOOP ( 'NONE', ( #1265, #1763, #1291, #871, #559, #1578, #795, #719 ) ) ;
#587 = ADVANCED_FACE ( 'NONE', ( #152 ), #774, .F. ) ;
#588 = CYLINDRICAL_SURFACE ( 'NONE', #216, 0.1250000000000001110 ) ;
#589 = ORIENTED_EDGE ( 'NONE', *, *, #303, .T. ) ;
#590 = ORIENTED_EDGE ( 'NONE', *, *, #748, .F. ) ;
#591 = PLANE ( 'NONE',  #199 ) ;
#592 = LINE ( 'NONE', #1669, #1162 ) ;
#593 = FACE_OUTER_BOUND ( 'NONE', #265, .T. ) ;
#594 = ADVANCED_FACE ( 'NONE', ( #1087 ), #331, .F. ) ;
#595 = CARTESIAN_POINT ( 'NONE',  ( -1.475000000000000089, 0.1250000000000001110, 0.5999999999999999778 ) ) ;
#596 = ADVANCED_FACE ( 'NONE', ( #630 ), #925, .F. ) ;
#597 = VECTOR ( 'NONE', #458, 1000.000000000000000 ) ;
#598 = CARTESIAN_POINT ( 'NONE',  ( 1.600000000000000533, 0.7749999999999999112, 0.2999999999999999889 ) ) ;
#599 = DIRECTION ( 'NONE',  ( 0.000000000000000000, 0.000000000000000000, 1.000000000000000000 ) ) ;
#600 = DIRECTION ( 'NONE',  ( 0.000000000000000000, 0.08715574274765836016, -0.9961946980917455452 ) ) ;
#601 = ORIENTED_EDGE ( 'NONE', *, *, #1266, .F. ) ;
#602 = ORIENTED_EDGE ( 'NONE', *, *, #704, .T. ) ;
#603 = CARTESIAN_POINT ( 'NONE',  ( -0.8000000000000002665, 0.1250000000000000555, -0.5999999999999999778 ) ) ;
#604 = CARTESIAN_POINT ( 'NONE',  ( -1.370260202826668605, 1.800000000000000044, -0.7202602028266682499 ) ) ;
#605 = ORIENTED_EDGE ( 'NONE', *, *, #261, .T. ) ;
#606 = LINE ( 'NONE', #463, #1360 ) ;
#607 = CARTESIAN_POINT ( 'NONE',  ( -1.370260202826668605, 1.800000000000000044, -0.7202602028266682499 ) ) ;
#608 = DIRECTION ( 'NONE',  ( -0.08715574274765605645, -0.9961946980917456562, -0.000000000000000000 ) ) ;
#609 = DIRECTION ( 'NONE',  ( -1.000000000000000000, 0.000000000000000000, -0.000000000000000000 ) ) ;
#610 = FACE_OUTER_BOUND ( 'NONE', #1357, .T. ) ;
#611 = ORIENTED_EDGE ( 'NONE', *, *, #236, .T. ) ;
#612 = CARTESIAN_POINT ( 'NONE',  ( 1.450000000000000178, 0.9000000000000000222, -0.8000000000000000444 ) ) ;
#613 = CARTESIAN_POINT ( 'NONE',  ( 1.384820945673185699, 0.1550000000000001099, 0.7348209456731865652 ) ) ;
#614 = CARTESIAN_POINT ( 'NONE',  ( 1.439063917059259845, 0.7750000000000000222, -0.2999999999999999334 ) ) ;
#615 = EDGE_CURVE ( 'NONE', #913, #1591, #1694, .T. ) ;
#616 = CARTESIAN_POINT ( 'NONE',  ( -0.8000000000000002665, 5.421010862427522170E-17, 0.5999999999999999778 ) ) ;
#617 = CARTESIAN_POINT ( 'NONE',  ( 1.475000000000000089, 5.421010862427522170E-17, -0.5999999999999999778 ) ) ;
#618 = MECHANICAL_DESIGN_GEOMETRIC_PRESENTATION_REPRESENTATION (  '', ( #1679 ), #822 ) ;
#619 = PLANE ( 'NONE',  #395 ) ;
#620 = CARTESIAN_POINT ( 'NONE',  ( -1.450000000000000622, 0.9000000000000000222, -0.2999999999999999334 ) ) ;
#621 = ORIENTED_EDGE ( 'NONE', *, *, #64, .T. ) ;
#622 = ORIENTED_EDGE ( 'NONE', *, *, #1401, .T. ) ;
#623 = CARTESIAN_POINT ( 'NONE',  ( -1.600000000000000533, 0.1250000000000000278, -0.5999999999999999778 ) ) ;
#624 = CARTESIAN_POINT ( 'NONE',  ( 1.475000000000000089, 5.421010862427522170E-17, 0.5999999999999999778 ) ) ;
#625 = EDGE_CURVE ( 'NONE', #941, #858, #949, .T. ) ;
#626 = AXIS2_PLACEMENT_3D ( 'NONE', #1848, #1856, #1865 ) ;
#627 = ORIENTED_EDGE ( 'NONE', *, *, #258, .F. ) ;
#628 = DIRECTION ( 'NONE',  ( -1.000000000000000000, 1.261050272669426566E-16, 1.103276029948504284E-17 ) ) ;
#629 = FACE_OUTER_BOUND ( 'NONE', #1012, .T. ) ;
#630 = FACE_OUTER_BOUND ( 'NONE', #996, .T. ) ;
#631 = VECTOR ( 'NONE', #286, 1000.000000000000000 ) ;
#632 = CARTESIAN_POINT ( 'NONE',  ( 1.600000000000000533, 0.7749999999999999112, 0.2999999999999999889 ) ) ;
#633 = ORIENTED_EDGE ( 'NONE', *, *, #387, .T. ) ;
#634 = ORIENTED_EDGE ( 'NONE', *, *, #1439, .F. ) ;
#635 = DIRECTION ( 'NONE',  ( -0.000000000000000000, -0.000000000000000000, -1.000000000000000000 ) ) ;
#636 = LINE ( 'NONE', #1231, #442 ) ;
#637 = DIRECTION ( 'NONE',  ( -1.000000000000000000, 0.000000000000000000, 0.000000000000000000 ) ) ;
#638 = CARTESIAN_POINT ( 'NONE',  ( 1.450000000000000178, 0.9000000000000000222, 0.8000000000000000444 ) ) ;
#639 = CARTESIAN_POINT ( 'NONE',  ( 1.384820945673185699, 0.1550000000000001099, -0.8000000000000000444 ) ) ;
#640 = VECTOR ( 'NONE', #1036, 1000.000000000000000 ) ;
#641 = DIRECTION ( 'NONE',  ( 0.000000000000000000, -1.000000000000000000, 0.000000000000000000 ) ) ;
#642 = AXIS2_PLACEMENT_3D ( 'NONE', #1125, #689, #1285 ) ;
#643 = DIRECTION ( 'NONE',  ( -1.000000000000000000, 0.000000000000000000, 0.000000000000000000 ) ) ;
#644 = ADVANCED_FACE ( 'NONE', ( #1523 ), #1235, .F. ) ;
#645 = VERTEX_POINT ( 'NONE', #595 ) ;
#646 = DIRECTION ( 'NONE',  ( -0.08715574274765605645, -0.9961946980917456562, -0.000000000000000000 ) ) ;
#647 = DIRECTION ( 'NONE',  ( -0.08715574274765836016, 0.9961946980917455452, 0.000000000000000000 ) ) ;
#648 = ORIENTED_EDGE ( 'NONE', *, *, #503, .T. ) ;
#649 = DIRECTION ( 'NONE',  ( -1.000000000000000000, 0.000000000000000000, 0.000000000000000000 ) ) ;
#650 = COLOUR_RGB ( '',0.7921568627450980005, 0.8196078431372548767, 0.9333333333333333481 ) ;
#651 = ORIENTED_EDGE ( 'NONE', *, *, #1120, .T. ) ;
#652 = FACE_OUTER_BOUND ( 'NONE', #951, .T. ) ;
#653 = ADVANCED_FACE ( 'NONE', ( #759 ), #1340, .F. ) ;
#654 = EDGE_CURVE ( 'NONE', #234, #1256, #731, .T. ) ;
#655 = SURFACE_SIDE_STYLE ('',( #662 ) ) ;
#656 = LINE ( 'NONE', #1710, #1436 ) ;
#657 = VECTOR ( 'NONE', #2, 1000.000000000000114 ) ;
#658 = EDGE_CURVE ( 'NONE', #84, #968, #1737, .T. ) ;
#659 = EDGE_CURVE ( 'NONE', #1262, #321, #1936, .T. ) ;
#660 = VERTEX_POINT ( 'NONE', #180 ) ;
#661 = FACE_OUTER_BOUND ( 'NONE', #1549, .T. ) ;
#662 = SURFACE_STYLE_FILL_AREA ( #1543 ) ;
#663 = CARTESIAN_POINT ( 'NONE',  ( -1.475000000000000089, 0.9000000000000000222, -0.5999999999999999778 ) ) ;
#664 = ORIENTED_EDGE ( 'NONE', *, *, #1838, .F. ) ;
#665 = DIRECTION ( 'NONE',  ( 1.000000000000000000, 0.000000000000000000, 0.000000000000000000 ) ) ;
#666 = AXIS2_PLACEMENT_3D ( 'NONE', #1213, #294, #181 ) ;
#667 = VECTOR ( 'NONE', #249, 1000.000000000000114 ) ;
#668 = CYLINDRICAL_SURFACE ( 'NONE', #530, 0.1250000000000001110 ) ;
#669 = ORIENTED_EDGE ( 'NONE', *, *, #933, .F. ) ;
#670 = PLANE ( 'NONE',  #887 ) ;
#671 = DIRECTION ( 'NONE',  ( 1.000000000000000000, -8.031127203596330602E-17, 0.000000000000000000 ) ) ;
#672 = EDGE_CURVE ( 'NONE', #1585, #1044, #922, .T. ) ;
#673 = VERTEX_POINT ( 'NONE', #770 ) ;
#674 = ORIENTED_EDGE ( 'NONE', *, *, #468, .F. ) ;
#675 = PLANE ( 'NONE',  #626 ) ;
#676 = ADVANCED_FACE ( 'NONE', ( #465 ), #1200, .F. ) ;
#677 = VERTEX_POINT ( 'NONE', #1375 ) ;
#678 = EDGE_CURVE ( 'NONE', #895, #858, #37, .T. ) ;
#679 = PLANE ( 'NONE',  #1119 ) ;
#680 = PRODUCT_CONTEXT ( 'NONE', #946, 'mechanical' ) ;
#681 = LINE ( 'NONE', #506, #408 ) ;
#682 = ORIENTED_EDGE ( 'NONE', *, *, #186, .T. ) ;
#683 = VECTOR ( 'NONE', #1148, 1000.000000000000000 ) ;
#684 = ORIENTED_EDGE ( 'NONE', *, *, #1568, .F. ) ;
#685 = CARTESIAN_POINT ( 'NONE',  ( 1.450000000000000178, 0.9000000000000000222, -0.5999999999999999778 ) ) ;
#686 = DIRECTION ( 'NONE',  ( 0.08715574274765605645, -0.9961946980917456562, -0.000000000000000000 ) ) ;
#687 = VECTOR ( 'NONE', #228, 1000.000000000000000 ) ;
#688 = ORIENTED_EDGE ( 'NONE', *, *, #1121, .F. ) ;
#689 = DIRECTION ( 'NONE',  ( 1.261050272669426813E-16, 1.000000000000000000, 0.000000000000000000 ) ) ;
#690 = EDGE_LOOP ( 'NONE', ( #1755, #508, #516, #556 ) ) ;
#691 = LINE ( 'NONE', #1289, #25 ) ;
#692 = ADVANCED_FACE ( 'NONE', ( #1637 ), #1328, .T. ) ;
#693 = ORIENTED_EDGE ( 'NONE', *, *, #979, .T. ) ;
#694 = DIRECTION ( 'NONE',  ( -0.000000000000000000, 0.000000000000000000, -1.000000000000000000 ) ) ;
#695 = DIRECTION ( 'NONE',  ( -1.000000000000000000, 0.000000000000000000, -0.000000000000000000 ) ) ;
#696 = ORIENTED_EDGE ( 'NONE', *, *, #1680, .T. ) ;
#697 = CARTESIAN_POINT ( 'NONE',  ( -1.370260202826668383, 1.750000000000000000, 0.7202602028266682499 ) ) ;
#698 = ORIENTED_EDGE ( 'NONE', *, *, #160, .F. ) ;
#699 = DIRECTION ( 'NONE',  ( 0.000000000000000000, -0.000000000000000000, -1.000000000000000000 ) ) ;
#700 = DIRECTION ( 'NONE',  ( -1.000000000000000000, -0.000000000000000000, -0.000000000000000000 ) ) ;
#701 = ORIENTED_EDGE ( 'NONE', *, *, #372, .F. ) ;
#702 = AXIS2_PLACEMENT_3D ( 'NONE', #1250, #1045, #1035 ) ;
#703 = ORIENTED_EDGE ( 'NONE', *, *, #1184, .F. ) ;
#704 = EDGE_CURVE ( 'NONE', #1256, #1664, #1648, .T. ) ;
#705 = VECTOR ( 'NONE', #1293, 1000.000000000000000 ) ;
#706 = EDGE_LOOP ( 'NONE', ( #1494, #764, #1323, #1015, #340, #1061, #724 ) ) ;
#707 = CARTESIAN_POINT ( 'NONE',  ( 1.475000000000000089, 0.1250000000000001110, 0.5999999999999999778 ) ) ;
#708 = CLOSED_SHELL ( 'NONE', ( #1903, #118, #477, #940, #1566, #1791, #676, #1934, #525, #644, #805, #988, #400, #438, #862, #1890, #153, #587, #596 ) ) ;
#709 = ORIENTED_EDGE ( 'NONE', *, *, #1627, .F. ) ;
#710 = CARTESIAN_POINT ( 'NONE',  ( 1.475000000000000089, 0.7750000000000000222, -0.5999999999999999778 ) ) ;
#711 = CARTESIAN_POINT ( 'NONE',  ( 1.475000000000000089, 0.7750000000000000222, -0.5999999999999999778 ) ) ;
#712 = ORIENTED_EDGE ( 'NONE', *, *, #865, .T. ) ;
#713 = VECTOR ( 'NONE', #994, 1000.000000000000000 ) ;
#714 = EDGE_CURVE ( 'NONE', #1153, #409, #1363, .T. ) ;
#715 = ORIENTED_EDGE ( 'NONE', *, *, #1138, .F. ) ;
#716 = CARTESIAN_POINT ( 'NONE',  ( -1.370260202826668383, 1.750000000000000000, 0.7202602028266682499 ) ) ;
#717 = DIRECTION ( 'NONE',  ( 8.707365561646641198E-32, -2.409338161078908548E-16, 1.000000000000000000 ) ) ;
#718 = LINE ( 'NONE', #1900, #364 ) ;
#719 = ORIENTED_EDGE ( 'NONE', *, *, #373, .T. ) ;
#720 = ORIENTED_EDGE ( 'NONE', *, *, #444, .F. ) ;
#721 = EDGE_CURVE ( 'NONE', #547, #1463, #1029, .T. ) ;
#722 = LINE ( 'NONE', #1760, #1114 ) ;
#723 = FACE_OUTER_BOUND ( 'NONE', #350, .T. ) ;
#724 = ORIENTED_EDGE ( 'NONE', *, *, #829, .F. ) ;
#725 = ORIENTED_EDGE ( 'NONE', *, *, #1369, .F. ) ;
#726 = ORIENTED_EDGE ( 'NONE', *, *, #14, .F. ) ;
#727 = DIRECTION ( 'NONE',  ( 0.000000000000000000, 0.9961946980917455452, -0.08715574274765836016 ) ) ;
#728 = LINE ( 'NONE', #1922, #352 ) ;
#729 = ADVANCED_FACE ( 'NONE', ( #1925 ), #1063, .T. ) ;
#730 = VECTOR ( 'NONE', #628, 1000.000000000000000 ) ;
#731 = LINE ( 'NONE', #607, #491 ) ;
#732 = LINE ( 'NONE', #1927, #267 ) ;
#733 = DIRECTION ( 'NONE',  ( -0.000000000000000000, -0.000000000000000000, -1.000000000000000000 ) ) ;
#734 = ORIENTED_EDGE ( 'NONE', *, *, #836, .F. ) ;
#735 = AXIS2_PLACEMENT_3D ( 'NONE', #41, #742, #309 ) ;
#736 = LINE ( 'NONE', #1160, #752 ) ;
#737 = DIRECTION ( 'NONE',  ( 1.000000000000000000, -0.000000000000000000, -0.000000000000000000 ) ) ;
#738 = EDGE_LOOP ( 'NONE', ( #1417, #537, #1356, #1575 ) ) ;
#739 = LINE ( 'NONE', #1338, #579 ) ;
#740 = CARTESIAN_POINT ( 'NONE',  ( -1.475000000000000089, 0.1250000000000001110, 0.5999999999999999778 ) ) ;
#741 = DIRECTION ( 'NONE',  ( 0.000000000000000000, -0.000000000000000000, -1.000000000000000000 ) ) ;
#742 = DIRECTION ( 'NONE',  ( 0.000000000000000000, 0.000000000000000000, 1.000000000000000000 ) ) ;
#743 = DIRECTION ( 'NONE',  ( -0.000000000000000000, -0.000000000000000000, -1.000000000000000000 ) ) ;
#744 = ORIENTED_EDGE ( 'NONE', *, *, #1734, .T. ) ;
#745 = EDGE_CURVE ( 'NONE', #1318, #1397, #1450, .T. ) ;
#746 = PRESENTATION_STYLE_ASSIGNMENT (( #483 ) ) ;
#747 = FACE_OUTER_BOUND ( 'NONE', #529, .T. ) ;
#748 = EDGE_CURVE ( 'NONE', #1777, #388, #1351, .T. ) ;
#749 = DIRECTION ( 'NONE',  ( -1.000000000000000000, 0.000000000000000000, -8.707365561646641198E-32 ) ) ;
#750 = CARTESIAN_POINT ( 'NONE',  ( -1.475000000000000089, 0.7750000000000000222, -0.5999999999999999778 ) ) ;
#751 = CARTESIAN_POINT ( 'NONE',  ( -1.439063917059259845, 0.7750000000000000222, 0.5999999999999999778 ) ) ;
#752 = VECTOR ( 'NONE', #126, 1000.000000000000000 ) ;
#753 = LINE ( 'NONE', #1041, #1742 ) ;
#754 = PLANE ( 'NONE',  #345 ) ;
#755 = ORIENTED_EDGE ( 'NONE', *, *, #1743, .T. ) ;
#756 = ORIENTED_EDGE ( 'NONE', *, *, #772, .T. ) ;
#757 = DIRECTION ( 'NONE',  ( 0.000000000000000000, -0.000000000000000000, 1.000000000000000000 ) ) ;
#758 = LINE ( 'NONE', #137, #100 ) ;
#759 = FACE_OUTER_BOUND ( 'NONE', #999, .T. ) ;
#760 = PLANE ( 'NONE',  #666 ) ;
#761 = FACE_OUTER_BOUND ( 'NONE', #1419, .T. ) ;
#762 = CARTESIAN_POINT ( 'NONE',  ( 1.450000000000000178, 0.9000000000000000222, 0.5999999999999999778 ) ) ;
#763 = ORIENTED_EDGE ( 'NONE', *, *, #1857, .T. ) ;
#764 = ORIENTED_EDGE ( 'NONE', *, *, #658, .F. ) ;
#765 = FILL_AREA_STYLE ('',( #1540 ) ) ;
#766 = CARTESIAN_POINT ( 'NONE',  ( -1.370260202826668605, 1.750000000000000000, -0.7202602028266682499 ) ) ;
#767 = VECTOR ( 'NONE', #148, 1000.000000000000114 ) ;
#768 = AXIS2_PLACEMENT_3D ( 'NONE', #564, #1753, #906 ) ;
#769 = UNCERTAINTY_MEASURE_WITH_UNIT (LENGTH_MEASURE( 1.000000000000000082E-05 ), #1103, 'distance_accuracy_value', 'NONE');
#770 = CARTESIAN_POINT ( 'NONE',  ( 1.600000000000000533, 0.7749999999999999112, -0.5999999999999999778 ) ) ;
#771 = DIRECTION ( 'NONE',  ( 0.000000000000000000, -1.000000000000000000, 0.000000000000000000 ) ) ;
#772 = EDGE_CURVE ( 'NONE', #540, #782, #170, .T. ) ;
#773 = ORIENTED_EDGE ( 'NONE', *, *, #26, .F. ) ;
#774 = PLANE ( 'NONE',  #1399 ) ;
#775 = AXIS2_PLACEMENT_3D ( 'NONE', #1392, #953, #1551 ) ;
#776 = PLANE ( 'NONE',  #1497 ) ;
#777 = ORIENTED_EDGE ( 'NONE', *, *, #222, .F. ) ;
#778 = LINE ( 'NONE', #460, #425 ) ;
#779 = LINE ( 'NONE', #346, #428 ) ;
#780 = LINE ( 'NONE', #1255, #1834 ) ;
#781 = CARTESIAN_POINT ( 'NONE',  ( -1.450000000000000178, 0.9000000000000000222, 0.8000000000000000444 ) ) ;
#782 = VERTEX_POINT ( 'NONE', #505 ) ;
#783 = AXIS2_PLACEMENT_3D ( 'NONE', #1348, #8, #1337 ) ;
#784 = EDGE_CURVE ( 'NONE', #43, #98, #780, .T. ) ;
#785 = DIRECTION ( 'NONE',  ( 0.000000000000000000, 0.000000000000000000, -1.000000000000000000 ) ) ;
#786 = ORIENTED_EDGE ( 'NONE', *, *, #1721, .T. ) ;
#787 = CARTESIAN_POINT ( 'NONE',  ( 1.450000000000000622, 0.9000000000000000222, -0.2999999999999999334 ) ) ;
#788 = CARTESIAN_POINT ( 'NONE',  ( 1.475000000000000089, 0.1250000000000001110, 0.5999999999999999778 ) ) ;
#789 = EDGE_CURVE ( 'NONE', #673, #997, #209, .T. ) ;
#790 = MANIFOLD_SOLID_BREP ( 'Cut-Extrude2', #115 ) ;
#791 = ADVANCED_FACE ( 'NONE', ( #1534 ), #670, .F. ) ;
#792 = PLANE ( 'NONE',  #983 ) ;
#793 = LINE ( 'NONE', #1555, #46 ) ;
#794 = AXIS2_PLACEMENT_3D ( 'NONE', #986, #1790, #637 ) ;
#795 = ORIENTED_EDGE ( 'NONE', *, *, #1695, .T. ) ;
#796 = VECTOR ( 'NONE', #74, 1000.000000000000000 ) ;
#797 = ORIENTED_EDGE ( 'NONE', *, *, #659, .F. ) ;
#798 = CARTESIAN_POINT ( 'NONE',  ( 1.600000000000000755, 0.6749999999999998224, 0.2999999999999999889 ) ) ;
#799 = LINE ( 'NONE', #71, #376 ) ;
#800 = VECTOR ( 'NONE', #998, 1000.000000000000000 ) ;
#801 = DIRECTION ( 'NONE',  ( 8.707365561646641198E-32, 2.409338161078908548E-16, -1.000000000000000000 ) ) ;
#802 = CARTESIAN_POINT ( 'NONE',  ( 1.475000000000000089, 0.7750000000000002442, -0.2999999999999999334 ) ) ;
#803 = ORIENTED_EDGE ( 'NONE', *, *, #504, .T. ) ;
#804 = CARTESIAN_POINT ( 'NONE',  ( 1.371260202826668495, 1.800000000000000044, 0.8000000000000000444 ) ) ;
#805 = ADVANCED_FACE ( 'NONE', ( #338 ), #792, .F. ) ;
#806 = FACE_OUTER_BOUND ( 'NONE', #1693, .T. ) ;
#807 = EDGE_CURVE ( 'NONE', #313, #406, #356, .T. ) ;
#808 = EDGE_CURVE ( 'NONE', #1722, #1268, #193, .T. ) ;
#809 = DIRECTION ( 'NONE',  ( 0.000000000000000000, 0.000000000000000000, -1.000000000000000000 ) ) ;
#810 = DIRECTION ( 'NONE',  ( -1.000000000000000000, 0.000000000000000000, -0.000000000000000000 ) ) ;
#811 = ORIENTED_EDGE ( 'NONE', *, *, #745, .T. ) ;
#812 = EDGE_CURVE ( 'NONE', #406, #1821, #1112, .T. ) ;
#813 = EDGE_LOOP ( 'NONE', ( #916, #651, #1862, #434 ) ) ;
#814 = LINE ( 'NONE', #1269, #1453 ) ;
#815 = AXIS2_PLACEMENT_3D ( 'NONE', #307, #902, #1524 ) ;
#816 = ORIENTED_EDGE ( 'NONE', *, *, #1552, .F. ) ;
#817 = DIRECTION ( 'NONE',  ( 1.000000000000000000, -1.261050272669426566E-16, 1.103276029948504284E-17 ) ) ;
#818 = DIRECTION ( 'NONE',  ( 0.000000000000000000, 0.000000000000000000, 1.000000000000000000 ) ) ;
#819 = VERTEX_POINT ( 'NONE', #1414 ) ;
#820 = DIRECTION ( 'NONE',  ( 1.000000000000000000, -0.000000000000000000, -0.000000000000000000 ) ) ;
#821 = DIRECTION ( 'NONE',  ( 0.000000000000000000, 0.000000000000000000, -1.000000000000000000 ) ) ;
#822 =( GEOMETRIC_REPRESENTATION_CONTEXT ( 3 ) GLOBAL_UNCERTAINTY_ASSIGNED_CONTEXT ( ( #769 ) ) GLOBAL_UNIT_ASSIGNED_CONTEXT ( ( #1103, #1844, #1860 ) ) REPRESENTATION_CONTEXT ( 'NONE', 'WORKASPACE' ) );
#823 = DIRECTION ( 'NONE',  ( 0.000000000000000000, -0.9961946980917455452, -0.08715574274765836016 ) ) ;
#824 = ORIENTED_EDGE ( 'NONE', *, *, #574, .F. ) ;
#825 = ORIENTED_EDGE ( 'NONE', *, *, #92, .T. ) ;
#826 = CARTESIAN_POINT ( 'NONE',  ( 1.450000000000000178, 0.9000000000000000222, 0.5999999999999999778 ) ) ;
#827 = ORIENTED_EDGE ( 'NONE', *, *, #223, .F. ) ;
#828 = VECTOR ( 'NONE', #1253, 1000.000000000000000 ) ;
#829 = EDGE_CURVE ( 'NONE', #388, #566, #202, .T. ) ;
#830 = DIRECTION ( 'NONE',  ( -1.000000000000000000, -0.000000000000000000, -0.000000000000000000 ) ) ;
#831 = VERTEX_POINT ( 'NONE', #81 ) ;
#832 = LINE ( 'NONE', #578, #1814 ) ;
#833 = AXIS2_PLACEMENT_3D ( 'NONE', #1666, #905, #1641 ) ;
#834 = SURFACE_STYLE_USAGE ( .BOTH. , #407 ) ;
#835 = ORIENTED_EDGE ( 'NONE', *, *, #1319, .F. ) ;
#836 = EDGE_CURVE ( 'NONE', #523, #406, #210, .T. ) ;
#837 = ORIENTED_EDGE ( 'NONE', *, *, #1130, .T. ) ;
#838 = LINE ( 'NONE', #1031, #683 ) ;
#839 = DIRECTION ( 'NONE',  ( 1.000000000000000000, 0.000000000000000000, -0.000000000000000000 ) ) ;
#840 = FILL_AREA_STYLE_COLOUR ( '', #242 ) ;
#841 = EDGE_CURVE ( 'NONE', #844, #1563, #1049, .T. ) ;
#842 = CARTESIAN_POINT ( 'NONE',  ( -1.475000000000000089, -1.355252715606880543E-16, 0.5999999999999999778 ) ) ;
#843 = EDGE_CURVE ( 'NONE', #21, #105, #495, .T. ) ;
#844 = VERTEX_POINT ( 'NONE', #1386 ) ;
#845 = ORIENTED_EDGE ( 'NONE', *, *, #1369, .T. ) ;
#846 = LINE ( 'NONE', #1457, #930 ) ;
#847 = ORIENTED_EDGE ( 'NONE', *, *, #1139, .T. ) ;
#848 = CARTESIAN_POINT ( 'NONE',  ( 1.437937828156692799, 0.7621287449461032759, -0.7879378281566928877 ) ) ;
#849 = CARTESIAN_POINT ( 'NONE',  ( -0.9786144305904771468, 1.800000000000000044, 0.7202602028266682499 ) ) ;
#850 = VECTOR ( 'NONE', #1788, 1000.000000000000000 ) ;
#851 = EDGE_LOOP ( 'NONE', ( #123, #1557, #414, #554 ) ) ;
#852 = VECTOR ( 'NONE', #1260, 1000.000000000000000 ) ;
#853 = DIRECTION ( 'NONE',  ( -1.000000000000000000, -3.614007241618361590E-16, 0.000000000000000000 ) ) ;
#854 = DIRECTION ( 'NONE',  ( 0.000000000000000000, 1.000000000000000000, 2.409338161078908548E-16 ) ) ;
#855 = AXIS2_PLACEMENT_3D ( 'NONE', #1372, #635, #474 ) ;
#856 = ORIENTED_EDGE ( 'NONE', *, *, #328, .T. ) ;
#857 = VERTEX_POINT ( 'NONE', #50 ) ;
#858 = VERTEX_POINT ( 'NONE', #1092 ) ;
#859 = LINE ( 'NONE', #1495, #1751 ) ;
#860 = CARTESIAN_POINT ( 'NONE',  ( -1.450000000000000178, 1.800000000000000044, 0.7212602028266682508 ) ) ;
#861 = SURFACE_STYLE_USAGE ( .BOTH. , #1311 ) ;
#862 = ADVANCED_FACE ( 'NONE', ( #1394 ), #58, .T. ) ;
#863 = AXIS2_PLACEMENT_3D ( 'NONE', #711, #1590, #1732 ) ;
#864 = ORIENTED_EDGE ( 'NONE', *, *, #1624, .F. ) ;
#865 = EDGE_CURVE ( 'NONE', #1830, #21, #145, .T. ) ;
#866 = DIRECTION ( 'NONE',  ( 0.08682659386424779191, -0.9924325091389669673, -0.08682659386424779191 ) ) ;
#867 = CARTESIAN_POINT ( 'NONE',  ( -1.475000000000000089, 0.7750000000000000222, -0.5999999999999999778 ) ) ;
#868 = ORIENTED_EDGE ( 'NONE', *, *, #1195, .F. ) ;
#869 = EDGE_CURVE ( 'NONE', #857, #844, #718, .T. ) ;
#870 = VERTEX_POINT ( 'NONE', #1336 ) ;
#871 = ORIENTED_EDGE ( 'NONE', *, *, #1794, .T. ) ;
#872 = CARTESIAN_POINT ( 'NONE',  ( -1.370260202826668383, 1.750000000000000000, 0.7202602028266682499 ) ) ;
#873 = DIRECTION ( 'NONE',  ( 0.000000000000000000, 1.000000000000000000, 0.000000000000000000 ) ) ;
#874 = VECTOR ( 'NONE', #771, 1000.000000000000000 ) ;
#875 = AXIS2_PLACEMENT_3D ( 'NONE', #1104, #818, #1426 ) ;
#876 = PLANE ( 'NONE',  #512 ) ;
#877 = DIRECTION ( 'NONE',  ( -0.9961946980917457672, -0.08715574274765607032, 0.000000000000000000 ) ) ;
#878 = CARTESIAN_POINT ( 'NONE',  ( 1.600000000000000755, 0.6749999999999998224, -0.2999999999999999889 ) ) ;
#879 = CARTESIAN_POINT ( 'NONE',  ( -1.475000000000000089, 0.7750000000000000222, -0.2999999999999999334 ) ) ;
#880 = CARTESIAN_POINT ( 'NONE',  ( 1.450000000000000844, 0.6750000000000009326, -0.2999999999999999889 ) ) ;
#881 = ORIENTED_EDGE ( 'NONE', *, *, #387, .F. ) ;
#882 = EDGE_LOOP ( 'NONE', ( #1750, #1316, #264, #684, #82, #89, #1611, #214 ) ) ;
#883 = DIRECTION ( 'NONE',  ( 0.000000000000000000, -1.000000000000000000, 0.000000000000000000 ) ) ;
#884 = LINE ( 'NONE', #301, #1877 ) ;
#885 = ORIENTED_EDGE ( 'NONE', *, *, #921, .F. ) ;
#886 = DIRECTION ( 'NONE',  ( 1.000000000000000000, 0.000000000000000000, 0.000000000000000000 ) ) ;
#887 = AXIS2_PLACEMENT_3D ( 'NONE', #1561, #1719, #955 ) ;
#888 = DIRECTION ( 'NONE',  ( -1.000000000000000000, -0.000000000000000000, -0.000000000000000000 ) ) ;
#889 = LINE ( 'NONE', #1364, #1510 ) ;
#890 = CARTESIAN_POINT ( 'NONE',  ( -1.439063917059259845, 0.7750000000000000222, -0.5999999999999999778 ) ) ;
#891 = EDGE_CURVE ( 'NONE', #409, #1252, #1149, .T. ) ;
#892 = CARTESIAN_POINT ( 'NONE',  ( -1.370260202826668605, 0.2571887426690085410, -0.7202602028266682499 ) ) ;
#893 = DIRECTION ( 'NONE',  ( 0.000000000000000000, -0.000000000000000000, 1.000000000000000000 ) ) ;
#894 = EDGE_CURVE ( 'NONE', #576, #1402, #278, .T. ) ;
#895 = VERTEX_POINT ( 'NONE', #567 ) ;
#896 = AXIS2_PLACEMENT_3D ( 'NONE', #892, #785, #609 ) ;
#897 = CARTESIAN_POINT ( 'NONE',  ( -1.439063917059259845, 0.7750000000000000222, 0.2999999999999999889 ) ) ;
#898 = LINE ( 'NONE', #1800, #250 ) ;
#899 = CARTESIAN_POINT ( 'NONE',  ( 1.450000000000000178, 0.9000000000000000222, 0.5999999999999999778 ) ) ;
#900 = ORIENTED_EDGE ( 'NONE', *, *, #1332, .T. ) ;
#901 = DIRECTION ( 'NONE',  ( 0.000000000000000000, -0.000000000000000000, -1.000000000000000000 ) ) ;
#902 = DIRECTION ( 'NONE',  ( 0.000000000000000000, 1.000000000000000000, 0.000000000000000000 ) ) ;
#903 = PLANE ( 'NONE',  #768 ) ;
#904 = DIRECTION ( 'NONE',  ( 0.000000000000000000, -0.000000000000000000, -1.000000000000000000 ) ) ;
#905 = DIRECTION ( 'NONE',  ( 0.000000000000000000, -1.000000000000000000, -0.000000000000000000 ) ) ;
#906 = DIRECTION ( 'NONE',  ( -0.000000000000000000, 0.000000000000000000, -1.000000000000000000 ) ) ;
#907 = CARTESIAN_POINT ( 'NONE',  ( -1.370260202826668605, 1.750000000000000000, -0.7202602028266682499 ) ) ;
#908 = LINE ( 'NONE', #1532, #1423 ) ;
#909 = DIRECTION ( 'NONE',  ( 0.9961946980917455452, -0.08715574274765836016, 0.000000000000000000 ) ) ;
#910 = LINE ( 'NONE', #1074, #164 ) ;
#911 = AXIS2_PLACEMENT_3D ( 'NONE', #1194, #1208, #1621 ) ;
#912 = STYLED_ITEM ( 'NONE', ( #117 ), #1444 ) ;
#913 = VERTEX_POINT ( 'NONE', #577 ) ;
#914 = DIRECTION ( 'NONE',  ( 0.000000000000000000, -1.000000000000000000, 0.000000000000000000 ) ) ;
#915 = PLANE ( 'NONE',  #1813 ) ;
#916 = ORIENTED_EDGE ( 'NONE', *, *, #987, .F. ) ;
#917 = LINE ( 'NONE', #1521, #1529 ) ;
#918 = CARTESIAN_POINT ( 'NONE',  ( 1.600000000000000533, 0.7749999999999999112, 0.5999999999999999778 ) ) ;
#919 = ORIENTED_EDGE ( 'NONE', *, *, #399, .T. ) ;
#920 = PLANE ( 'NONE',  #1601 ) ;
#921 = EDGE_CURVE ( 'NONE', #370, #1821, #1896, .T. ) ;
#922 = LINE ( 'NONE', #138, #456 ) ;
#923 = CARTESIAN_POINT ( 'NONE',  ( 0.8000000000000002665, 0.1250000000000000555, 0.5999999999999999778 ) ) ;
#924 = VECTOR ( 'NONE', #1171, 1000.000000000000000 ) ;
#925 = PLANE ( 'NONE',  #558 ) ;
#926 = CARTESIAN_POINT ( 'NONE',  ( -1.475000000000000089, 0.7750000000000000222, 0.2999999999999999889 ) ) ;
#927 = VERTEX_POINT ( 'NONE', #710 ) ;
#928 =( NAMED_UNIT ( * ) PLANE_ANGLE_UNIT ( ) SI_UNIT ( $, .RADIAN. ) );
#929 = CARTESIAN_POINT ( 'NONE',  ( 1.475000000000000089, 5.421010862427522170E-17, 0.5999999999999999778 ) ) ;
#930 = VECTOR ( 'NONE', #1773, 1000.000000000000000 ) ;
#931 = LINE ( 'NONE', #314, #418 ) ;
#932 = VECTOR ( 'NONE', #820, 1000.000000000000000 ) ;
#933 = EDGE_CURVE ( 'NONE', #125, #166, #1451, .T. ) ;
#934 = PRODUCT_DEFINITION_CONTEXT ( 'detailed design', #1808, 'design' ) ;
#935 = EDGE_CURVE ( 'NONE', #1664, #582, #450, .T. ) ;
#936 = FACE_OUTER_BOUND ( 'NONE', #1068, .T. ) ;
#937 = DIRECTION ( 'NONE',  ( -0.9961946980917457672, -0.08715574274765607032, 0.000000000000000000 ) ) ;
#938 = VECTOR ( 'NONE', #686, 1000.000000000000114 ) ;
#939 = LINE ( 'NONE', #42, #1775 ) ;
#940 = ADVANCED_FACE ( 'NONE', ( #256 ), #1766, .F. ) ;
#941 = VERTEX_POINT ( 'NONE', #603 ) ;
#942 = EDGE_CURVE ( 'NONE', #1123, #1256, #289, .T. ) ;
#943 = CARTESIAN_POINT ( 'NONE',  ( -1.475000000000000089, 0.7750000000000000222, 0.5999999999999999778 ) ) ;
#944 = DIRECTION ( 'NONE',  ( 0.000000000000000000, 0.000000000000000000, 1.000000000000000000 ) ) ;
#945 = DIRECTION ( 'NONE',  ( 1.000000000000000000, 0.000000000000000000, 0.000000000000000000 ) ) ;
#946 = APPLICATION_CONTEXT ( 'automotive_design' ) ;
#947 = VERTEX_POINT ( 'NONE', #872 ) ;
#948 = VECTOR ( 'NONE', #168, 1000.000000000000000 ) ;
#949 = LINE ( 'NONE', #1816, #1215 ) ;
#950 = VECTOR ( 'NONE', #1861, 1000.000000000000000 ) ;
#951 = EDGE_LOOP ( 'NONE', ( #195, #1229, #393, #824 ) ) ;
#952 = LINE ( 'NONE', #1347, #555 ) ;
#953 = DIRECTION ( 'NONE',  ( 0.9961946980917457672, -0.08715574274765607032, 0.000000000000000000 ) ) ;
#954 = SHAPE_DEFINITION_REPRESENTATION ( #1479, #1663 ) ;
#955 = DIRECTION ( 'NONE',  ( 0.000000000000000000, -0.000000000000000000, 1.000000000000000000 ) ) ;
#956 = DIRECTION ( 'NONE',  ( -0.000000000000000000, -0.000000000000000000, -1.000000000000000000 ) ) ;
#957 =( GEOMETRIC_REPRESENTATION_CONTEXT ( 3 ) GLOBAL_UNCERTAINTY_ASSIGNED_CONTEXT ( ( #1681 ) ) GLOBAL_UNIT_ASSIGNED_CONTEXT ( ( #1433, #1166, #128 ) ) REPRESENTATION_CONTEXT ( 'NONE', 'WORKASPACE' ) );
#958 = ORIENTED_EDGE ( 'NONE', *, *, #869, .T. ) ;
#959 = VECTOR ( 'NONE', #1193, 1000.000000000000000 ) ;
#960 = EDGE_CURVE ( 'NONE', #409, #1402, #736, .T. ) ;
#961 = VERTEX_POINT ( 'NONE', #1025 ) ;
#962 = LINE ( 'NONE', #1715, #1650 ) ;
#963 = ADVANCED_FACE ( 'NONE', ( #1471 ), #157, .F. ) ;
#964 = DIRECTION ( 'NONE',  ( 1.000000000000000000, 0.000000000000000000, 0.000000000000000000 ) ) ;
#965 = AXIS2_PLACEMENT_3D ( 'NONE', #28, #641, #1683 ) ;
#966 = VECTOR ( 'NONE', #1189, 1000.000000000000000 ) ;
#967 = EDGE_CURVE ( 'NONE', #1411, #1886, #1607, .T. ) ;
#968 = VERTEX_POINT ( 'NONE', #268 ) ;
#969 = CARTESIAN_POINT ( 'NONE',  ( 1.439063917059259845, 0.7750000000000000222, 0.5999999999999999778 ) ) ;
#970 = VECTOR ( 'NONE', #646, 1000.000000000000114 ) ;
#971 = LINE ( 'NONE', #1576, #1619 ) ;
#972 = CARTESIAN_POINT ( 'NONE',  ( 1.475000000000000089, 0.7750000000000000222, -0.2999999999999999334 ) ) ;
#973 = DIRECTION ( 'NONE',  ( 0.000000000000000000, 1.000000000000000000, 0.000000000000000000 ) ) ;
#974 = ORIENTED_EDGE ( 'NONE', *, *, #116, .T. ) ;
#975 = CARTESIAN_POINT ( 'NONE',  ( -0.7400000000000002132, 0.000000000000000000, 0.000000000000000000 ) ) ;
#976 = ORIENTED_EDGE ( 'NONE', *, *, #124, .F. ) ;
#977 = DIRECTION ( 'NONE',  ( -1.505292348835243592E-16, 0.000000000000000000, -1.000000000000000000 ) ) ;
#978 = EDGE_LOOP ( 'NONE', ( #1712, #1237, #1398, #348 ) ) ;
#979 = EDGE_CURVE ( 'NONE', #111, #645, #859, .T. ) ;
#980 = FACE_OUTER_BOUND ( 'NONE', #1406, .T. ) ;
#981 = ORIENTED_EDGE ( 'NONE', *, *, #1197, .T. ) ;
#982 = CARTESIAN_POINT ( 'NONE',  ( 1.600000000000000533, 0.1250000000000000278, -0.5999999999999999778 ) ) ;
#983 = AXIS2_PLACEMENT_3D ( 'NONE', #217, #1242, #1701 ) ;
#984 = ORIENTED_EDGE ( 'NONE', *, *, #423, .T. ) ;
#985 = PLANE ( 'NONE',  #863 ) ;
#986 = CARTESIAN_POINT ( 'NONE',  ( -1.475000000000000089, 0.7750000000000000222, 0.5999999999999999778 ) ) ;
#987 = EDGE_CURVE ( 'NONE', #322, #1798, #1296, .T. ) ;
#988 = ADVANCED_FACE ( 'NONE', ( #1921 ), #591, .F. ) ;
#989 = ORIENTED_EDGE ( 'NONE', *, *, #1258, .T. ) ;
#990 = EDGE_LOOP ( 'NONE', ( #383, #1259, #1110, #693, #1889, #881, #1705, #1128 ) ) ;
#991 = DIRECTION ( 'NONE',  ( 1.000000000000000000, 0.000000000000000000, -0.000000000000000000 ) ) ;
#992 = EDGE_CURVE ( 'NONE', #1454, #119, #436, .T. ) ;
#993 = EDGE_LOOP ( 'NONE', ( #811, #611, #1043, #183, #633, #900, #1115, #1425, #1096, #847 ) ) ;
#994 = DIRECTION ( 'NONE',  ( -1.000000000000000000, 0.000000000000000000, -0.000000000000000000 ) ) ;
#995 =( NAMED_UNIT ( * ) PLANE_ANGLE_UNIT ( ) SI_UNIT ( $, .RADIAN. ) );
#996 = EDGE_LOOP ( 'NONE', ( #580, #1403, #1919, #622, #1528, #1362, #1756 ) ) ;
#997 = VERTEX_POINT ( 'NONE', #475 ) ;
#998 = DIRECTION ( 'NONE',  ( -1.000000000000000000, -8.031127203596330602E-17, 0.000000000000000000 ) ) ;
#999 = EDGE_LOOP ( 'NONE', ( #1643, #1704, #1570, #1303 ) ) ;
#1000 = CARTESIAN_POINT ( 'NONE',  ( -1.475000000000000089, 5.421010862427522170E-17, 0.5999999999999999778 ) ) ;
#1001 = LINE ( 'NONE', #1876, #1778 ) ;
#1002 = VECTOR ( 'NONE', #1472, 1000.000000000000000 ) ;
#1003 = VECTOR ( 'NONE', #945, 1000.000000000000000 ) ;
#1004 = ORIENTED_EDGE ( 'NONE', *, *, #942, .F. ) ;
#1005 = ORIENTED_EDGE ( 'NONE', *, *, #504, .F. ) ;
#1006 = CARTESIAN_POINT ( 'NONE',  ( 1.475000000000000089, 0.6749999999999998224, -0.2999999999999999889 ) ) ;
#1007 = DIRECTION ( 'NONE',  ( -0.000000000000000000, 1.000000000000000000, -0.000000000000000000 ) ) ;
#1008 = EDGE_CURVE ( 'NONE', #1722, #166, #758, .T. ) ;
#1009 = VECTOR ( 'NONE', #1199, 1000.000000000000114 ) ;
#1010 = EDGE_LOOP ( 'NONE', ( #1144, #1004, #1167, #984 ) ) ;
#1011 = EDGE_CURVE ( 'NONE', #1483, #1123, #898, .T. ) ;
#1012 = EDGE_LOOP ( 'NONE', ( #1902, #1124, #1584, #175 ) ) ;
#1013 = DIRECTION ( 'NONE',  ( 1.000000000000000000, -3.614007241618361590E-16, -0.000000000000000000 ) ) ;
#1014 = PLANE ( 'NONE',  #274 ) ;
#1015 = ORIENTED_EDGE ( 'NONE', *, *, #1154, .F. ) ;
#1016 = EDGE_CURVE ( 'NONE', #660, #119, #1522, .T. ) ;
#1017 = ORIENTED_EDGE ( 'NONE', *, *, #83, .T. ) ;
#1018 = EDGE_CURVE ( 'NONE', #156, #782, #312, .T. ) ;
#1019 = VECTOR ( 'NONE', #830, 1000.000000000000000 ) ;
#1020 = FACE_OUTER_BOUND ( 'NONE', #1178, .T. ) ;
#1021 = PLANE ( 'NONE',  #1684 ) ;
#1022 = VECTOR ( 'NONE', #1030, 1000.000000000000000 ) ;
#1023 = ORIENTED_EDGE ( 'NONE', *, *, #843, .F. ) ;
#1024 = EDGE_LOOP ( 'NONE', ( #1290, #77, #1870, #835 ) ) ;
#1025 = CARTESIAN_POINT ( 'NONE',  ( -1.371260202826668273, 1.800000000000000044, -0.7212602028266683618 ) ) ;
#1026 = LINE ( 'NONE', #1441, #90 ) ;
#1027 = VECTOR ( 'NONE', #448, 1000.000000000000000 ) ;
#1028 = ORIENTED_EDGE ( 'NONE', *, *, #1331, .F. ) ;
#1029 = LINE ( 'NONE', #282, #107 ) ;
#1030 = DIRECTION ( 'NONE',  ( -1.000000000000000000, 0.000000000000000000, 0.000000000000000000 ) ) ;
#1031 = CARTESIAN_POINT ( 'NONE',  ( -0.9786144305904773688, 1.800000000000000044, -0.7202602028266682499 ) ) ;
#1032 = CARTESIAN_POINT ( 'NONE',  ( -1.370260202826668605, 1.750000000000000000, -0.7202602028266682499 ) ) ;
#1033 = VERTEX_POINT ( 'NONE', #177 ) ;
#1034 = VERTEX_POINT ( 'NONE', #1645 ) ;
#1035 = DIRECTION ( 'NONE',  ( -1.000000000000000000, 0.000000000000000000, 0.000000000000000000 ) ) ;
#1036 = DIRECTION ( 'NONE',  ( 0.000000000000000000, 0.000000000000000000, -1.000000000000000000 ) ) ;
#1037 = EDGE_CURVE ( 'NONE', #18, #322, #290, .T. ) ;
#1038 = DIRECTION ( 'NONE',  ( 1.000000000000000000, 0.000000000000000000, 0.000000000000000000 ) ) ;
#1039 = DIRECTION ( 'NONE',  ( -1.000000000000000000, 0.000000000000000000, 0.000000000000000000 ) ) ;
#1040 = PLANE ( 'NONE',  #1218 ) ;
#1041 = CARTESIAN_POINT ( 'NONE',  ( -0.7400000000000002132, 0.9000000000000000222, -0.8000000000000000444 ) ) ;
#1042 = FACE_OUTER_BOUND ( 'NONE', #343, .T. ) ;
#1043 = ORIENTED_EDGE ( 'NONE', *, *, #533, .T. ) ;
#1044 = VERTEX_POINT ( 'NONE', #918 ) ;
#1045 = DIRECTION ( 'NONE',  ( 0.000000000000000000, 0.000000000000000000, 1.000000000000000000 ) ) ;
#1046 = LINE ( 'NONE', #1812, #1002 ) ;
#1047 = CIRCLE ( 'NONE', #794, 0.1250000000000001110 ) ;
#1048 = SURFACE_SIDE_STYLE ('',( #1513 ) ) ;
#1049 = CIRCLE ( 'NONE', #333, 0.1250000000000002220 ) ;
#1050 = DIRECTION ( 'NONE',  ( 0.08715574274765836016, 0.9961946980917455452, 0.000000000000000000 ) ) ;
#1051 = DIRECTION ( 'NONE',  ( -0.000000000000000000, -0.000000000000000000, -1.000000000000000000 ) ) ;
#1052 = LINE ( 'NONE', #1602, #27 ) ;
#1053 = DIRECTION ( 'NONE',  ( 0.000000000000000000, 1.000000000000000000, 0.000000000000000000 ) ) ;
#1054 = VECTOR ( 'NONE', #821, 1000.000000000000000 ) ;
#1055 = CARTESIAN_POINT ( 'NONE',  ( 1.475000000000000089, -1.355252715606880543E-16, -0.5999999999999999778 ) ) ;
#1056 = VERTEX_POINT ( 'NONE', #1789 ) ;
#1057 = VECTOR ( 'NONE', #1772, 1000.000000000000000 ) ;
#1058 = PLANE ( 'NONE',  #1867 ) ;
#1059 = CARTESIAN_POINT ( 'NONE',  ( -0.9786144305904773688, 1.800000000000000044, -0.7202602028266682499 ) ) ;
#1060 = EDGE_CURVE ( 'NONE', #858, #1587, #884, .T. ) ;
#1061 = ORIENTED_EDGE ( 'NONE', *, *, #1084, .F. ) ;
#1062 =( NAMED_UNIT ( * ) SI_UNIT ( $, .STERADIAN. ) SOLID_ANGLE_UNIT ( ) );
#1063 = PLANE ( 'NONE',  #1556 ) ;
#1064 = CARTESIAN_POINT ( 'NONE',  ( -1.450000000000000178, 0.8999999999999989120, 0.2999999999999999889 ) ) ;
#1065 = ORIENTED_EDGE ( 'NONE', *, *, #678, .F. ) ;
#1066 = DIRECTION ( 'NONE',  ( 0.000000000000000000, -0.000000000000000000, -1.000000000000000000 ) ) ;
#1067 = PLANE ( 'NONE',  #120 ) ;
#1068 = EDGE_LOOP ( 'NONE', ( #1217, #1725, #1613, #1181 ) ) ;
#1069 = EDGE_LOOP ( 'NONE', ( #1005, #248, #1506, #1894 ) ) ;
#1070 = CARTESIAN_POINT ( 'NONE',  ( 1.439063917059259845, 0.7750000000000000222, -0.5999999999999999778 ) ) ;
#1071 = DIRECTION ( 'NONE',  ( 1.000000000000000000, 0.000000000000000000, 0.000000000000000000 ) ) ;
#1072 = ORIENTED_EDGE ( 'NONE', *, *, #40, .T. ) ;
#1073 = DIRECTION ( 'NONE',  ( -8.031127203596330602E-17, -1.000000000000000000, 0.000000000000000000 ) ) ;
#1074 = CARTESIAN_POINT ( 'NONE',  ( 1.439063917059259845, 0.7750000000000000222, -0.5999999999999999778 ) ) ;
#1075 = EDGE_LOOP ( 'NONE', ( #237, #1107, #110, #1723 ) ) ;
#1076 = CARTESIAN_POINT ( 'NONE',  ( 1.475000000000000089, 0.1250000000000001110, -0.5999999999999999778 ) ) ;
#1077 = LINE ( 'NONE', #880, #1027 ) ;
#1078 = ORIENTED_EDGE ( 'NONE', *, *, #509, .F. ) ;
#1079 = CYLINDRICAL_SURFACE ( 'NONE', #1631, 0.1250000000000001110 ) ;
#1080 = ADVANCED_FACE ( 'NONE', ( #19 ), #323, .T. ) ;
#1081 = DIRECTION ( 'NONE',  ( 1.000000000000000000, 0.000000000000000000, -1.505292348835243592E-16 ) ) ;
#1082 = CARTESIAN_POINT ( 'NONE',  ( -1.439063917059259845, 0.7750000000000000222, 0.5999999999999999778 ) ) ;
#1083 = FACE_OUTER_BOUND ( 'NONE', #813, .T. ) ;
#1084 = EDGE_CURVE ( 'NONE', #566, #547, #158, .T. ) ;
#1085 = ADVANCED_FACE ( 'NONE', ( #747 ), #1508, .F. ) ;
#1086 = ORIENTED_EDGE ( 'NONE', *, *, #714, .T. ) ;
#1087 = FACE_OUTER_BOUND ( 'NONE', #1448, .T. ) ;
#1088 = FACE_OUTER_BOUND ( 'NONE', #243, .T. ) ;
#1089 = ORIENTED_EDGE ( 'NONE', *, *, #894, .T. ) ;
#1090 = AXIS2_PLACEMENT_3D ( 'NONE', #1594, #446, #1899 ) ;
#1091 = CARTESIAN_POINT ( 'NONE',  ( -1.474999999999999867, 0.8999999999999989120, -0.2999999999999999334 ) ) ;
#1092 = CARTESIAN_POINT ( 'NONE',  ( -0.8000000000000002665, 5.421010862427522170E-17, -0.5999999999999999778 ) ) ;
#1093 = VECTOR ( 'NONE', #1239, 1000.000000000000000 ) ;
#1094 = ORIENTED_EDGE ( 'NONE', *, *, #658, .T. ) ;
#1095 = DIRECTION ( 'NONE',  ( -1.000000000000000000, 0.000000000000000000, 0.000000000000000000 ) ) ;
#1096 = ORIENTED_EDGE ( 'NONE', *, *, #1342, .T. ) ;
#1097 = PLANE ( 'NONE',  #1427 ) ;
#1098 = PLANE ( 'NONE',  #1308 ) ;
#1099 = ORIENTED_EDGE ( 'NONE', *, *, #1249, .T. ) ;
#1100 = ORIENTED_EDGE ( 'NONE', *, *, #363, .F. ) ;
#1101 = VERTEX_POINT ( 'NONE', #1059 ) ;
#1102 = DIRECTION ( 'NONE',  ( 0.000000000000000000, -0.000000000000000000, -1.000000000000000000 ) ) ;
#1103 =( LENGTH_UNIT ( ) NAMED_UNIT ( * ) SI_UNIT ( .MILLI., .METRE. ) );
#1104 = CARTESIAN_POINT ( 'NONE',  ( 1.475000000000000089, 0.1250000000000000000, -0.5999999999999999778 ) ) ;
#1105 = EDGE_LOOP ( 'NONE', ( #1882, #827, #590, #725 ) ) ;
#1106 = AXIS2_PLACEMENT_3D ( 'NONE', #740, #1073, #1792 ) ;
#1107 = ORIENTED_EDGE ( 'NONE', *, *, #1721, .F. ) ;
#1108 = CARTESIAN_POINT ( 'NONE',  ( 1.439063917059259845, 0.7750000000000000222, -0.5999999999999999778 ) ) ;
#1109 = DIRECTION ( 'NONE',  ( -0.000000000000000000, -0.000000000000000000, -1.000000000000000000 ) ) ;
#1110 = ORIENTED_EDGE ( 'NONE', *, *, #254, .F. ) ;
#1111 = CIRCLE ( 'NONE', #462, 0.1250000000000002220 ) ;
#1112 = LINE ( 'NONE', #1407, #298 ) ;
#1113 = LINE ( 'NONE', #1853, #101 ) ;
#1114 = VECTOR ( 'NONE', #573, 1000.000000000000000 ) ;
#1115 = ORIENTED_EDGE ( 'NONE', *, *, #625, .T. ) ;
#1116 =( GEOMETRIC_REPRESENTATION_CONTEXT ( 3 ) GLOBAL_UNCERTAINTY_ASSIGNED_CONTEXT ( ( #1233 ) ) GLOBAL_UNIT_ASSIGNED_CONTEXT ( ( #1741, #995, #1622 ) ) REPRESENTATION_CONTEXT ( 'NONE', 'WORKASPACE' ) );
#1117 = VERTEX_POINT ( 'NONE', #613 ) ;
#1118 = DIRECTION ( 'NONE',  ( -0.000000000000000000, -0.000000000000000000, -1.000000000000000000 ) ) ;
#1119 = AXIS2_PLACEMENT_3D ( 'NONE', #1849, #56, #1843 ) ;
#1120 = EDGE_CURVE ( 'NONE', #322, #1101, #1325, .T. ) ;
#1121 = EDGE_CURVE ( 'NONE', #370, #330, #1933, .T. ) ;
#1122 = CARTESIAN_POINT ( 'NONE',  ( -1.450000000000000178, 0.1550000000000000822, -0.7348209456731865652 ) ) ;
#1123 = VERTEX_POINT ( 'NONE', #766 ) ;
#1124 = ORIENTED_EDGE ( 'NONE', *, *, #1698, .T. ) ;
#1125 = CARTESIAN_POINT ( 'NONE',  ( -1.384820945673185699, 0.1550000000000001099, -0.8000000000000000444 ) ) ;
#1126 = CIRCLE ( 'NONE', #1409, 0.1250000000000001110 ) ;
#1127 = AXIS2_PLACEMENT_3D ( 'NONE', #532, #810, #75 ) ;
#1128 = ORIENTED_EDGE ( 'NONE', *, *, #324, .F. ) ;
#1129 = LINE ( 'NONE', #804, #305 ) ;
#1130 = EDGE_CURVE ( 'NONE', #961, #1445, #461, .T. ) ;
#1131 = VERTEX_POINT ( 'NONE', #604 ) ;
#1132 = PRODUCT_RELATED_PRODUCT_CATEGORY ( 'part', '', ( #430 ) ) ;
#1133 = LINE ( 'NONE', #1767, #938 ) ;
#1134 = EDGE_CURVE ( 'NONE', #1563, #98, #1046, .T. ) ;
#1135 = ORIENTED_EDGE ( 'NONE', *, *, #386, .T. ) ;
#1136 = CARTESIAN_POINT ( 'NONE',  ( 1.384820945673185699, 0.1550000000000001099, -0.7348209456731866762 ) ) ;
#1137 = ORIENTED_EDGE ( 'NONE', *, *, #1374, .T. ) ;
#1138 = EDGE_CURVE ( 'NONE', #582, #234, #592, .T. ) ;
#1139 = EDGE_CURVE ( 'NONE', #130, #1318, #636, .T. ) ;
#1140 = ORIENTED_EDGE ( 'NONE', *, *, #296, .T. ) ;
#1141 = CARTESIAN_POINT ( 'NONE',  ( 1.428137313534005193, 0.6501083502148121696, 0.7781373135340056146 ) ) ;
#1142 = VECTOR ( 'NONE', #809, 1000.000000000000000 ) ;
#1143 = FACE_OUTER_BOUND ( 'NONE', #380, .T. ) ;
#1144 = ORIENTED_EDGE ( 'NONE', *, *, #654, .T. ) ;
#1145 = ORIENTED_EDGE ( 'NONE', *, *, #1134, .F. ) ;
#1146 = VECTOR ( 'NONE', #1066, 1000.000000000000000 ) ;
#1147 = VERTEX_POINT ( 'NONE', #484 ) ;
#1148 = DIRECTION ( 'NONE',  ( -1.505292348835243592E-16, -0.000000000000000000, -1.000000000000000000 ) ) ;
#1149 = LINE ( 'NONE', #421, #1711 ) ;
#1150 = CARTESIAN_POINT ( 'NONE',  ( -1.450000000000000178, 1.800000000000000044, -0.7212602028266682508 ) ) ;
#1151 = ORIENTED_EDGE ( 'NONE', *, *, #531, .T. ) ;
#1152 = LINE ( 'NONE', #552, #667 ) ;
#1153 = VERTEX_POINT ( 'NONE', #279 ) ;
#1154 = EDGE_CURVE ( 'NONE', #1463, #311, #728, .T. ) ;
#1155 = ADVANCED_FACE ( 'NONE', ( #1780 ), #336, .F. ) ;
#1156 = PLANE ( 'NONE',  #1614 ) ;
#1157 = CARTESIAN_POINT ( 'NONE',  ( 0.7400000000000002132, -4.248514203668268234E-18, -0.7212602028266683618 ) ) ;
#1158 = ORIENTED_EDGE ( 'NONE', *, *, #574, .T. ) ;
#1159 = EDGE_LOOP ( 'NONE', ( #198, #1335, #763, #974 ) ) ;
#1160 = CARTESIAN_POINT ( 'NONE',  ( 0.7400000000000002132, 0.000000000000000000, 0.000000000000000000 ) ) ;
#1161 = LINE ( 'NONE', #1740, #687 ) ;
#1162 = VECTOR ( 'NONE', #32, 1000.000000000000000 ) ;
#1163 = AXIS2_PLACEMENT_3D ( 'NONE', #1408, #347, #384 ) ;
#1164 = ADVANCED_FACE ( 'NONE', ( #189 ), #1079, .T. ) ;
#1165 = VERTEX_POINT ( 'NONE', #1064 ) ;
#1166 =( NAMED_UNIT ( * ) PLANE_ANGLE_UNIT ( ) SI_UNIT ( $, .RADIAN. ) );
#1167 = ORIENTED_EDGE ( 'NONE', *, *, #1011, .F. ) ;
#1168 = DIRECTION ( 'NONE',  ( 0.000000000000000000, -0.000000000000000000, 1.000000000000000000 ) ) ;
#1169 = ORIENTED_EDGE ( 'NONE', *, *, #1680, .F. ) ;
#1170 = ORIENTED_EDGE ( 'NONE', *, *, #1655, .T. ) ;
#1171 = DIRECTION ( 'NONE',  ( 0.000000000000000000, 0.000000000000000000, 1.000000000000000000 ) ) ;
#1172 = DIRECTION ( 'NONE',  ( 1.505292348835243592E-16, 0.000000000000000000, 1.000000000000000000 ) ) ;
#1173 = AXIS2_PLACEMENT_3D ( 'NONE', #1263, #944, #1852 ) ;
#1174 = ORIENTED_EDGE ( 'NONE', *, *, #91, .T. ) ;
#1175 = VECTOR ( 'NONE', #219, 1000.000000000000000 ) ;
#1176 = DIRECTION ( 'NONE',  ( -0.000000000000000000, -0.000000000000000000, -1.000000000000000000 ) ) ;
#1177 = DIRECTION ( 'NONE',  ( 1.000000000000000000, 0.000000000000000000, 0.000000000000000000 ) ) ;
#1178 = EDGE_LOOP ( 'NONE', ( #648, #845, #1307, #1151, #755, #919, #1917, #1727, #1580, #1898 ) ) ;
#1179 = CARTESIAN_POINT ( 'NONE',  ( 1.475000000000000089, 0.7750000000000000222, 0.5999999999999999778 ) ) ;
#1180 = EDGE_LOOP ( 'NONE', ( #133, #1745, #1874, #255, #803, #976, #669, #1487 ) ) ;
#1181 = ORIENTED_EDGE ( 'NONE', *, *, #49, .F. ) ;
#1182 = DIRECTION ( 'NONE',  ( 0.000000000000000000, 1.000000000000000000, 0.000000000000000000 ) ) ;
#1183 = DIRECTION ( 'NONE',  ( 1.000000000000000000, -3.614007241618361590E-16, -0.000000000000000000 ) ) ;
#1184 = EDGE_CURVE ( 'NONE', #330, #1585, #1126, .T. ) ;
#1185 = VERTEX_POINT ( 'NONE', #751 ) ;
#1186 = CARTESIAN_POINT ( 'NONE',  ( -1.439063917059259845, 0.7750000000000002442, -0.2999999999999999334 ) ) ;
#1187 = VECTOR ( 'NONE', #114, 1000.000000000000000 ) ;
#1188 = CARTESIAN_POINT ( 'NONE',  ( -1.450000000000000178, 0.000000000000000000, -0.7212602028266682508 ) ) ;
#1189 = DIRECTION ( 'NONE',  ( -1.000000000000000000, 0.000000000000000000, 0.000000000000000000 ) ) ;
#1190 = PLANE ( 'NONE',  #1367 ) ;
#1191 = CARTESIAN_POINT ( 'NONE',  ( -1.475000000000000089, 0.7750000000000000222, -0.2999999999999999334 ) ) ;
#1192 = EDGE_LOOP ( 'NONE', ( #1686, #1346, #244, #1390, #1078, #709, #1353, #52, #527, #726 ) ) ;
#1193 = DIRECTION ( 'NONE',  ( 1.000000000000000000, 0.000000000000000000, -8.707365561646641198E-32 ) ) ;
#1194 = CARTESIAN_POINT ( 'NONE',  ( -1.450000000000000178, 0.9000000000000000222, -0.8000000000000000444 ) ) ;
#1195 = EDGE_CURVE ( 'NONE', #782, #1147, #1535, .T. ) ;
#1196 = VECTOR ( 'NONE', #1071, 1000.000000000000000 ) ;
#1197 = EDGE_CURVE ( 'NONE', #819, #321, #910, .T. ) ;
#1198 = AXIS2_PLACEMENT_3D ( 'NONE', #151, #1702, #1872 ) ;
#1199 = DIRECTION ( 'NONE',  ( -0.08682659386424779191, 0.9924325091389669673, -0.08682659386424779191 ) ) ;
#1200 = PLANE ( 'NONE',  #140 ) ;
#1201 = LINE ( 'NONE', #1223, #570 ) ;
#1202 = ADVANCED_FACE ( 'NONE', ( #1243 ), #1515, .F. ) ;
#1203 = DIRECTION ( 'NONE',  ( -0.000000000000000000, -0.000000000000000000, -1.000000000000000000 ) ) ;
#1204 = PLANE ( 'NONE',  #497 ) ;
#1205 = ADVANCED_FACE ( 'NONE', ( #171 ), #760, .F. ) ;
#1206 = DIRECTION ( 'NONE',  ( 0.000000000000000000, 0.9961946980917455452, 0.08715574274765836016 ) ) ;
#1207 = FACE_OUTER_BOUND ( 'NONE', #1633, .T. ) ;
#1208 = DIRECTION ( 'NONE',  ( 0.000000000000000000, -0.08715574274765836016, -0.9961946980917455452 ) ) ;
#1209 = ORIENTED_EDGE ( 'NONE', *, *, #399, .F. ) ;
#1210 = DIRECTION ( 'NONE',  ( 0.000000000000000000, 1.000000000000000000, 0.000000000000000000 ) ) ;
#1211 = VECTOR ( 'NONE', #901, 1000.000000000000000 ) ;
#1212 = DIRECTION ( 'NONE',  ( -3.614007241618361590E-16, -1.000000000000000000, 0.000000000000000000 ) ) ;
#1213 = CARTESIAN_POINT ( 'NONE',  ( 1.450000000000000178, 0.9000000000000000222, 0.5999999999999999778 ) ) ;
#1214 = CARTESIAN_POINT ( 'NONE',  ( 1.450000000000000844, 0.6750000000000009326, 0.2999999999999999889 ) ) ;
#1215 = VECTOR ( 'NONE', #478, 1000.000000000000000 ) ;
#1216 = FACE_OUTER_BOUND ( 'NONE', #993, .T. ) ;
#1217 = ORIENTED_EDGE ( 'NONE', *, *, #261, .F. ) ;
#1218 = AXIS2_PLACEMENT_3D ( 'NONE', #297, #262, #455 ) ;
#1219 = DIRECTION ( 'NONE',  ( -0.000000000000000000, -0.000000000000000000, -1.000000000000000000 ) ) ;
#1220 = DIRECTION ( 'NONE',  ( -0.000000000000000000, -0.000000000000000000, 1.000000000000000000 ) ) ;
#1221 = AXIS2_PLACEMENT_3D ( 'NONE', #129, #1708, #375 ) ;
#1222 = DIRECTION ( 'NONE',  ( 1.000000000000000000, -3.614007241618361590E-16, 0.000000000000000000 ) ) ;
#1223 = CARTESIAN_POINT ( 'NONE',  ( -1.475000000000000089, 0.9000000000000000222, 0.5999999999999999778 ) ) ;
#1224 = CIRCLE ( 'NONE', #1536, 0.1250000000000001110 ) ;
#1225 = EDGE_CURVE ( 'NONE', #1117, #576, #889, .T. ) ;
#1226 = EDGE_CURVE ( 'NONE', #1591, #1397, #1201, .T. ) ;
#1227 = CARTESIAN_POINT ( 'NONE',  ( -0.8000000000000002665, 0.1250000000000000555, 0.5999999999999999778 ) ) ;
#1228 = DIRECTION ( 'NONE',  ( 0.000000000000000000, 1.000000000000000000, 2.409338161078908548E-16 ) ) ;
#1229 = ORIENTED_EDGE ( 'NONE', *, *, #1286, .T. ) ;
#1230 = CARTESIAN_POINT ( 'NONE',  ( 0.000000000000000000, 1.800000000000000044, 0.000000000000000000 ) ) ;
#1231 = CARTESIAN_POINT ( 'NONE',  ( -1.600000000000000533, 0.7749999999999999112, -0.5999999999999999778 ) ) ;
#1232 = ADVANCED_FACE ( 'NONE', ( #1083 ), #24, .T. ) ;
#1233 = UNCERTAINTY_MEASURE_WITH_UNIT (LENGTH_MEASURE( 1.000000000000000082E-05 ), #1741, 'distance_accuracy_value', 'NONE');
#1234 = ADVANCED_FACE ( 'NONE', ( #629 ), #1682, .T. ) ;
#1235 = PLANE ( 'NONE',  #1106 ) ;
#1236 = DIRECTION ( 'NONE',  ( -0.000000000000000000, -0.000000000000000000, 1.000000000000000000 ) ) ;
#1237 = ORIENTED_EDGE ( 'NONE', *, *, #208, .T. ) ;
#1238 = FACE_OUTER_BOUND ( 'NONE', #990, .T. ) ;
#1239 = DIRECTION ( 'NONE',  ( 0.000000000000000000, 0.000000000000000000, 1.000000000000000000 ) ) ;
#1240 = ORIENTED_EDGE ( 'NONE', *, *, #808, .T. ) ;
#1241 = LINE ( 'NONE', #1707, #192 ) ;
#1242 = DIRECTION ( 'NONE',  ( -1.000000000000000000, 0.000000000000000000, 0.000000000000000000 ) ) ;
#1243 = FACE_OUTER_BOUND ( 'NONE', #586, .T. ) ;
#1244 = AXIS2_PLACEMENT_3D ( 'NONE', #1803, #1212, #1222 ) ;
#1245 = CARTESIAN_POINT ( 'NONE',  ( -1.370260202826668605, 0.2571887426690085410, -0.7202602028266682499 ) ) ;
#1246 = ORIENTED_EDGE ( 'NONE', *, *, #258, .T. ) ;
#1247 = DIRECTION ( 'NONE',  ( -1.000000000000000000, 0.000000000000000000, 1.505292348835243592E-16 ) ) ;
#1248 = VECTOR ( 'NONE', #914, 1000.000000000000000 ) ;
#1249 = EDGE_CURVE ( 'NONE', #1821, #1871, #1826, .T. ) ;
#1250 = CARTESIAN_POINT ( 'NONE',  ( -1.475000000000000089, 0.7750000000000000222, 0.5999999999999999778 ) ) ;
#1251 = DIRECTION ( 'NONE',  ( 0.000000000000000000, -0.000000000000000000, -1.000000000000000000 ) ) ;
#1252 = VERTEX_POINT ( 'NONE', #1352 ) ;
#1253 = DIRECTION ( 'NONE',  ( 0.000000000000000000, -1.000000000000000000, 0.000000000000000000 ) ) ;
#1254 = CARTESIAN_POINT ( 'NONE',  ( 1.600000000000000533, 0.1250000000000000278, 0.5999999999999999778 ) ) ;
#1255 = CARTESIAN_POINT ( 'NONE',  ( -1.450000000000000844, 0.6750000000000009326, -0.2999999999999999889 ) ) ;
#1256 = VERTEX_POINT ( 'NONE', #1937 ) ;
#1257 = AXIS2_PLACEMENT_3D ( 'NONE', #454, #1649, #1341 ) ;
#1258 = EDGE_CURVE ( 'NONE', #1440, #1587, #479, .T. ) ;
#1259 = ORIENTED_EDGE ( 'NONE', *, *, #1401, .F. ) ;
#1260 = DIRECTION ( 'NONE',  ( 1.000000000000000000, -0.000000000000000000, -0.000000000000000000 ) ) ;
#1261 = CARTESIAN_POINT ( 'NONE',  ( 1.475000000000000089, 0.1250000000000000000, 0.5999999999999999778 ) ) ;
#1262 = VERTEX_POINT ( 'NONE', #162 ) ;
#1263 = CARTESIAN_POINT ( 'NONE',  ( 1.475000000000000089, 0.7750000000000000222, -0.5999999999999999778 ) ) ;
#1264 = LINE ( 'NONE', #826, #950 ) ;
#1265 = ORIENTED_EDGE ( 'NONE', *, *, #191, .F. ) ;
#1266 = EDGE_CURVE ( 'NONE', #313, #370, #12, .T. ) ;
#1267 = EDGE_CURVE ( 'NONE', #1454, #1117, #1376, .T. ) ;
#1268 = VERTEX_POINT ( 'NONE', #339 ) ;
#1269 = CARTESIAN_POINT ( 'NONE',  ( -1.600000000000000533, 0.1250000000000000278, 0.5999999999999999778 ) ) ;
#1270 = EDGE_LOOP ( 'NONE', ( #432, #203, #864, #621 ) ) ;
#1271 = CARTESIAN_POINT ( 'NONE',  ( -0.7400000000000002132, -4.248514203668268234E-18, 0.7212602028266681398 ) ) ;
#1272 = EDGE_LOOP ( 'NONE', ( #1086, #358, #31, #1929 ) ) ;
#1273 = ORIENTED_EDGE ( 'NONE', *, *, #553, .T. ) ;
#1274 = PLANE ( 'NONE',  #642 ) ;
#1275 = CIRCLE ( 'NONE', #855, 0.1250000000000001110 ) ;
#1276 = ADVANCED_FACE ( 'NONE', ( #936 ), #194, .T. ) ;
#1277 = PRODUCT_DEFINITION_FORMATION_WITH_SPECIFIED_SOURCE ( 'ANY', '', #430, .NOT_KNOWN. ) ;
#1278 = ADVANCED_FACE ( 'NONE', ( #1837 ), #1638, .F. ) ;
#1279 = ORIENTED_EDGE ( 'NONE', *, *, #1609, .F. ) ;
#1280 = CARTESIAN_POINT ( 'NONE',  ( -1.474999999999999867, 0.8999999999999989120, 0.2999999999999999889 ) ) ;
#1281 = VECTOR ( 'NONE', #700, 1000.000000000000000 ) ;
#1282 = PLANE ( 'NONE',  #1430 ) ;
#1283 = EDGE_CURVE ( 'NONE', #1871, #251, #5, .T. ) ;
#1284 = ORIENTED_EDGE ( 'NONE', *, *, #303, .F. ) ;
#1285 = DIRECTION ( 'NONE',  ( -1.000000000000000000, 1.261050272669426813E-16, 0.000000000000000000 ) ) ;
#1286 = EDGE_CURVE ( 'NONE', #947, #1696, #357, .T. ) ;
#1287 = EDGE_LOOP ( 'NONE', ( #1930, #1505, #1729, #304 ) ) ;
#1288 = ORIENTED_EDGE ( 'NONE', *, *, #1545, .F. ) ;
#1289 = CARTESIAN_POINT ( 'NONE',  ( -1.475000000000000089, 0.1250000000000001110, 0.5999999999999999778 ) ) ;
#1290 = ORIENTED_EDGE ( 'NONE', *, *, #1130, .F. ) ;
#1291 = ORIENTED_EDGE ( 'NONE', *, *, #1913, .T. ) ;
#1292 = ORIENTED_EDGE ( 'NONE', *, *, #179, .F. ) ;
#1293 = DIRECTION ( 'NONE',  ( -0.000000000000000000, 1.000000000000000000, -0.000000000000000000 ) ) ;
#1294 = VECTOR ( 'NONE', #699, 1000.000000000000000 ) ;
#1295 = ORIENTED_EDGE ( 'NONE', *, *, #1486, .T. ) ;
#1296 = LINE ( 'NONE', #1910, #1435 ) ;
#1297 = FACE_OUTER_BOUND ( 'NONE', #1739, .T. ) ;
#1298 =( NAMED_UNIT ( * ) SI_UNIT ( $, .STERADIAN. ) SOLID_ANGLE_UNIT ( ) );
#1299 = EDGE_LOOP ( 'NONE', ( #17, #1618, #1605, #1378 ) ) ;
#1300 = EDGE_CURVE ( 'NONE', #831, #547, #793, .T. ) ;
#1301 = DIRECTION ( 'NONE',  ( -1.000000000000000000, -0.000000000000000000, -0.000000000000000000 ) ) ;
#1302 = AXIS2_PLACEMENT_3D ( 'NONE', #1916, #245, #1177 ) ;
#1303 = ORIENTED_EDGE ( 'NONE', *, *, #382, .F. ) ;
#1304 = VECTOR ( 'NONE', #1219, 1000.000000000000000 ) ;
#1305 = LINE ( 'NONE', #1651, #369 ) ;
#1306 = LINE ( 'NONE', #557, #1769 ) ;
#1307 = ORIENTED_EDGE ( 'NONE', *, *, #1571, .T. ) ;
#1308 = AXIS2_PLACEMENT_3D ( 'NONE', #788, #362, #1699 ) ;
#1309 = CARTESIAN_POINT ( 'NONE',  ( -1.370260202826668605, 1.750000000000000000, -0.7202602028266682499 ) ) ;
#1310 = FACE_OUTER_BOUND ( 'NONE', #543, .T. ) ;
#1311 = SURFACE_SIDE_STYLE ('',( #541 ) ) ;
#1312 = ORIENTED_EDGE ( 'NONE', *, *, #1037, .F. ) ;
#1313 = ORIENTED_EDGE ( 'NONE', *, *, #933, .T. ) ;
#1314 = LINE ( 'NONE', #1906, #1806 ) ;
#1315 = LINE ( 'NONE', #1629, #368 ) ;
#1316 = ORIENTED_EDGE ( 'NONE', *, *, #714, .F. ) ;
#1317 = DIRECTION ( 'NONE',  ( 0.000000000000000000, 0.000000000000000000, 1.000000000000000000 ) ) ;
#1318 = VERTEX_POINT ( 'NONE', #522 ) ;
#1319 = EDGE_CURVE ( 'NONE', #1445, #1147, #496, .T. ) ;
#1320 = PLANE ( 'NONE',  #1302 ) ;
#1321 = VERTEX_POINT ( 'NONE', #1720 ) ;
#1322 = FACE_OUTER_BOUND ( 'NONE', #1299, .T. ) ;
#1323 = ORIENTED_EDGE ( 'NONE', *, *, #1794, .F. ) ;
#1324 = DIRECTION ( 'NONE',  ( -1.000000000000000000, 0.000000000000000000, 0.000000000000000000 ) ) ;
#1325 = LINE ( 'NONE', #1659, #1384 ) ;
#1326 = VECTOR ( 'NONE', #1514, 1000.000000000000000 ) ;
#1327 = DIRECTION ( 'NONE',  ( 0.000000000000000000, -0.000000000000000000, -1.000000000000000000 ) ) ;
#1328 = PLANE ( 'NONE',  #551 ) ;
#1329 = VECTOR ( 'NONE', #1588, 1000.000000000000114 ) ;
#1330 = DIRECTION ( 'NONE',  ( 0.000000000000000000, 0.000000000000000000, -1.000000000000000000 ) ) ;
#1331 = EDGE_CURVE ( 'NONE', #1147, #660, #1415, .T. ) ;
#1332 = EDGE_CURVE ( 'NONE', #1606, #941, #656, .T. ) ;
#1333 = CARTESIAN_POINT ( 'NONE',  ( -0.9786144305904771468, 1.750000000000000000, 0.7202602028266682499 ) ) ;
#1334 = ORIENTED_EDGE ( 'NONE', *, *, #1764, .T. ) ;
#1335 = ORIENTED_EDGE ( 'NONE', *, *, #14, .T. ) ;
#1336 = CARTESIAN_POINT ( 'NONE',  ( -0.9786144305904771468, 1.750000000000000000, 0.7202602028266682499 ) ) ;
#1337 = DIRECTION ( 'NONE',  ( -0.000000000000000000, 0.000000000000000000, -1.000000000000000000 ) ) ;
#1338 = CARTESIAN_POINT ( 'NONE',  ( 1.439063917059259845, 0.7750000000000000222, 0.5999999999999999778 ) ) ;
#1339 = EDGE_CURVE ( 'NONE', #520, #941, #681, .T. ) ;
#1340 = PLANE ( 'NONE',  #1244 ) ;
#1341 = DIRECTION ( 'NONE',  ( 0.000000000000000000, 0.000000000000000000, 1.000000000000000000 ) ) ;
#1342 = EDGE_CURVE ( 'NONE', #1587, #130, #1385, .T. ) ;
#1343 = CARTESIAN_POINT ( 'NONE',  ( -1.439063917059259845, 0.7750000000000000222, -0.2999999999999999334 ) ) ;
#1344 = CARTESIAN_POINT ( 'NONE',  ( -1.600000000000000533, 0.7749999999999999112, 0.5999999999999999778 ) ) ;
#1345 = CARTESIAN_POINT ( 'NONE',  ( -1.600000000000000533, 0.7749999999999999112, 0.2999999999999999889 ) ) ;
#1346 = ORIENTED_EDGE ( 'NONE', *, *, #1475, .F. ) ;
#1347 = CARTESIAN_POINT ( 'NONE',  ( -1.370260202826668383, 1.800000000000000044, 0.7202602028266682499 ) ) ;
#1348 = CARTESIAN_POINT ( 'NONE',  ( 1.475000000000000089, 0.7750000000000000222, 0.5999999999999999778 ) ) ;
#1349 = VECTOR ( 'NONE', #737, 1000.000000000000000 ) ;
#1350 =( NAMED_UNIT ( * ) PLANE_ANGLE_UNIT ( ) SI_UNIT ( $, .RADIAN. ) );
#1351 = LINE ( 'NONE', #11, #1326 ) ;
#1352 = CARTESIAN_POINT ( 'NONE',  ( 0.7400000000000002132, 0.1550000000000000266, -0.7348209456731865652 ) ) ;
#1353 = ORIENTED_EDGE ( 'NONE', *, *, #979, .F. ) ;
#1354 = CARTESIAN_POINT ( 'NONE',  ( -0.9786144305904771468, 1.800000000000000044, 0.7202602028266682499 ) ) ;
#1355 = LINE ( 'NONE', #1032, #631 ) ;
#1356 = ORIENTED_EDGE ( 'NONE', *, *, #1627, .T. ) ;
#1357 = EDGE_LOOP ( 'NONE', ( #602, #674, #1592, #411 ) ) ;
#1358 = LINE ( 'NONE', #1070, #182 ) ;
#1359 = CARTESIAN_POINT ( 'NONE',  ( -1.384820945673185699, 0.1550000000000001099, -0.8000000000000000444 ) ) ;
#1360 = VECTOR ( 'NONE', #1210, 1000.000000000000000 ) ;
#1361 = EDGE_CURVE ( 'NONE', #43, #1875, #366, .T. ) ;
#1362 = ORIENTED_EDGE ( 'NONE', *, *, #124, .T. ) ;
#1363 = LINE ( 'NONE', #1188, #1761 ) ;
#1364 = CARTESIAN_POINT ( 'NONE',  ( -1.450000000000000178, 0.1549999999999997491, 0.7348209456731865652 ) ) ;
#1365 = ADVANCED_FACE ( 'NONE', ( #980 ), #1845, .F. ) ;
#1366 = DIRECTION ( 'NONE',  ( 0.000000000000000000, -0.9961946980917455452, 0.08715574274765836016 ) ) ;
#1367 = AXIS2_PLACEMENT_3D ( 'NONE', #1784, #575, #1168 ) ;
#1368 = CARTESIAN_POINT ( 'NONE',  ( 1.371260202826667829, 1.800000000000000044, -0.7212602028266682508 ) ) ;
#1369 = EDGE_CURVE ( 'NONE', #1726, #1777, #1264, .T. ) ;
#1370 = ORIENTED_EDGE ( 'NONE', *, *, #1547, .T. ) ;
#1371 = CLOSED_SHELL ( 'NONE', ( #204, #572, #1232, #295, #154, #439 ) ) ;
#1372 = CARTESIAN_POINT ( 'NONE',  ( -1.475000000000000089, 0.1250000000000000000, 0.5999999999999999778 ) ) ;
#1373 = CARTESIAN_POINT ( 'NONE',  ( -1.371260202826668495, 1.800000000000000044, 0.8000000000000000444 ) ) ;
#1374 = EDGE_CURVE ( 'NONE', #1875, #927, #1113, .T. ) ;
#1375 = CARTESIAN_POINT ( 'NONE',  ( -1.600000000000000533, 0.7749999999999999112, 0.5999999999999999778 ) ) ;
#1376 = LINE ( 'NONE', #639, #539 ) ;
#1377 = VECTOR ( 'NONE', #1560, 1000.000000000000000 ) ;
#1378 = ORIENTED_EDGE ( 'NONE', *, *, #531, .F. ) ;
#1379 = LINE ( 'NONE', #1388, #1146 ) ;
#1380 = DIRECTION ( 'NONE',  ( -1.000000000000000000, 0.000000000000000000, 0.000000000000000000 ) ) ;
#1381 = ORIENTED_EDGE ( 'NONE', *, *, #160, .T. ) ;
#1382 = LINE ( 'NONE', #1550, #1455 ) ;
#1383 = CARTESIAN_POINT ( 'NONE',  ( -0.9786144305904773688, 1.750000000000000000, -0.7202602028266682499 ) ) ;
#1384 = VECTOR ( 'NONE', #873, 1000.000000000000000 ) ;
#1385 = CIRCLE ( 'NONE', #1163, 0.1250000000000001110 ) ;
#1386 = CARTESIAN_POINT ( 'NONE',  ( 1.474999999999999867, 0.8999999999999989120, -0.2999999999999999334 ) ) ;
#1387 = CARTESIAN_POINT ( 'NONE',  ( -0.9786144305904773688, 0.2571887426690085410, -0.7202602028266682499 ) ) ;
#1388 = CARTESIAN_POINT ( 'NONE',  ( -1.439063917059259845, 0.7750000000000000222, 0.5999999999999999778 ) ) ;
#1389 = ADVANCED_FACE ( 'NONE', ( #1569 ), #1274, .F. ) ;
#1390 = ORIENTED_EDGE ( 'NONE', *, *, #386, .F. ) ;
#1391 = CARTESIAN_POINT ( 'NONE',  ( -1.384820945673185699, 0.1550000000000001099, -0.7348209456731865652 ) ) ;
#1392 = CARTESIAN_POINT ( 'NONE',  ( 1.439063917059259845, 0.7750000000000000222, 0.5999999999999999778 ) ) ;
#1393 = STYLED_ITEM ( 'NONE', ( #159 ), #1477 ) ;
#1394 = FACE_OUTER_BOUND ( 'NONE', #1192, .T. ) ;
#1395 = DIRECTION ( 'NONE',  ( 0.000000000000000000, -1.000000000000000000, 0.000000000000000000 ) ) ;
#1396 = AXIS2_PLACEMENT_3D ( 'NONE', #161, #1672, #1038 ) ;
#1397 = VERTEX_POINT ( 'NONE', #663 ) ;
#1398 = ORIENTED_EDGE ( 'NONE', *, *, #329, .T. ) ;
#1399 = AXIS2_PLACEMENT_3D ( 'NONE', #1214, #318, #1665 ) ;
#1400 = DIRECTION ( 'NONE',  ( 0.000000000000000000, 1.000000000000000000, 4.336808689942009847E-16 ) ) ;
#1401 = EDGE_CURVE ( 'NONE', #1886, #1722, #515, .T. ) ;
#1402 = VERTEX_POINT ( 'NONE', #59 ) ;
#1403 = ORIENTED_EDGE ( 'NONE', *, *, #444, .T. ) ;
#1404 = CARTESIAN_POINT ( 'NONE',  ( -1.370260202826668383, 0.2571887426690085410, 0.7202602028266682499 ) ) ;
#1405 = LINE ( 'NONE', #1122, #1863 ) ;
#1406 = EDGE_LOOP ( 'NONE', ( #1089, #1546, #419, #786 ) ) ;
#1407 = CARTESIAN_POINT ( 'NONE',  ( 0.8000000000000002665, 0.1250000000000000555, -0.5999999999999999778 ) ) ;
#1408 = CARTESIAN_POINT ( 'NONE',  ( -1.475000000000000089, 0.1250000000000000000, -0.5999999999999999778 ) ) ;
#1409 = AXIS2_PLACEMENT_3D ( 'NONE', #38, #1489, #1039 ) ;
#1410 = MECHANICAL_DESIGN_GEOMETRIC_PRESENTATION_REPRESENTATION (  '', ( #912 ), #957 ) ;
#1411 = VERTEX_POINT ( 'NONE', #1768 ) ;
#1412 = LINE ( 'NONE', #1574, #1175 ) ;
#1413 = DIRECTION ( 'NONE',  ( 0.000000000000000000, -0.000000000000000000, -1.000000000000000000 ) ) ;
#1414 = CARTESIAN_POINT ( 'NONE',  ( 1.450000000000000178, 0.9000000000000000222, -0.5999999999999999778 ) ) ;
#1415 = LINE ( 'NONE', #1691, #1003 ) ;
#1416 = ADVANCED_FACE ( 'NONE', ( #1625 ), #876, .F. ) ;
#1417 = ORIENTED_EDGE ( 'NONE', *, *, #1332, .F. ) ;
#1418 = VECTOR ( 'NONE', #1620, 1000.000000000000000 ) ;
#1419 = EDGE_LOOP ( 'NONE', ( #1312, #1158, #634, #359 ) ) ;
#1420 = FACE_OUTER_BOUND ( 'NONE', #1428, .T. ) ;
#1421 = EDGE_CURVE ( 'NONE', #1798, #1759, #241, .T. ) ;
#1422 = CARTESIAN_POINT ( 'NONE',  ( 0.7400000000000002132, 0.1550000000000000266, -0.8000000000000000444 ) ) ;
#1423 = VECTOR ( 'NONE', #1327, 1000.000000000000000 ) ;
#1424 = VECTOR ( 'NONE', #109, 1000.000000000000114 ) ;
#1425 = ORIENTED_EDGE ( 'NONE', *, *, #1060, .T. ) ;
#1426 = DIRECTION ( 'NONE',  ( -1.000000000000000000, 0.000000000000000000, 0.000000000000000000 ) ) ;
#1427 = AXIS2_PLACEMENT_3D ( 'NONE', #787, #1668, #188 ) ;
#1428 = EDGE_LOOP ( 'NONE', ( #72, #1279, #1677, #273 ) ) ;
#1429 = DIRECTION ( 'NONE',  ( 0.000000000000000000, 0.000000000000000000, 1.000000000000000000 ) ) ;
#1430 = AXIS2_PLACEMENT_3D ( 'NONE', #96, #257, #1608 ) ;
#1431 = ORIENTED_EDGE ( 'NONE', *, *, #784, .T. ) ;
#1432 = CARTESIAN_POINT ( 'NONE',  ( -1.450000000000000178, 0.9000000000000000222, -0.8000000000000000444 ) ) ;
#1433 =( LENGTH_UNIT ( ) NAMED_UNIT ( * ) SI_UNIT ( .MILLI., .METRE. ) );
#1434 = EDGE_LOOP ( 'NONE', ( #1519, #229, #1209, #379 ) ) ;
#1435 = VECTOR ( 'NONE', #404, 1000.000000000000000 ) ;
#1436 = VECTOR ( 'NONE', #671, 1000.000000000000000 ) ;
#1437 = ORIENTED_EDGE ( 'NONE', *, *, #65, .T. ) ;
#1438 = LINE ( 'NONE', #697, #705 ) ;
#1439 = EDGE_CURVE ( 'NONE', #1101, #1131, #1612, .T. ) ;
#1440 = VERTEX_POINT ( 'NONE', #842 ) ;
#1441 = CARTESIAN_POINT ( 'NONE',  ( -1.475000000000000089, 0.9000000000000000222, 0.5999999999999999778 ) ) ;
#1442 = EDGE_CURVE ( 'NONE', #1321, #660, #1152, .T. ) ;
#1443 = FILL_AREA_STYLE_COLOUR ( '', #1752 ) ;
#1444 = MANIFOLD_SOLID_BREP ( 'Mirror1', #708 ) ;
#1445 = VERTEX_POINT ( 'NONE', #542 ) ;
#1446 = VECTOR ( 'NONE', #178, 1000.000000000000000 ) ;
#1447 = COLOUR_RGB ( '',0.7294117647058823151, 0.3568627450980392246, 0.02352941176470588203 ) ;
#1448 = EDGE_LOOP ( 'NONE', ( #492, #958, #1017, #1246 ) ) ;
#1449 = FACE_OUTER_BOUND ( 'NONE', #1287, .T. ) ;
#1450 = CIRCLE ( 'NONE', #391, 0.1250000000000001110 ) ;
#1451 = LINE ( 'NONE', #1748, #924 ) ;
#1452 = LINE ( 'NONE', #860, #1187 ) ;
#1453 = VECTOR ( 'NONE', #78, 1000.000000000000000 ) ;
#1454 = VERTEX_POINT ( 'NONE', #1136 ) ;
#1455 = VECTOR ( 'NONE', #344, 1000.000000000000000 ) ;
#1456 = CARTESIAN_POINT ( 'NONE',  ( 1.428137313534005193, 1.149891649785187875, -0.7781373135340056146 ) ) ;
#1457 = CARTESIAN_POINT ( 'NONE',  ( -1.475000000000000089, 5.421010862427522170E-17, 0.5999999999999999778 ) ) ;
#1458 = ORIENTED_EDGE ( 'NONE', *, *, #789, .T. ) ;
#1459 = ORIENTED_EDGE ( 'NONE', *, *, #841, .F. ) ;
#1460 = ORIENTED_EDGE ( 'NONE', *, *, #373, .F. ) ;
#1461 = AXIS2_PLACEMENT_3D ( 'NONE', #568, #1758, #823 ) ;
#1462 = CARTESIAN_POINT ( 'NONE',  ( -1.439063917059259845, 0.7750000000000000222, -0.2999999999999999334 ) ) ;
#1463 = VERTEX_POINT ( 'NONE', #392 ) ;
#1464 = EDGE_CURVE ( 'NONE', #677, #412, #1047, .T. ) ;
#1465 = EDGE_CURVE ( 'NONE', #1875, #1262, #1815, .T. ) ;
#1466 = ORIENTED_EDGE ( 'NONE', *, *, #1060, .F. ) ;
#1467 = CARTESIAN_POINT ( 'NONE',  ( -1.370260202826668605, 1.750000000000000000, -0.7202602028266682499 ) ) ;
#1468 = CYLINDRICAL_SURFACE ( 'NONE', #1090, 0.1250000000000001110 ) ;
#1469 = VERTEX_POINT ( 'NONE', #1647 ) ;
#1470 = ORIENTED_EDGE ( 'NONE', *, *, #533, .F. ) ;
#1471 = FACE_OUTER_BOUND ( 'NONE', #317, .T. ) ;
#1472 = DIRECTION ( 'NONE',  ( 0.000000000000000000, -1.000000000000000000, -2.409338161078908548E-16 ) ) ;
#1473 = SURFACE_STYLE_FILL_AREA ( #562 ) ;
#1474 = DIRECTION ( 'NONE',  ( 0.000000000000000000, -1.000000000000000000, 0.000000000000000000 ) ) ;
#1475 = EDGE_CURVE ( 'NONE', #233, #677, #606, .T. ) ;
#1476 = EDGE_CURVE ( 'NONE', #21, #913, #476, .T. ) ;
#1477 = MANIFOLD_SOLID_BREP ( 'Boss-Extrude3', #1371 ) ;
#1478 = DIRECTION ( 'NONE',  ( -0.000000000000000000, 1.000000000000000000, -0.000000000000000000 ) ) ;
#1479 = PRODUCT_DEFINITION_SHAPE ( 'NONE', 'NONE',  #39 ) ;
#1480 = DIRECTION ( 'NONE',  ( 0.000000000000000000, -1.000000000000000000, 0.000000000000000000 ) ) ;
#1481 = CARTESIAN_POINT ( 'NONE',  ( -1.370260202826668605, 1.750000000000000000, -0.7202602028266682499 ) ) ;
#1482 = ORIENTED_EDGE ( 'NONE', *, *, #254, .T. ) ;
#1483 = VERTEX_POINT ( 'NONE', #1671 ) ;
#1484 = DIRECTION ( 'NONE',  ( 0.08682659386424779191, 0.9924325091389669673, -0.08682659386424779191 ) ) ;
#1485 = DIRECTION ( 'NONE',  ( -0.000000000000000000, -0.000000000000000000, 1.000000000000000000 ) ) ;
#1486 = EDGE_CURVE ( 'NONE', #857, #819, #325, .T. ) ;
#1487 = ORIENTED_EDGE ( 'NONE', *, *, #65, .F. ) ;
#1488 = CARTESIAN_POINT ( 'NONE',  ( -1.439063917059259845, 0.7750000000000000222, 0.5999999999999999778 ) ) ;
#1489 = DIRECTION ( 'NONE',  ( 0.000000000000000000, 0.000000000000000000, 1.000000000000000000 ) ) ;
#1490 = VECTOR ( 'NONE', #1828, 1000.000000000000000 ) ;
#1491 = CARTESIAN_POINT ( 'NONE',  ( -1.475000000000000089, 0.7750000000000000222, 0.5999999999999999778 ) ) ;
#1492 = CARTESIAN_POINT ( 'NONE',  ( -0.8000000000000002665, 0.1250000000000000555, 0.5999999999999999778 ) ) ;
#1493 = LINE ( 'NONE', #1809, #1692 ) ;
#1494 = ORIENTED_EDGE ( 'NONE', *, *, #223, .T. ) ;
#1495 = CARTESIAN_POINT ( 'NONE',  ( -1.475000000000000089, 0.7750000000000000222, 0.5999999999999999778 ) ) ;
#1496 = DIRECTION ( 'NONE',  ( -1.000000000000000000, -3.614007241618361590E-16, 0.000000000000000000 ) ) ;
#1497 = AXIS2_PLACEMENT_3D ( 'NONE', #342, #1538, #1829 ) ;
#1498 = EDGE_LOOP ( 'NONE', ( #1370, #221, #1023, #1859 ) ) ;
#1499 = DIRECTION ( 'NONE',  ( 0.000000000000000000, -0.000000000000000000, -1.000000000000000000 ) ) ;
#1500 = DIRECTION ( 'NONE',  ( 0.000000000000000000, -0.9961946980917455452, 0.08715574274765836016 ) ) ;
#1501 = DIRECTION ( 'NONE',  ( -1.505292348835243592E-16, 0.000000000000000000, -1.000000000000000000 ) ) ;
#1502 = DIRECTION ( 'NONE',  ( -1.000000000000000000, 0.000000000000000000, 0.000000000000000000 ) ) ;
#1503 = CARTESIAN_POINT ( 'NONE',  ( -1.475000000000000089, 0.7750000000000000222, 0.5999999999999999778 ) ) ;
#1504 = DIRECTION ( 'NONE',  ( 1.000000000000000000, 0.000000000000000000, 0.000000000000000000 ) ) ;
#1505 = ORIENTED_EDGE ( 'NONE', *, *, #1258, .F. ) ;
#1506 = ORIENTED_EDGE ( 'NONE', *, *, #1689, .T. ) ;
#1507 = CARTESIAN_POINT ( 'NONE',  ( -1.475000000000000089, 0.7750000000000000222, -0.5999999999999999778 ) ) ;
#1508 = PLANE ( 'NONE',  #783 ) ;
#1509 = EDGE_CURVE ( 'NONE', #212, #566, #739, .T. ) ;
#1510 = VECTOR ( 'NONE', #488, 1000.000000000000000 ) ;
#1511 = VECTOR ( 'NONE', #1301, 1000.000000000000000 ) ;
#1512 = ADVANCED_FACE ( 'NONE', ( #1824 ), #920, .F. ) ;
#1513 = SURFACE_STYLE_FILL_AREA ( #1802 ) ;
#1514 = DIRECTION ( 'NONE',  ( -0.000000000000000000, -0.000000000000000000, -1.000000000000000000 ) ) ;
#1515 = PLANE ( 'NONE',  #1257 ) ;
#1516 = EDGE_CURVE ( 'NONE', #156, #9, #10, .T. ) ;
#1517 = LINE ( 'NONE', #196, #657 ) ;
#1518 = DIRECTION ( 'NONE',  ( 8.707365561646641198E-32, 2.409338161078908548E-16, -1.000000000000000000 ) ) ;
#1519 = ORIENTED_EDGE ( 'NONE', *, *, #836, .T. ) ;
#1520 = ORIENTED_EDGE ( 'NONE', *, *, #1545, .T. ) ;
#1521 = CARTESIAN_POINT ( 'NONE',  ( -0.7400000000000002132, 0.1550000000000000266, -0.8000000000000000444 ) ) ;
#1522 = LINE ( 'NONE', #437, #640 ) ;
#1523 = FACE_OUTER_BOUND ( 'NONE', #738, .T. ) ;
#1524 = DIRECTION ( 'NONE',  ( 0.000000000000000000, -0.000000000000000000, 1.000000000000000000 ) ) ;
#1525 = LINE ( 'NONE', #1245, #60 ) ;
#1526 = AXIS2_PLACEMENT_3D ( 'NONE', #1404, #1429, #991 ) ;
#1527 = CARTESIAN_POINT ( 'NONE',  ( 0.8000000000000002665, 5.421010862427522170E-17, -0.5999999999999999778 ) ) ;
#1528 = ORIENTED_EDGE ( 'NONE', *, *, #1008, .T. ) ;
#1529 = VECTOR ( 'NONE', #1799, 1000.000000000000000 ) ;
#1530 = DIRECTION ( 'NONE',  ( 1.000000000000000000, 0.000000000000000000, 0.000000000000000000 ) ) ;
#1531 = DIRECTION ( 'NONE',  ( 0.000000000000000000, 1.000000000000000000, -0.000000000000000000 ) ) ;
#1532 = CARTESIAN_POINT ( 'NONE',  ( -1.450000000000000178, 0.9000000000000000222, 0.5999999999999999778 ) ) ;
#1533 = AXIS2_PLACEMENT_3D ( 'NONE', #310, #1928, #1504 ) ;
#1534 = FACE_OUTER_BOUND ( 'NONE', #1272, .T. ) ;
#1535 = LINE ( 'NONE', #781, #1850 ) ;
#1536 = AXIS2_PLACEMENT_3D ( 'NONE', #63, #493, #502 ) ;
#1537 = DIRECTION ( 'NONE',  ( 0.000000000000000000, 0.000000000000000000, -1.000000000000000000 ) ) ;
#1538 = DIRECTION ( 'NONE',  ( 0.000000000000000000, 1.000000000000000000, 0.000000000000000000 ) ) ;
#1539 = ORIENTED_EDGE ( 'NONE', *, *, #659, .T. ) ;
#1540 = FILL_AREA_STYLE_COLOUR ( '', #464 ) ;
#1541 = FACE_OUTER_BOUND ( 'NONE', #706, .T. ) ;
#1542 = AXIS2_PLACEMENT_3D ( 'NONE', #300, #1757, #136 ) ;
#1543 = FILL_AREA_STYLE ('',( #66 ) ) ;
#1544 = CARTESIAN_POINT ( 'NONE',  ( -1.475000000000000089, 0.7750000000000000222, 0.2999999999999999889 ) ) ;
#1545 = EDGE_CURVE ( 'NONE', #1262, #857, #1924, .T. ) ;
#1546 = ORIENTED_EDGE ( 'NONE', *, *, #960, .F. ) ;
#1547 = EDGE_CURVE ( 'NONE', #1830, #144, #931, .T. ) ;
#1548 = DIRECTION ( 'NONE',  ( 0.000000000000000000, 0.000000000000000000, 1.000000000000000000 ) ) ;
#1549 = EDGE_LOOP ( 'NONE', ( #1855, #1593, #259, #1847 ) ) ;
#1550 = CARTESIAN_POINT ( 'NONE',  ( -1.600000000000000533, 0.7749999999999999112, 0.2999999999999999889 ) ) ;
#1551 = DIRECTION ( 'NONE',  ( 0.08715574274765605645, 0.9961946980917456562, 0.000000000000000000 ) ) ;
#1552 = EDGE_CURVE ( 'NONE', #913, #1469, #908, .T. ) ;
#1553 = ADVANCED_FACE ( 'NONE', ( #593 ), #1781, .F. ) ;
#1554 = DIRECTION ( 'NONE',  ( -0.08715574274765605645, -0.9961946980917456562, 0.000000000000000000 ) ) ;
#1555 = CARTESIAN_POINT ( 'NONE',  ( 1.475000000000000089, 0.7750000000000000222, 0.5999999999999999778 ) ) ;
#1556 = AXIS2_PLACEMENT_3D ( 'NONE', #293, #150, #1500 ) ;
#1557 = ORIENTED_EDGE ( 'NONE', *, *, #236, .F. ) ;
#1558 = PRESENTATION_LAYER_ASSIGNMENT (  '', '', ( #1716 ) ) ;
#1559 = CLOSED_SHELL ( 'NONE', ( #729, #1276, #1854, #99, #1747, #1771, #238, #1080, #692, #791, #1389, #1553, #1365, #1278, #1833, #1416, #1512, #447, #1234 ) ) ;
#1560 = DIRECTION ( 'NONE',  ( -1.505292348835243592E-16, -0.000000000000000000, -1.000000000000000000 ) ) ;
#1561 = CARTESIAN_POINT ( 'NONE',  ( 0.000000000000000000, 0.000000000000000000, 0.000000000000000000 ) ) ;
#1562 = DIRECTION ( 'NONE',  ( -0.08682659386424779191, -0.9924325091389669673, 0.08682659386424779191 ) ) ;
#1563 = VERTEX_POINT ( 'NONE', #47 ) ;
#1564 = AXIS2_PLACEMENT_3D ( 'NONE', #620, #1518, #1228 ) ;
#1565 = CARTESIAN_POINT ( 'NONE',  ( -1.450000000000000178, 0.9000000000000000222, 0.5999999999999999778 ) ) ;
#1566 = ADVANCED_FACE ( 'NONE', ( #1858 ), #220, .T. ) ;
#1567 = LINE ( 'NONE', #79, #970 ) ;
#1568 = EDGE_CURVE ( 'NONE', #156, #1033, #1405, .T. ) ;
#1569 = FACE_OUTER_BOUND ( 'NONE', #1841, .T. ) ;
#1570 = ORIENTED_EDGE ( 'NONE', *, *, #784, .F. ) ;
#1571 = EDGE_CURVE ( 'NONE', #1777, #212, #1567, .T. ) ;
#1572 = ADVANCED_FACE ( 'NONE', ( #1541 ), #679, .F. ) ;
#1573 = CARTESIAN_POINT ( 'NONE',  ( -1.450000000000000178, 0.9000000000000000222, -0.8000000000000000444 ) ) ;
#1574 = CARTESIAN_POINT ( 'NONE',  ( -1.450000000000000622, 0.9000000000000000222, 0.2999999999999999889 ) ) ;
#1575 = ORIENTED_EDGE ( 'NONE', *, *, #1339, .T. ) ;
#1576 = CARTESIAN_POINT ( 'NONE',  ( -1.370260202826668605, 1.750000000000000000, -0.7202602028266682499 ) ) ;
#1577 = ORIENTED_EDGE ( 'NONE', *, *, #1016, .F. ) ;
#1578 = ORIENTED_EDGE ( 'NONE', *, *, #672, .F. ) ;
#1579 = VECTOR ( 'NONE', #427, 1000.000000000000000 ) ;
#1580 = ORIENTED_EDGE ( 'NONE', *, *, #1184, .T. ) ;
#1581 = LINE ( 'NONE', #685, #1019 ) ;
#1582 = LINE ( 'NONE', #1897, #470 ) ;
#1583 = CIRCLE ( 'NONE', #735, 0.1250000000000001110 ) ;
#1584 = ORIENTED_EDGE ( 'NONE', *, *, #1624, .T. ) ;
#1585 = VERTEX_POINT ( 'NONE', #1254 ) ;
#1586 = EDGE_CURVE ( 'NONE', #1774, #288, #1224, .T. ) ;
#1587 = VERTEX_POINT ( 'NONE', #528 ) ;
#1588 = DIRECTION ( 'NONE',  ( 0.08715574274765605645, -0.9961946980917456562, 0.000000000000000000 ) ) ;
#1589 = VERTEX_POINT ( 'NONE', #1271 ) ;
#1590 = DIRECTION ( 'NONE',  ( 0.000000000000000000, 0.000000000000000000, 1.000000000000000000 ) ) ;
#1591 = VERTEX_POINT ( 'NONE', #1091 ) ;
#1592 = ORIENTED_EDGE ( 'NONE', *, *, #1820, .F. ) ;
#1593 = ORIENTED_EDGE ( 'NONE', *, *, #1421, .T. ) ;
#1594 = CARTESIAN_POINT ( 'NONE',  ( -1.475000000000000089, 0.1250000000000000000, 0.5999999999999999778 ) ) ;
#1595 = EDGE_LOOP ( 'NONE', ( #1657, #1617, #507, #1458 ) ) ;
#1596 = CARTESIAN_POINT ( 'NONE',  ( -1.370260202826668383, 1.800000000000000044, 0.7202602028266682499 ) ) ;
#1597 = DIRECTION ( 'NONE',  ( -0.000000000000000000, -0.000000000000000000, 1.000000000000000000 ) ) ;
#1598 = EDGE_CURVE ( 'NONE', #1252, #1454, #799, .T. ) ;
#1599 = AXIS2_PLACEMENT_3D ( 'NONE', #943, #1413, #964 ) ;
#1600 = EDGE_LOOP ( 'NONE', ( #88, #334, #1879, #401 ) ) ;
#1601 = AXIS2_PLACEMENT_3D ( 'NONE', #485, #1081, #337 ) ;
#1602 = CARTESIAN_POINT ( 'NONE',  ( 1.475000000000000089, 0.9000000000000000222, 0.5999999999999999778 ) ) ;
#1603 = FACE_OUTER_BOUND ( 'NONE', #1180, .T. ) ;
#1604 = ORIENTED_EDGE ( 'NONE', *, *, #1568, .T. ) ;
#1605 = ORIENTED_EDGE ( 'NONE', *, *, #1300, .F. ) ;
#1606 = VERTEX_POINT ( 'NONE', #513 ) ;
#1607 = LINE ( 'NONE', #897, #45 ) ;
#1608 = DIRECTION ( 'NONE',  ( 0.000000000000000000, -0.000000000000000000, 1.000000000000000000 ) ) ;
#1609 = EDGE_CURVE ( 'NONE', #9, #1147, #1241, .T. ) ;
#1610 = ADVANCED_FACE ( 'NONE', ( #381 ), #1098, .F. ) ;
#1611 = ORIENTED_EDGE ( 'NONE', *, *, #992, .F. ) ;
#1612 = LINE ( 'NONE', #1735, #1511 ) ;
#1613 = ORIENTED_EDGE ( 'NONE', *, *, #1016, .T. ) ;
#1614 = AXIS2_PLACEMENT_3D ( 'NONE', #131, #1926, #1615 ) ;
#1615 = DIRECTION ( 'NONE',  ( 1.000000000000000000, 0.000000000000000000, -0.000000000000000000 ) ) ;
#1616 = CARTESIAN_POINT ( 'NONE',  ( -1.439063917059259845, 0.7750000000000000222, 0.2999999999999999889 ) ) ;
#1617 = ORIENTED_EDGE ( 'NONE', *, *, #841, .T. ) ;
#1618 = ORIENTED_EDGE ( 'NONE', *, *, #1084, .T. ) ;
#1619 = VECTOR ( 'NONE', #977, 1000.000000000000000 ) ;
#1620 = DIRECTION ( 'NONE',  ( 1.000000000000000000, 0.000000000000000000, 0.000000000000000000 ) ) ;
#1621 = DIRECTION ( 'NONE',  ( 0.000000000000000000, 0.9961946980917455452, -0.08715574274765836016 ) ) ;
#1622 =( NAMED_UNIT ( * ) SI_UNIT ( $, .STERADIAN. ) SOLID_ANGLE_UNIT ( ) );
#1623 = EDGE_CURVE ( 'NONE', #947, #18, #971, .T. ) ;
#1624 = EDGE_CURVE ( 'NONE', #870, #1483, #354, .T. ) ;
#1625 = FACE_OUTER_BOUND ( 'NONE', #1010, .T. ) ;
#1626 = DIRECTION ( 'NONE',  ( -0.000000000000000000, -0.000000000000000000, -1.000000000000000000 ) ) ;
#1627 = EDGE_CURVE ( 'NONE', #645, #520, #779, .T. ) ;
#1628 = LINE ( 'NONE', #445, #1718 ) ;
#1629 = CARTESIAN_POINT ( 'NONE',  ( 1.600000000000000533, 0.7749999999999999112, -0.5999999999999999778 ) ) ;
#1630 = ADVANCED_FACE ( 'NONE', ( #1687 ), #215, .F. ) ;
#1631 = AXIS2_PLACEMENT_3D ( 'NONE', #1662, #1051, #316 ) ;
#1632 = DIRECTION ( 'NONE',  ( 0.000000000000000000, 1.000000000000000000, -0.000000000000000000 ) ) ;
#1633 = EDGE_LOOP ( 'NONE', ( #712, #398, #266, #856, #1437, #664, #1642 ) ) ;
#1634 = CARTESIAN_POINT ( 'NONE',  ( 0.7399999999999999911, 0.9000000000000000222, 0.8000000000000000444 ) ) ;
#1635 = DIRECTION ( 'NONE',  ( -1.000000000000000000, 0.000000000000000000, 0.000000000000000000 ) ) ;
#1636 = DIRECTION ( 'NONE',  ( -0.000000000000000000, -0.000000000000000000, -1.000000000000000000 ) ) ;
#1637 = FACE_OUTER_BOUND ( 'NONE', #1892, .T. ) ;
#1638 = PLANE ( 'NONE',  #1198 ) ;
#1639 = LINE ( 'NONE', #583, #1057 ) ;
#1640 = PLANE ( 'NONE',  #896 ) ;
#1641 = DIRECTION ( 'NONE',  ( -0.000000000000000000, 0.000000000000000000, -1.000000000000000000 ) ) ;
#1642 = ORIENTED_EDGE ( 'NONE', *, *, #324, .T. ) ;
#1643 = ORIENTED_EDGE ( 'NONE', *, *, #1154, .T. ) ;
#1644 = DIRECTION ( 'NONE',  ( -0.000000000000000000, -0.000000000000000000, -1.000000000000000000 ) ) ;
#1645 = CARTESIAN_POINT ( 'NONE',  ( 1.475000000000000089, 0.1250000000000001110, 0.5999999999999999778 ) ) ;
#1646 = VECTOR ( 'NONE', #1554, 1000.000000000000114 ) ;
#1647 = CARTESIAN_POINT ( 'NONE',  ( -1.450000000000000178, 0.9000000000000000222, -0.5999999999999999778 ) ) ;
#1648 = LINE ( 'NONE', #1782, #1579 ) ;
#1649 = DIRECTION ( 'NONE',  ( -1.000000000000000000, 0.000000000000000000, 0.000000000000000000 ) ) ;
#1650 = VECTOR ( 'NONE', #854, 1000.000000000000000 ) ;
#1651 = CARTESIAN_POINT ( 'NONE',  ( 1.450000000000000622, 0.9000000000000000222, 0.2999999999999999889 ) ) ;
#1652 = ADVANCED_FACE ( 'NONE', ( #806 ), #668, .T. ) ;
#1653 = DIRECTION ( 'NONE',  ( -0.08715574274765605645, 0.9961946980917456562, 0.000000000000000000 ) ) ;
#1654 = PLANE ( 'NONE',  #1564 ) ;
#1655 = EDGE_CURVE ( 'NONE', #119, #9, #269, .T. ) ;
#1656 = ORIENTED_EDGE ( 'NONE', *, *, #1571, .F. ) ;
#1657 = ORIENTED_EDGE ( 'NONE', *, *, #83, .F. ) ;
#1658 = DIRECTION ( 'NONE',  ( 0.000000000000000000, -0.000000000000000000, -1.000000000000000000 ) ) ;
#1659 = CARTESIAN_POINT ( 'NONE',  ( -0.9786144305904773688, 0.2571887426690085410, -0.7202602028266682499 ) ) ;
#1660 = CARTESIAN_POINT ( 'NONE',  ( 1.439063917059259845, 0.7750000000000002442, -0.2999999999999999334 ) ) ;
#1661 = DIRECTION ( 'NONE',  ( -0.000000000000000000, -0.000000000000000000, -1.000000000000000000 ) ) ;
#1662 = CARTESIAN_POINT ( 'NONE',  ( 1.475000000000000089, 0.7750000000000000222, 0.5999999999999999778 ) ) ;
#1663 = ADVANCED_BREP_SHAPE_REPRESENTATION ( 'AVX-TAJ-JN-A', ( #790, #1477, #1444, #197, #1221 ), #33 ) ;
#1664 = VERTEX_POINT ( 'NONE', #548 ) ;
#1665 = DIRECTION ( 'NONE',  ( -1.000000000000000000, -3.614007241618361590E-16, 0.000000000000000000 ) ) ;
#1666 = CARTESIAN_POINT ( 'NONE',  ( -1.450000000000000178, 0.9000000000000000222, 0.5999999999999999778 ) ) ;
#1667 = ORIENTED_EDGE ( 'NONE', *, *, #1267, .F. ) ;
#1668 = DIRECTION ( 'NONE',  ( -8.707365561646641198E-32, 2.409338161078908548E-16, -1.000000000000000000 ) ) ;
#1669 = CARTESIAN_POINT ( 'NONE',  ( -0.9786144305904773688, 1.800000000000000044, -0.7202602028266682499 ) ) ;
#1670 = AXIS2_PLACEMENT_3D ( 'NONE', #1387, #1804, #1501 ) ;
#1671 = CARTESIAN_POINT ( 'NONE',  ( -0.9786144305904773688, 1.750000000000000000, -0.7202602028266682499 ) ) ;
#1672 = DIRECTION ( 'NONE',  ( 0.000000000000000000, 0.000000000000000000, 1.000000000000000000 ) ) ;
#1673 = CARTESIAN_POINT ( 'NONE',  ( -1.475000000000000089, -1.355252715606880543E-16, 0.5999999999999999778 ) ) ;
#1674 = EDGE_LOOP ( 'NONE', ( #1169, #534, #1170, #1100 ) ) ;
#1675 = LINE ( 'NONE', #163, #1490 ) ;
#1676 = PLANE ( 'NONE',  #34 ) ;
#1677 = ORIENTED_EDGE ( 'NONE', *, *, #1516, .F. ) ;
#1678 = DIRECTION ( 'NONE',  ( 0.000000000000000000, 0.000000000000000000, 1.000000000000000000 ) ) ;
#1679 = STYLED_ITEM ( 'NONE', ( #514 ), #790 ) ;
#1680 = EDGE_CURVE ( 'NONE', #1868, #961, #127, .T. ) ;
#1681 = UNCERTAINTY_MEASURE_WITH_UNIT (LENGTH_MEASURE( 1.000000000000000082E-05 ), #1433, 'distance_accuracy_value', 'NONE');
#1682 = PLANE ( 'NONE',  #815 ) ;
#1683 = DIRECTION ( 'NONE',  ( 0.000000000000000000, -0.000000000000000000, -1.000000000000000000 ) ) ;
#1684 = AXIS2_PLACEMENT_3D ( 'NONE', #132, #1762, #599 ) ;
#1685 = CARTESIAN_POINT ( 'NONE',  ( 1.600000000000000533, 0.6749999999999998224, 0.5999999999999999778 ) ) ;
#1686 = ORIENTED_EDGE ( 'NONE', *, *, #1464, .F. ) ;
#1687 = FACE_OUTER_BOUND ( 'NONE', #246, .T. ) ;
#1688 = ADVANCED_FACE ( 'NONE', ( #1143 ), #1014, .F. ) ;
#1689 = EDGE_CURVE ( 'NONE', #412, #288, #1026, .T. ) ;
#1690 = CARTESIAN_POINT ( 'NONE',  ( 1.475000000000000089, 0.1250000000000001110, -0.5999999999999999778 ) ) ;
#1691 = CARTESIAN_POINT ( 'NONE',  ( -1.450000000000000178, 0.9000000000000000222, 0.8000000000000000444 ) ) ;
#1692 = VECTOR ( 'NONE', #743, 1000.000000000000000 ) ;
#1693 = EDGE_LOOP ( 'NONE', ( #61, #260, #703, #435 ) ) ;
#1694 = LINE ( 'NONE', #498, #112 ) ;
#1695 = EDGE_CURVE ( 'NONE', #1585, #251, #1161, .T. ) ;
#1696 = VERTEX_POINT ( 'NONE', #396 ) ;
#1697 = SURFACE_STYLE_FILL_AREA ( #765 ) ;
#1698 = EDGE_CURVE ( 'NONE', #76, #870, #832, .T. ) ;
#1699 = DIRECTION ( 'NONE',  ( 1.000000000000000000, 8.031127203596330602E-17, 0.000000000000000000 ) ) ;
#1700 = VECTOR ( 'NONE', #1484, 1000.000000000000114 ) ;
#1701 = DIRECTION ( 'NONE',  ( 0.000000000000000000, 0.000000000000000000, -1.000000000000000000 ) ) ;
#1702 = DIRECTION ( 'NONE',  ( -1.261050272669426813E-16, 1.000000000000000000, 0.000000000000000000 ) ) ;
#1703 = ORIENTED_EDGE ( 'NONE', *, *, #704, .F. ) ;
#1704 = ORIENTED_EDGE ( 'NONE', *, *, #1913, .F. ) ;
#1705 = ORIENTED_EDGE ( 'NONE', *, *, #1547, .F. ) ;
#1706 = CARTESIAN_POINT ( 'NONE',  ( -0.9786144305904773688, 1.750000000000000000, -0.7202602028266682499 ) ) ;
#1707 = CARTESIAN_POINT ( 'NONE',  ( -1.450000000000000178, 0.9000000000000000222, 0.8000000000000000444 ) ) ;
#1708 = DIRECTION ( 'NONE',  ( 0.000000000000000000, 0.000000000000000000, 1.000000000000000000 ) ) ;
#1709 = SURFACE_STYLE_USAGE ( .BOTH. , #655 ) ;
#1710 = CARTESIAN_POINT ( 'NONE',  ( -1.475000000000000089, 0.1250000000000001110, -0.5999999999999999778 ) ) ;
#1711 = VECTOR ( 'NONE', #727, 1000.000000000000000 ) ;
#1712 = ORIENTED_EDGE ( 'NONE', *, *, #1717, .T. ) ;
#1713 = ADVANCED_FACE ( 'NONE', ( #1297 ), #985, .F. ) ;
#1714 = ORIENTED_EDGE ( 'NONE', *, *, #829, .T. ) ;
#1715 = CARTESIAN_POINT ( 'NONE',  ( -1.475000000000000089, 0.7750000000000002442, -0.2999999999999999334 ) ) ;
#1716 = STYLED_ITEM ( 'NONE', ( #746 ), #197 ) ;
#1717 = EDGE_CURVE ( 'NONE', #1131, #1696, #1001, .T. ) ;
#1718 = VECTOR ( 'NONE', #1502, 1000.000000000000000 ) ;
#1719 = DIRECTION ( 'NONE',  ( 0.000000000000000000, 1.000000000000000000, 0.000000000000000000 ) ) ;
#1720 = CARTESIAN_POINT ( 'NONE',  ( 1.371260202826668273, 1.800000000000000044, 0.7212602028266682508 ) ) ;
#1721 = EDGE_CURVE ( 'NONE', #1252, #576, #538, .T. ) ;
#1722 = VERTEX_POINT ( 'NONE', #1901 ) ;
#1723 = ORIENTED_EDGE ( 'NONE', *, *, #1267, .T. ) ;
#1724 = LINE ( 'NONE', #70, #420 ) ;
#1725 = ORIENTED_EDGE ( 'NONE', *, *, #1442, .T. ) ;
#1726 = VERTEX_POINT ( 'NONE', #247 ) ;
#1727 = ORIENTED_EDGE ( 'NONE', *, *, #1121, .T. ) ;
#1728 = VECTOR ( 'NONE', #327, 1000.000000000000000 ) ;
#1729 = ORIENTED_EDGE ( 'NONE', *, *, #141, .T. ) ;
#1730 = DIRECTION ( 'NONE',  ( -0.000000000000000000, 0.9961946980917455452, 0.08715574274765836016 ) ) ;
#1731 = ORIENTED_EDGE ( 'NONE', *, *, #97, .F. ) ;
#1732 = DIRECTION ( 'NONE',  ( 1.000000000000000000, 0.000000000000000000, -0.000000000000000000 ) ) ;
#1733 = ORIENTED_EDGE ( 'NONE', *, *, #1197, .F. ) ;
#1734 = EDGE_CURVE ( 'NONE', #1056, #1185, #1133, .T. ) ;
#1735 = CARTESIAN_POINT ( 'NONE',  ( -1.370260202826668605, 1.800000000000000044, -0.7202602028266682499 ) ) ;
#1736 = ORIENTED_EDGE ( 'NONE', *, *, #992, .T. ) ;
#1737 = CIRCLE ( 'NONE', #1396, 0.1250000000000001110 ) ;
#1738 = ORIENTED_EDGE ( 'NONE', *, *, #503, .F. ) ;
#1739 = EDGE_LOOP ( 'NONE', ( #225, #1460, #1914, #68, #252, #734, #106, #698, #1733, #627 ) ) ;
#1740 = CARTESIAN_POINT ( 'NONE',  ( 1.600000000000000533, 0.1250000000000000278, 0.5999999999999999778 ) ) ;
#1741 =( LENGTH_UNIT ( ) NAMED_UNIT ( * ) SI_UNIT ( .MILLI., .METRE. ) );
#1742 = VECTOR ( 'NONE', #1366, 1000.000000000000000 ) ;
#1743 = EDGE_CURVE ( 'NONE', #831, #1034, #1582, .T. ) ;
#1744 = ORIENTED_EDGE ( 'NONE', *, *, #382, .T. ) ;
#1745 = ORIENTED_EDGE ( 'NONE', *, *, #1139, .F. ) ;
#1746 = CARTESIAN_POINT ( 'NONE',  ( 0.8000000000000002665, 5.421010862427522170E-17, 0.5999999999999999778 ) ) ;
#1747 = ADVANCED_FACE ( 'NONE', ( #1749, #239 ), #1282, .T. ) ;
#1748 = CARTESIAN_POINT ( 'NONE',  ( -1.600000000000000533, 0.6749999999999998224, 0.5999999999999999778 ) ) ;
#1749 = FACE_BOUND ( 'NONE', #360, .T. ) ;
#1750 = ORIENTED_EDGE ( 'NONE', *, *, #891, .F. ) ;
#1751 = VECTOR ( 'NONE', #883, 1000.000000000000000 ) ;
#1752 = COLOUR_RGB ( '',0.7921568627450980005, 0.8196078431372548767, 0.9333333333333333481 ) ;
#1753 = DIRECTION ( 'NONE',  ( 0.000000000000000000, -1.000000000000000000, -0.000000000000000000 ) ) ;
#1754 = CARTESIAN_POINT ( 'NONE',  ( -1.475000000000000089, 0.9000000000000000222, 0.5999999999999999778 ) ) ;
#1755 = ORIENTED_EDGE ( 'NONE', *, *, #625, .F. ) ;
#1756 = ORIENTED_EDGE ( 'NONE', *, *, #1586, .T. ) ;
#1757 = DIRECTION ( 'NONE',  ( 0.9961946980917457672, -0.08715574274765607032, 0.000000000000000000 ) ) ;
#1758 = DIRECTION ( 'NONE',  ( 0.000000000000000000, -0.08715574274765836016, 0.9961946980917455452 ) ) ;
#1759 = VERTEX_POINT ( 'NONE', #849 ) ;
#1760 = CARTESIAN_POINT ( 'NONE',  ( 1.600000000000000533, 0.7749999999999999112, 0.5999999999999999778 ) ) ;
#1761 = VECTOR ( 'NONE', #306, 1000.000000000000000 ) ;
#1762 = DIRECTION ( 'NONE',  ( 1.000000000000000000, 0.000000000000000000, -0.000000000000000000 ) ) ;
#1763 = ORIENTED_EDGE ( 'NONE', *, *, #1134, .T. ) ;
#1764 = EDGE_CURVE ( 'NONE', #1445, #1321, #1452, .T. ) ;
#1765 = ORIENTED_EDGE ( 'NONE', *, *, #64, .F. ) ;
#1766 = PLANE ( 'NONE',  #80 ) ;
#1767 = CARTESIAN_POINT ( 'NONE',  ( -1.439063917059259845, 0.7750000000000000222, 0.5999999999999999778 ) ) ;
#1768 = CARTESIAN_POINT ( 'NONE',  ( -1.439063917059259845, 0.7750000000000000222, 0.2999999999999999889 ) ) ;
#1769 = VECTOR ( 'NONE', #1330, 1000.000000000000000 ) ;
#1770 = ORIENTED_EDGE ( 'NONE', *, *, #585, .F. ) ;
#1771 = ADVANCED_FACE ( 'NONE', ( #1310 ), #422, .T. ) ;
#1772 = DIRECTION ( 'NONE',  ( -0.000000000000000000, -1.000000000000000000, -2.409338161078908548E-16 ) ) ;
#1773 = DIRECTION ( 'NONE',  ( -1.000000000000000000, 0.000000000000000000, 0.000000000000000000 ) ) ;
#1774 = VERTEX_POINT ( 'NONE', #1345 ) ;
#1775 = VECTOR ( 'NONE', #1380, 1000.000000000000000 ) ;
#1776 = FACE_OUTER_BOUND ( 'NONE', #1159, .T. ) ;
#1777 = VERTEX_POINT ( 'NONE', #762 ) ;
#1778 = VECTOR ( 'NONE', #1172, 1000.000000000000000 ) ;
#1779 = DIRECTION ( 'NONE',  ( 0.000000000000000000, 0.000000000000000000, 1.000000000000000000 ) ) ;
#1780 = FACE_OUTER_BOUND ( 'NONE', #569, .T. ) ;
#1781 = PLANE ( 'NONE',  #1923 ) ;
#1782 = CARTESIAN_POINT ( 'NONE',  ( -1.370260202826668605, 1.800000000000000044, -0.7202602028266682499 ) ) ;
#1783 = CARTESIAN_POINT ( 'NONE',  ( -1.439063917059259845, 0.7750000000000000222, 0.5999999999999999778 ) ) ;
#1784 = CARTESIAN_POINT ( 'NONE',  ( 0.000000000000000000, 1.750000000000000000, 0.000000000000000000 ) ) ;
#1785 = DIRECTION ( 'NONE',  ( -1.000000000000000000, 0.000000000000000000, 1.505292348835243592E-16 ) ) ;
#1786 = VECTOR ( 'NONE', #973, 1000.000000000000000 ) ;
#1787 = EDGE_LOOP ( 'NONE', ( #837, #1334, #605, #696 ) ) ;
#1788 = DIRECTION ( 'NONE',  ( 0.000000000000000000, -0.9961946980917455452, -0.08715574274765836016 ) ) ;
#1789 = CARTESIAN_POINT ( 'NONE',  ( -1.450000000000000178, 0.9000000000000000222, 0.5999999999999999778 ) ) ;
#1790 = DIRECTION ( 'NONE',  ( -0.000000000000000000, -0.000000000000000000, -1.000000000000000000 ) ) ;
#1791 = ADVANCED_FACE ( 'NONE', ( #1776 ), #4, .F. ) ;
#1792 = DIRECTION ( 'NONE',  ( -1.000000000000000000, 8.031127203596330602E-17, 0.000000000000000000 ) ) ;
#1793 = DIRECTION ( 'NONE',  ( 0.9961946980917455452, 0.08715574274765836016, 0.000000000000000000 ) ) ;
#1794 = EDGE_CURVE ( 'NONE', #311, #84, #185, .T. ) ;
#1795 = LINE ( 'NONE', #284, #966 ) ;
#1796 = DIRECTION ( 'NONE',  ( 0.000000000000000000, 1.000000000000000000, 0.000000000000000000 ) ) ;
#1797 = LINE ( 'NONE', #332, #597 ) ;
#1798 = VERTEX_POINT ( 'NONE', #1333 ) ;
#1799 = DIRECTION ( 'NONE',  ( -0.000000000000000000, -0.000000000000000000, 1.000000000000000000 ) ) ;
#1800 = CARTESIAN_POINT ( 'NONE',  ( -1.370260202826668605, 1.750000000000000000, -0.7202602028266682499 ) ) ;
#1801 = PRESENTATION_LAYER_ASSIGNMENT (  '', '', ( #1679 ) ) ;
#1802 = FILL_AREA_STYLE ('',( #35 ) ) ;
#1803 = CARTESIAN_POINT ( 'NONE',  ( -1.450000000000000844, 0.6750000000000009326, 0.2999999999999999889 ) ) ;
#1804 = DIRECTION ( 'NONE',  ( 1.000000000000000000, 0.000000000000000000, -1.505292348835243592E-16 ) ) ;
#1805 = AXIS2_PLACEMENT_3D ( 'NONE', #15, #1053, #53 ) ;
#1806 = VECTOR ( 'NONE', #1203, 1000.000000000000000 ) ;
#1807 = CARTESIAN_POINT ( 'NONE',  ( 1.439063917059259845, 0.7750000000000000222, 0.2999999999999999889 ) ) ;
#1808 = APPLICATION_CONTEXT ( 'automotive_design' ) ;
#1809 = CARTESIAN_POINT ( 'NONE',  ( 1.475000000000000089, 0.9000000000000000222, 0.5999999999999999778 ) ) ;
#1810 = ORIENTED_EDGE ( 'NONE', *, *, #1374, .F. ) ;
#1811 = FACE_OUTER_BOUND ( 'NONE', #978, .T. ) ;
#1812 = CARTESIAN_POINT ( 'NONE',  ( 1.600000000000000533, 0.7750000000000001332, -0.2999999999999999334 ) ) ;
#1813 = AXIS2_PLACEMENT_3D ( 'NONE', #1918, #143, #893 ) ;
#1814 = VECTOR ( 'NONE', #405, 1000.000000000000000 ) ;
#1815 = LINE ( 'NONE', #614, #546 ) ;
#1816 = CARTESIAN_POINT ( 'NONE',  ( -0.8000000000000002665, 0.1250000000000000555, -0.5999999999999999778 ) ) ;
#1817 = DIRECTION ( 'NONE',  ( 1.000000000000000000, -0.000000000000000000, -0.000000000000000000 ) ) ;
#1818 = CARTESIAN_POINT ( 'NONE',  ( 1.475000000000000089, 0.7750000000000000222, 0.2999999999999999889 ) ) ;
#1819 = DIRECTION ( 'NONE',  ( 0.000000000000000000, 0.000000000000000000, 1.000000000000000000 ) ) ;
#1820 = EDGE_CURVE ( 'NONE', #1123, #76, #1355, .T. ) ;
#1821 = VERTEX_POINT ( 'NONE', #1527 ) ;
#1822 = CARTESIAN_POINT ( 'NONE',  ( -1.600000000000000755, 0.6749999999999998224, -0.2999999999999999889 ) ) ;
#1823 = DIRECTION ( 'NONE',  ( 0.000000000000000000, 1.000000000000000000, 0.000000000000000000 ) ) ;
#1824 = FACE_OUTER_BOUND ( 'NONE', #1270, .T. ) ;
#1825 = CARTESIAN_POINT ( 'NONE',  ( 0.8000000000000002665, 0.1250000000000000555, 0.5999999999999999778 ) ) ;
#1826 = LINE ( 'NONE', #617, #1905 ) ;
#1827 = ORIENTED_EDGE ( 'NONE', *, *, #807, .T. ) ;
#1828 = DIRECTION ( 'NONE',  ( 1.000000000000000000, 0.000000000000000000, 0.000000000000000000 ) ) ;
#1829 = DIRECTION ( 'NONE',  ( 0.000000000000000000, 0.000000000000000000, 1.000000000000000000 ) ) ;
#1830 = VERTEX_POINT ( 'NONE', #1191 ) ;
#1831 =( NAMED_UNIT ( * ) SI_UNIT ( $, .STERADIAN. ) SOLID_ANGLE_UNIT ( ) );
#1832 = EDGE_CURVE ( 'NONE', #1726, #968, #1493, .T. ) ;
#1833 = ADVANCED_FACE ( 'NONE', ( #610 ), #754, .F. ) ;
#1834 = VECTOR ( 'NONE', #365, 1000.000000000000000 ) ;
#1835 = UNCERTAINTY_MEASURE_WITH_UNIT (LENGTH_MEASURE( 1.000000000000000082E-05 ), #22, 'distance_accuracy_value', 'NONE');
#1836 = DIRECTION ( 'NONE',  ( -0.000000000000000000, -0.000000000000000000, -1.000000000000000000 ) ) ;
#1837 = FACE_OUTER_BOUND ( 'NONE', #1075, .T. ) ;
#1838 = EDGE_CURVE ( 'NONE', #1268, #125, #1077, .T. ) ;
#1839 = CARTESIAN_POINT ( 'NONE',  ( -1.439063917059259845, 0.7750000000000000222, 0.5999999999999999778 ) ) ;
#1840 = VECTOR ( 'NONE', #904, 1000.000000000000000 ) ;
#1841 = EDGE_LOOP ( 'NONE', ( #756, #172, #1604, #682 ) ) ;
#1842 = CARTESIAN_POINT ( 'NONE',  ( -1.370260202826668605, 0.2571887426690085410, -0.7202602028266682499 ) ) ;
#1843 = DIRECTION ( 'NONE',  ( 1.000000000000000000, 0.000000000000000000, -0.000000000000000000 ) ) ;
#1844 =( NAMED_UNIT ( * ) PLANE_ANGLE_UNIT ( ) SI_UNIT ( $, .RADIAN. ) );
#1845 = PLANE ( 'NONE',  #1127 ) ;
#1846 = ORIENTED_EDGE ( 'NONE', *, *, #1465, .F. ) ;
#1847 = ORIENTED_EDGE ( 'NONE', *, *, #1286, .F. ) ;
#1848 = CARTESIAN_POINT ( 'NONE',  ( -1.450000000000000178, 0.9000000000000000222, 0.8000000000000000444 ) ) ;
#1849 = CARTESIAN_POINT ( 'NONE',  ( -1.450000000000000622, 0.9000000000000000222, 0.2999999999999999889 ) ) ;
#1850 = VECTOR ( 'NONE', #466, 1000.000000000000114 ) ;
#1851 = VECTOR ( 'NONE', #1887, 1000.000000000000000 ) ;
#1852 = DIRECTION ( 'NONE',  ( 1.000000000000000000, 0.000000000000000000, 0.000000000000000000 ) ) ;
#1853 = CARTESIAN_POINT ( 'NONE',  ( 1.475000000000000089, 0.7750000000000000222, 0.5999999999999999778 ) ) ;
#1854 = ADVANCED_FACE ( 'NONE', ( #155 ), #1676, .T. ) ;
#1855 = ORIENTED_EDGE ( 'NONE', *, *, #92, .F. ) ;
#1856 = DIRECTION ( 'NONE',  ( -0.9961946980917455452, -0.08715574274765836016, 0.000000000000000000 ) ) ;
#1857 = EDGE_CURVE ( 'NONE', #1056, #1165, #1797, .T. ) ;
#1858 = FACE_OUTER_BOUND ( 'NONE', #1069, .T. ) ;
#1859 = ORIENTED_EDGE ( 'NONE', *, *, #865, .F. ) ;
#1860 =( NAMED_UNIT ( * ) SI_UNIT ( $, .STERADIAN. ) SOLID_ANGLE_UNIT ( ) );
#1861 = DIRECTION ( 'NONE',  ( -1.000000000000000000, -0.000000000000000000, -0.000000000000000000 ) ) ;
#1862 = ORIENTED_EDGE ( 'NONE', *, *, #329, .F. ) ;
#1863 = VECTOR ( 'NONE', #817, 1000.000000000000000 ) ;
#1864 = EDGE_LOOP ( 'NONE', ( #30, #1240, #1909, #1313 ) ) ;
#1865 = DIRECTION ( 'NONE',  ( 0.08715574274765836016, -0.9961946980917455452, 0.000000000000000000 ) ) ;
#1866 = VECTOR ( 'NONE', #518, 1000.000000000000114 ) ;
#1867 = AXIS2_PLACEMENT_3D ( 'NONE', #1230, #167, #757 ) ;
#1868 = VERTEX_POINT ( 'NONE', #1368 ) ;
#1869 = DIRECTION ( 'NONE',  ( -0.000000000000000000, -0.000000000000000000, 1.000000000000000000 ) ) ;
#1870 = ORIENTED_EDGE ( 'NONE', *, *, #1609, .T. ) ;
#1871 = VERTEX_POINT ( 'NONE', #1055 ) ;
#1872 = DIRECTION ( 'NONE',  ( -1.000000000000000000, -1.261050272669426813E-16, 0.000000000000000000 ) ) ;
#1873 = VECTOR ( 'NONE', #1597, 1000.000000000000000 ) ;
#1874 = ORIENTED_EDGE ( 'NONE', *, *, #232, .F. ) ;
#1875 = VERTEX_POINT ( 'NONE', #433 ) ;
#1876 = CARTESIAN_POINT ( 'NONE',  ( -1.370260202826668605, 1.800000000000000044, -0.7202602028266682499 ) ) ;
#1877 = VECTOR ( 'NONE', #1635, 1000.000000000000000 ) ;
#1878 = AXIS2_PLACEMENT_3D ( 'NONE', #51, #1793, #647 ) ;
#1879 = ORIENTED_EDGE ( 'NONE', *, *, #1331, .T. ) ;
#1880 = VERTEX_POINT ( 'NONE', #29 ) ;
#1881 = CARTESIAN_POINT ( 'NONE',  ( 1.475000000000000089, 0.7750000000000000222, -0.5999999999999999778 ) ) ;
#1882 = ORIENTED_EDGE ( 'NONE', *, *, #1832, .T. ) ;
#1883 = DIRECTION ( 'NONE',  ( 0.000000000000000000, -0.000000000000000000, -1.000000000000000000 ) ) ;
#1884 = ADVANCED_FACE ( 'NONE', ( #16 ), #1654, .F. ) ;
#1885 =( LENGTH_UNIT ( ) NAMED_UNIT ( * ) SI_UNIT ( .MILLI., .METRE. ) );
#1886 = VERTEX_POINT ( 'NONE', #926 ) ;
#1887 = DIRECTION ( 'NONE',  ( 0.000000000000000000, 1.000000000000000000, 0.000000000000000000 ) ) ;
#1888 = PRESENTATION_LAYER_ASSIGNMENT (  '', '', ( #1393 ) ) ;
#1889 = ORIENTED_EDGE ( 'NONE', *, *, #302, .T. ) ;
#1890 = ADVANCED_FACE ( 'NONE', ( #1216 ), #1067, .F. ) ;
#1891 = ADVANCED_FACE ( 'NONE', ( #1322 ), #915, .F. ) ;
#1892 = EDGE_LOOP ( 'NONE', ( #1736, #1577, #1284, #1667 ) ) ;
#1893 = FACE_OUTER_BOUND ( 'NONE', #517, .T. ) ;
#1894 = ORIENTED_EDGE ( 'NONE', *, *, #1586, .F. ) ;
#1895 = MECHANICAL_DESIGN_GEOMETRIC_PRESENTATION_REPRESENTATION (  '', ( #1716 ), #235 ) ;
#1896 = LINE ( 'NONE', #1932, #20 ) ;
#1897 = CARTESIAN_POINT ( 'NONE',  ( 1.475000000000000089, 0.7750000000000000222, 0.5999999999999999778 ) ) ;
#1898 = ORIENTED_EDGE ( 'NONE', *, *, #672, .T. ) ;
#1899 = DIRECTION ( 'NONE',  ( 1.000000000000000000, 0.000000000000000000, 0.000000000000000000 ) ) ;
#1900 = CARTESIAN_POINT ( 'NONE',  ( -1.450000000000000622, 0.9000000000000000222, -0.2999999999999999334 ) ) ;
#1901 = CARTESIAN_POINT ( 'NONE',  ( -1.475000000000000089, 0.6749999999999998224, 0.2999999999999999889 ) ) ;
#1902 = ORIENTED_EDGE ( 'NONE', *, *, #1820, .T. ) ;
#1903 = ADVANCED_FACE ( 'NONE', ( #1042 ), #299, .T. ) ;
#1904 = ADVANCED_FACE ( 'NONE', ( #165 ), #588, .T. ) ;
#1905 = VECTOR ( 'NONE', #1817, 1000.000000000000000 ) ;
#1906 = CARTESIAN_POINT ( 'NONE',  ( 1.475000000000000089, -1.355252715606880543E-16, 0.5999999999999999778 ) ) ;
#1907 = FACE_OUTER_BOUND ( 'NONE', #459, .T. ) ;
#1908 = ORIENTED_EDGE ( 'NONE', *, *, #585, .T. ) ;
#1909 = ORIENTED_EDGE ( 'NONE', *, *, #1838, .T. ) ;
#1910 = CARTESIAN_POINT ( 'NONE',  ( -0.9786144305904773688, 1.750000000000000000, -0.7202602028266682499 ) ) ;
#1911 = CARTESIAN_POINT ( 'NONE',  ( 0.8000000000000002665, 0.1250000000000000555, 0.5999999999999999778 ) ) ;
#1912 = EDGE_CURVE ( 'NONE', #105, #144, #939, .T. ) ;
#1913 = EDGE_CURVE ( 'NONE', #98, #311, #490, .T. ) ;
#1914 = ORIENTED_EDGE ( 'NONE', *, *, #1283, .F. ) ;
#1915 = CARTESIAN_POINT ( 'NONE',  ( -0.9786144305904771468, 1.750000000000000000, 0.7202602028266682499 ) ) ;
#1916 = CARTESIAN_POINT ( 'NONE',  ( -1.370260202826668383, 1.750000000000000000, 0.7202602028266682499 ) ) ;
#1917 = ORIENTED_EDGE ( 'NONE', *, *, #1266, .T. ) ;
#1918 = CARTESIAN_POINT ( 'NONE',  ( 1.439063917059259845, 0.7750000000000000222, 0.5999999999999999778 ) ) ;
#1919 = ORIENTED_EDGE ( 'NONE', *, *, #967, .T. ) ;
#1920 = ORIENTED_EDGE ( 'NONE', *, *, #843, .T. ) ;
#1921 = FACE_OUTER_BOUND ( 'NONE', #415, .T. ) ;
#1922 = CARTESIAN_POINT ( 'NONE',  ( -1.450000000000000844, 0.6750000000000009326, 0.2999999999999999889 ) ) ;
#1923 = AXIS2_PLACEMENT_3D ( 'NONE', #440, #886, #1935 ) ;
#1924 = LINE ( 'NONE', #1660, #767 ) ;
#1925 = FACE_OUTER_BOUND ( 'NONE', #1600, .T. ) ;
#1926 = DIRECTION ( 'NONE',  ( 0.000000000000000000, 0.000000000000000000, 1.000000000000000000 ) ) ;
#1927 = CARTESIAN_POINT ( 'NONE',  ( -0.9786144305904773688, 1.750000000000000000, -0.7202602028266682499 ) ) ;
#1928 = DIRECTION ( 'NONE',  ( 0.000000000000000000, -0.000000000000000000, -1.000000000000000000 ) ) ;
#1929 = ORIENTED_EDGE ( 'NONE', *, *, #222, .T. ) ;
#1930 = ORIENTED_EDGE ( 'NONE', *, *, #1342, .F. ) ;
#1931 = VECTOR ( 'NONE', #1632, 1000.000000000000000 ) ;
#1932 = CARTESIAN_POINT ( 'NONE',  ( 0.8000000000000002665, 5.421010862427522170E-17, 0.5999999999999999778 ) ) ;
#1933 = LINE ( 'NONE', #624, #1349 ) ;
#1934 = ADVANCED_FACE ( 'NONE', ( #1088 ), #776, .F. ) ;
#1935 = DIRECTION ( 'NONE',  ( 0.000000000000000000, 0.000000000000000000, -1.000000000000000000 ) ) ;
#1936 = LINE ( 'NONE', #326, #231 ) ;
#1937 = CARTESIAN_POINT ( 'NONE',  ( -1.370260202826668605, 1.800000000000000044, -0.7202602028266682499 ) ) ;
ENDSEC;
END-ISO-10303-21;
