ISO-10303-21;
HEADER;
FILE_DESCRIPTION (( 'STEP AP214' ),
    '1' );
FILE_NAME ('CUI_DEVICES_TS18-5-25-SL-260-SMT-TR.step',
    '2024-04-17T15:13:47',
    ( '' ),
    ( '' ),
    'SwSTEP 2.0',
    'SolidWorks 2024',
    '' );
FILE_SCHEMA (( 'AUTOMOTIVE_DESIGN' ));
ENDSEC;

DATA;
#1 = VERTEX_POINT ( 'NONE', #144 ) ;
#2 = CIRCLE ( 'NONE', #996, 0.04055118110236220763 ) ;
#3 = ORIENTED_EDGE ( 'NONE', *, *, #4421, .T. ) ;
#4 = CARTESIAN_POINT ( 'NONE',  ( 0.07835038663612800547, 0.03164780135005641065, -0.04772765201781303812 ) ) ;
#5 = PLANE ( 'NONE',  #2681 ) ;
#6 = DIRECTION ( 'NONE',  ( -1.000000000000000000, 0.000000000000000000, 0.000000000000000000 ) ) ;
#7 = CARTESIAN_POINT ( 'NONE',  ( 0.07096433004428559510, 0.04498199997437897502, -0.04350370756854298609 ) ) ;
#8 = CARTESIAN_POINT ( 'NONE',  ( -0.09645669291338584972, 0.02755905511811023584, 0.05880887093013065225 ) ) ;
#9 = VECTOR ( 'NONE', #7178, 39.37007874015748143 ) ;
#10 = ORIENTED_EDGE ( 'NONE', *, *, #7688, .T. ) ;
#11 = ADVANCED_FACE ( 'NONE', ( #3174 ), #2619, .T. ) ;
#12 = ORIENTED_EDGE ( 'NONE', *, *, #6454, .T. ) ;
#13 = EDGE_CURVE ( 'NONE', #2318, #4739, #4378, .T. ) ;
#14 = LINE ( 'NONE', #4852, #1685 ) ;
#15 = LINE ( 'NONE', #1315, #6981 ) ;
#16 = VECTOR ( 'NONE', #2942, 39.37007874015748143 ) ;
#17 = DIRECTION ( 'NONE',  ( -0.000000000000000000, -1.000000000000000000, -0.000000000000000000 ) ) ;
#18 = FACE_OUTER_BOUND ( 'NONE', #7396, .T. ) ;
#19 = CARTESIAN_POINT ( 'NONE',  ( 0.07874015748031494566, 0.03149606299212598381, -0.04811742286199990892 ) ) ;
#20 = ORIENTED_EDGE ( 'NONE', *, *, #4642, .F. ) ;
#21 = CARTESIAN_POINT ( 'NONE',  ( 0.04348643160600111635, 0.04521996676550837924, 0.07080616728494072698 ) ) ;
#22 = AXIS2_PLACEMENT_3D ( 'NONE', #3456, #1326, #4295 ) ;
#23 = ORIENTED_EDGE ( 'NONE', *, *, #2416, .T. ) ;
#24 = EDGE_CURVE ( 'NONE', #1365, #1515, #940, .T. ) ;
#25 = CARTESIAN_POINT ( 'NONE',  ( -0.04840025161949756960, 0.03149606299212594912, -0.07807648606036690642 ) ) ;
#26 = LINE ( 'NONE', #7393, #1804 ) ;
#27 = EDGE_LOOP ( 'NONE', ( #4870, #2397, #2323, #976, #6819, #7200, #4004, #5143 ) ) ;
#28 = ORIENTED_EDGE ( 'NONE', *, *, #2095, .F. ) ;
#29 = CARTESIAN_POINT ( 'NONE',  ( -0.04351193913223798393, 0.04476932692331947461, 0.07108354790047266558 ) ) ;
#30 = CIRCLE ( 'NONE', #1666, 0.01072812687502424332 ) ;
#31 = DIRECTION ( 'NONE',  ( 0.000000000000000000, -1.000000000000000000, 0.000000000000000000 ) ) ;
#32 = CARTESIAN_POINT ( 'NONE',  ( 0.04811742286199984647, 0.04476932692331947461, -0.07108354790047266558 ) ) ;
#33 = CIRCLE ( 'NONE', #5341, 0.0005615202578559341188 ) ;
#34 = VERTEX_POINT ( 'NONE', #6800 ) ;
#35 = CARTESIAN_POINT ( 'NONE',  ( 0.09100150360959005646, 0.005905511811023621965, 0.02001312335958005048 ) ) ;
#36 = ORIENTED_EDGE ( 'NONE', *, *, #4448, .F. ) ;
#37 = CARTESIAN_POINT ( 'NONE',  ( -0.04811742286199986035, 0.03149606299212598381, 0.07874015748031498729 ) ) ;
#38 = ORIENTED_EDGE ( 'NONE', *, *, #5327, .F. ) ;
#39 = VERTEX_POINT ( 'NONE', #2541 ) ;
#40 = CARTESIAN_POINT ( 'NONE',  ( -0.04598634108360963313, 0.03619545847639819847, -0.07660907570192458660 ) ) ;
#41 = AXIS2_PLACEMENT_3D ( 'NONE', #3243, #5672, #1065 ) ;
#42 = CARTESIAN_POINT ( 'NONE',  ( 0.1164233781010027835, 0.005905511811023620231, -0.06299212598425198151 ) ) ;
#43 = CARTESIAN_POINT ( 'NONE',  ( -0.1023622047244094613, 0.007874015748031497688, -0.01870078740157480462 ) ) ;
#44 = CARTESIAN_POINT ( 'NONE',  ( -0.1259842519685039353, -1.574803884209003054E-18, 0.06299212598425198151 ) ) ;
#45 = ADVANCED_FACE ( 'NONE', ( #1327 ), #6257, .T. ) ;
#46 = CARTESIAN_POINT ( 'NONE',  ( 0.07010371479774364645, 0.04469496946141585103, -0.04598272780507826202 ) ) ;
#47 = AXIS2_PLACEMENT_3D ( 'NONE', #1024, #4611, #5238 ) ;
#48 = DIRECTION ( 'NONE',  ( 0.000000000000000000, 0.000000000000000000, -1.000000000000000000 ) ) ;
#49 = ORIENTED_EDGE ( 'NONE', *, *, #6359, .F. ) ;
#50 = DIRECTION ( 'NONE',  ( 1.000000000000000000, 0.000000000000000000, 0.000000000000000000 ) ) ;
#51 = ORIENTED_EDGE ( 'NONE', *, *, #993, .F. ) ;
#52 = CARTESIAN_POINT ( 'NONE',  ( -0.1117542798527060843, 0.01275443361127101029, 0.06299212598425198151 ) ) ;
#53 = VECTOR ( 'NONE', #2480, 39.37007874015748143 ) ;
#54 = LINE ( 'NONE', #2030, #7502 ) ;
#55 = EDGE_CURVE ( 'NONE', #1630, #6908, #6838, .T. ) ;
#56 = FACE_OUTER_BOUND ( 'NONE', #2949, .T. ) ;
#57 = ADVANCED_FACE ( 'NONE', ( #6521 ), #7729, .F. ) ;
#58 = PLANE ( 'NONE',  #269 ) ;
#59 = ORIENTED_EDGE ( 'NONE', *, *, #4910, .F. ) ;
#60 = DIRECTION ( 'NONE',  ( 0.000000000000000000, 0.000000000000000000, -1.000000000000000000 ) ) ;
#61 = VERTEX_POINT ( 'NONE', #5249 ) ;
#62 = FILL_AREA_STYLE_COLOUR ( '', #3070 ) ;
#63 = LINE ( 'NONE', #3730, #1417 ) ;
#64 = CARTESIAN_POINT ( 'NONE',  ( 0.04772765201781301730, 0.03164780135005641065, 0.07835038663612806098 ) ) ;
#65 = DIRECTION ( 'NONE',  ( 0.000000000000000000, 0.000000000000000000, 1.000000000000000000 ) ) ;
#66 = EDGE_CURVE ( 'NONE', #5397, #5112, #4048, .T. ) ;
#67 = CARTESIAN_POINT ( 'NONE',  ( 0.04503609461756347132, 0.03797414095024419928, 0.07476318474431073446 ) ) ;
#68 = ORIENTED_EDGE ( 'NONE', *, *, #6325, .F. ) ;
#69 = DIRECTION ( 'NONE',  ( 0.000000000000000000, 0.000000000000000000, 1.000000000000000000 ) ) ;
#70 =( LENGTH_UNIT ( ) NAMED_UNIT ( * ) SI_UNIT ( $, .METRE. ) );
#71 = DIRECTION ( 'NONE',  ( 2.168404344971012812E-15, 0.000000000000000000, 1.000000000000000000 ) ) ;
#72 = LINE ( 'NONE', #2465, #3393 ) ;
#73 = CARTESIAN_POINT ( 'NONE',  ( -0.04811742286199997831, 0.04724409448818897572, -0.06870810205938816806 ) ) ;
#74 = EDGE_CURVE ( 'NONE', #7232, #4049, #2228, .T. ) ;
#75 = ORIENTED_EDGE ( 'NONE', *, *, #5869, .F. ) ;
#76 = DIRECTION ( 'NONE',  ( -0.7071067811865473507, 0.000000000000000000, -0.7071067811865475727 ) ) ;
#77 = ORIENTED_EDGE ( 'NONE', *, *, #3427, .T. ) ;
#78 = DIRECTION ( 'NONE',  ( -0.000000000000000000, -1.000000000000000000, -0.000000000000000000 ) ) ;
#79 = ORIENTED_EDGE ( 'NONE', *, *, #5099, .T. ) ;
#80 = EDGE_LOOP ( 'NONE', ( #223, #3543, #3287, #6033 ) ) ;
#81 = CARTESIAN_POINT ( 'NONE',  ( -0.09785730298993786103, 0.006473491808287683801, -0.01478308616838400202 ) ) ;
#82 = CARTESIAN_POINT ( 'NONE',  ( 0.000000000000000000, 0.04724409448818898266, 0.04055118110236220763 ) ) ;
#83 = CARTESIAN_POINT ( 'NONE',  ( 0.04495427367712176436, 0.03833892558812827811, -0.07456565152021021881 ) ) ;
#84 = CARTESIAN_POINT ( 'NONE',  ( 0.1164233781010027974, -1.600692183787654230E-18, -0.06299212598425198151 ) ) ;
#85 = DIRECTION ( 'NONE',  ( 0.000000000000000000, 1.000000000000000000, 0.000000000000000000 ) ) ;
#86 = DIRECTION ( 'NONE',  ( -0.000000000000000000, -1.000000000000000000, -0.000000000000000000 ) ) ;
#87 = ORIENTED_EDGE ( 'NONE', *, *, #3006, .F. ) ;
#88 = EDGE_LOOP ( 'NONE', ( #5710, #1225, #1337, #2524, #2664, #1458, #7753, #3888, #4386, #5742, #2803, #4914 ) ) ;
#89 = CARTESIAN_POINT ( 'NONE',  ( -0.1259842519685039353, -1.574803884209003054E-18, 0.06299212598425198151 ) ) ;
#90 = EDGE_CURVE ( 'NONE', #6945, #2699, #7220, .T. ) ;
#91 = CARTESIAN_POINT ( 'NONE',  ( -0.1062992125984252023, 0.009280999427183432571, -0.06299212598425198151 ) ) ;
#92 = CARTESIAN_POINT ( 'NONE',  ( 0.09842519685039370636, 0.005905511811023621965, 0.02263779527559055260 ) ) ;
#93 = LINE ( 'NONE', #683, #131 ) ;
#94 = B_SPLINE_CURVE_WITH_KNOTS ( 'NONE', 3,
 ( #2436, #7245, #6622, #6698, #4233, #6662 ),
 .UNSPECIFIED., .F., .F.,
 ( 4, 2, 4 ),
 ( 0.000000000000000000, 0.5000000000000000000, 1.000000000000000000 ),
 .UNSPECIFIED. ) ;
#95 = ORIENTED_EDGE ( 'NONE', *, *, #6851, .T. ) ;
#96 = CYLINDRICAL_SURFACE ( 'NONE', #896, 0.003937007874015749712 ) ;
#97 = ORIENTED_EDGE ( 'NONE', *, *, #3962, .T. ) ;
#98 = EDGE_CURVE ( 'NONE', #2691, #4311, #4438, .T. ) ;
#99 = CARTESIAN_POINT ( 'NONE',  ( -0.1164233781010027835, 0.006467032068879333823, 0.06299212598425198151 ) ) ;
#100 = CARTESIAN_POINT ( 'NONE',  ( 0.04811742286199991586, 0.03149606299212599075, 0.07844366278012823712 ) ) ;
#101 = CARTESIAN_POINT ( 'NONE',  ( 0.04471013516498520413, 0.04563022806078852883, 0.07051423731127497152 ) ) ;
#102 = AXIS2_PLACEMENT_3D ( 'NONE', #3429, #2908, #356 ) ;
#103 = ORIENTED_EDGE ( 'NONE', *, *, #3436, .T. ) ;
#104 = CARTESIAN_POINT ( 'NONE',  ( 0.07099927356351891372, 0.04493333741124216213, 0.04491104375890726114 ) ) ;
#105 = LINE ( 'NONE', #4224, #5702 ) ;
#106 = EDGE_CURVE ( 'NONE', #7171, #4777, #2336, .T. ) ;
#107 = LINE ( 'NONE', #5522, #7361 ) ;
#108 = EDGE_CURVE ( 'NONE', #2429, #2866, #6209, .T. ) ;
#109 = VECTOR ( 'NONE', #2821, 39.37007874015748143 ) ;
#110 = LINE ( 'NONE', #4954, #2136 ) ;
#111 = CARTESIAN_POINT ( 'NONE',  ( 0.000000000000000000, 0.005905511811023621965, 0.000000000000000000 ) ) ;
#112 = ORIENTED_EDGE ( 'NONE', *, *, #2407, .F. ) ;
#113 = CARTESIAN_POINT ( 'NONE',  ( 0.09645669291338582196, 0.005905511811023621965, 0.01501381231061532304 ) ) ;
#114 = ORIENTED_EDGE ( 'NONE', *, *, #4978, .T. ) ;
#115 = DIRECTION ( 'NONE',  ( 0.5370986485132712707, 0.8435194376925865267, 0.000000000000000000 ) ) ;
#116 = VECTOR ( 'NONE', #174, 39.37007874015748143 ) ;
#117 = EDGE_LOOP ( 'NONE', ( #833, #6152, #4179, #4431, #4283 ) ) ;
#118 = ORIENTED_EDGE ( 'NONE', *, *, #2538, .F. ) ;
#119 = CARTESIAN_POINT ( 'NONE',  ( -0.07825055509013172095, 0.03190852425293756733, -0.04762782047181654543 ) ) ;
#120 = EDGE_CURVE ( 'NONE', #2156, #892, #4776, .T. ) ;
#121 = LINE ( 'NONE', #6223, #3843 ) ;
#122 = CARTESIAN_POINT ( 'NONE',  ( 0.06584623711124469592, 0.03149606299212598381, 0.09645669291338582196 ) ) ;
#123 = CARTESIAN_POINT ( 'NONE',  ( 0.07169689007486970689, 0.04363666782758898049, -0.04376599377924870332 ) ) ;
#124 = VECTOR ( 'NONE', #729, 39.37007874015748143 ) ;
#125 = CARTESIAN_POINT ( 'NONE',  ( 0.05118110236220472370, 0.01574803149606299191, -0.09842519685039370636 ) ) ;
#126 = ORIENTED_EDGE ( 'NONE', *, *, #2603, .T. ) ;
#127 = ORIENTED_EDGE ( 'NONE', *, *, #2741, .F. ) ;
#128 = CARTESIAN_POINT ( 'NONE',  ( 0.04811742286199990892, 0.03860769112990099922, 0.06994293861179348704 ) ) ;
#129 = DIRECTION ( 'NONE',  ( 1.000000000000000000, 0.000000000000000000, 0.000000000000000000 ) ) ;
#130 = CARTESIAN_POINT ( 'NONE',  ( 0.07108354790047265170, 0.04476932692331947461, 0.04811742286199987423 ) ) ;
#131 = VECTOR ( 'NONE', #6754, 39.37007874015748143 ) ;
#132 = CARTESIAN_POINT ( 'NONE',  ( -0.07283464566929136186, 0.005905511811023621965, -0.01870078740157480462 ) ) ;
#133 = DIRECTION ( 'NONE',  ( 1.000000000000000000, 0.000000000000000000, 0.000000000000000000 ) ) ;
#134 = VERTEX_POINT ( 'NONE', #1190 ) ;
#135 = CARTESIAN_POINT ( 'NONE',  ( -0.1023622047244094613, 0.007874015748031471668, 0.01476377952755905838 ) ) ;
#136 = ORIENTED_EDGE ( 'NONE', *, *, #4216, .F. ) ;
#137 = CARTESIAN_POINT ( 'NONE',  ( -0.06496062992125986590, 0.005905511811023621965, 0.02657480314960630405 ) ) ;
#138 = CIRCLE ( 'NONE', #4571, 0.003937007874015749712 ) ;
#139 = CARTESIAN_POINT ( 'NONE',  ( -0.04758537364245529061, 0.03300191498134705248, -0.07745567703864043863 ) ) ;
#140 = CARTESIAN_POINT ( 'NONE',  ( 0.04762782047181661482, 0.03190852425293756733, 0.07825055509013165156 ) ) ;
#141 = CARTESIAN_POINT ( 'NONE',  ( 0.1023622047244094613, 0.005905511811023620231, -0.01476377952755906012 ) ) ;
#142 = CARTESIAN_POINT ( 'NONE',  ( 0.09842519685039370636, 0.005905511811023621965, 0.02263779527559055260 ) ) ;
#143 = VECTOR ( 'NONE', #6482, 39.37007874015748143 ) ;
#144 = CARTESIAN_POINT ( 'NONE',  ( -0.1023622047244094613, 0.01574803149606299191, -0.04894237015283919856 ) ) ;
#145 = ORIENTED_EDGE ( 'NONE', *, *, #585, .F. ) ;
#146 = DIRECTION ( 'NONE',  ( 0.000000000000000000, 0.000000000000000000, 1.000000000000000000 ) ) ;
#147 = LINE ( 'NONE', #1289, #5213 ) ;
#148 = VECTOR ( 'NONE', #5361, 39.37007874015748143 ) ;
#149 = DIRECTION ( 'NONE',  ( 1.000000000000000000, 2.232281561944730346E-16, 0.000000000000000000 ) ) ;
#150 = DIRECTION ( 'NONE',  ( 0.000000000000000000, 1.000000000000000000, 0.000000000000000000 ) ) ;
#151 = ORIENTED_EDGE ( 'NONE', *, *, #436, .T. ) ;
#152 = ADVANCED_FACE ( 'NONE', ( #2844 ), #1744, .T. ) ;
#153 = CARTESIAN_POINT ( 'NONE',  ( 0.07031325140159727649, 0.03792383443922266173, 0.04462688407535077978 ) ) ;
#154 = EDGE_CURVE ( 'NONE', #7558, #2531, #1629, .T. ) ;
#155 = VECTOR ( 'NONE', #5224, 39.37007874015748143 ) ;
#156 = ORIENTED_EDGE ( 'NONE', *, *, #236, .T. ) ;
#157 = LINE ( 'NONE', #2674, #4175 ) ;
#158 = ORIENTED_EDGE ( 'NONE', *, *, #5681, .F. ) ;
#159 = DIRECTION ( 'NONE',  ( -0.5370986485132710486, -0.8435194376925865267, 0.000000000000000000 ) ) ;
#160 = DIRECTION ( 'NONE',  ( 0.000000000000000000, -1.000000000000000000, 0.000000000000000000 ) ) ;
#161 = CIRCLE ( 'NONE', #7740, 0.0005615202578557803789 ) ;
#162 = CARTESIAN_POINT ( 'NONE',  ( 0.04015553881028271349, 0.04315534825624279397, 0.07077827342859774329 ) ) ;
#163 = CARTESIAN_POINT ( 'NONE',  ( 0.1159497248488431664, 0.006165440297272224528, 0.06299212598425198151 ) ) ;
#164 = CARTESIAN_POINT ( 'NONE',  ( 0.07456565152021020493, 0.03833892558812827117, 0.04495427367712177130 ) ) ;
#165 = CARTESIAN_POINT ( 'NONE',  ( 0.1117542798527060843, 0.01275443361127101029, -0.06299212598425198151 ) ) ;
#166 = EDGE_CURVE ( 'NONE', #2354, #5445, #3571, .T. ) ;
#167 = CARTESIAN_POINT ( 'NONE',  ( -0.09645669291338584972, 0.005905511811023621965, 0.02657480314960630058 ) ) ;
#168 = VECTOR ( 'NONE', #1731, 39.37007874015748143 ) ;
#169 = VERTEX_POINT ( 'NONE', #1668 ) ;
#170 = CIRCLE ( 'NONE', #2801, 0.003937007874015747977 ) ;
#171 = ORIENTED_EDGE ( 'NONE', *, *, #3197, .F. ) ;
#172 = CARTESIAN_POINT ( 'NONE',  ( -0.05118110236220472370, 0.01574803149606299191, 0.1023622047244094613 ) ) ;
#173 = DIRECTION ( 'NONE',  ( -0.000000000000000000, -1.000000000000000000, -0.000000000000000000 ) ) ;
#174 = DIRECTION ( 'NONE',  ( 0.7071067811865479058, 0.000000000000000000, -0.7071067811865471286 ) ) ;
#175 = CARTESIAN_POINT ( 'NONE',  ( 0.06692913385826772255, 0.04724409448818895491, -0.04811742286199995056 ) ) ;
#176 = VECTOR ( 'NONE', #2540, 39.37007874015748143 ) ;
#177 = CARTESIAN_POINT ( 'NONE',  ( 0.1259842519685039353, 0.005905511811023618496, 0.06299212598425198151 ) ) ;
#178 = ADVANCED_FACE ( 'NONE', ( #5396 ), #4087, .F. ) ;
#179 = DIRECTION ( 'NONE',  ( -0.000000000000000000, -1.000000000000000000, -0.000000000000000000 ) ) ;
#180 = CARTESIAN_POINT ( 'NONE',  ( -0.04322513669223891630, 0.04724409448818895491, 0.06692913385826775030 ) ) ;
#181 = ORIENTED_EDGE ( 'NONE', *, *, #6203, .T. ) ;
#182 = FACE_OUTER_BOUND ( 'NONE', #6942, .T. ) ;
#183 = ORIENTED_EDGE ( 'NONE', *, *, #7555, .T. ) ;
#184 = LENGTH_MEASURE_WITH_UNIT ( LENGTH_MEASURE( 0.02539999999999999897 ), #6283 );
#185 = DIRECTION ( 'NONE',  ( -0.000000000000000000, -1.000000000000000000, -0.000000000000000000 ) ) ;
#186 = CARTESIAN_POINT ( 'NONE',  ( -0.07092144877917702650, 0.04506030752890936159, -0.04487880767774406199 ) ) ;
#187 = CARTESIAN_POINT ( 'NONE',  ( -0.04656881662357102714, 0.02936772806323774063, -0.07499827571139690285 ) ) ;
#188 = ORIENTED_EDGE ( 'NONE', *, *, #4922, .T. ) ;
#189 = FACE_OUTER_BOUND ( 'NONE', #856, .T. ) ;
#190 = CARTESIAN_POINT ( 'NONE',  ( -0.04322513669223892324, 0.04724409448818895491, -0.06692913385826773642 ) ) ;
#191 = FACE_OUTER_BOUND ( 'NONE', #6024, .T. ) ;
#192 = EDGE_CURVE ( 'NONE', #6710, #6296, #3024, .T. ) ;
#193 = CARTESIAN_POINT ( 'NONE',  ( -0.06877425771313779024, 0.04676143729944548522, 0.04483195213017236724 ) ) ;
#194 = VERTEX_POINT ( 'NONE', #1075 ) ;
#195 = DIRECTION ( 'NONE',  ( 0.000000000000000000, 0.000000000000000000, 1.000000000000000000 ) ) ;
#196 = ORIENTED_EDGE ( 'NONE', *, *, #6563, .F. ) ;
#197 = CARTESIAN_POINT ( 'NONE',  ( 0.05511811023622045780, 0.03149606299212598381, 0.09645669291338584972 ) ) ;
#198 = CARTESIAN_POINT ( 'NONE',  ( -0.04772765201781303812, 0.03164780135005641065, -0.07835038663612800547 ) ) ;
#199 = CARTESIAN_POINT ( 'NONE',  ( 0.1023622047244094613, 0.03149606299212598381, -0.04894237015283919856 ) ) ;
#200 = EDGE_CURVE ( 'NONE', #4029, #1483, #2370, .T. ) ;
#201 = EDGE_CURVE ( 'NONE', #3949, #4234, #1785, .T. ) ;
#202 = FACE_OUTER_BOUND ( 'NONE', #1185, .T. ) ;
#203 = CARTESIAN_POINT ( 'NONE',  ( 0.1023622047244094613, 0.007874015748031471668, -0.01476377952755905838 ) ) ;
#204 = CARTESIAN_POINT ( 'NONE',  ( 0.07820048377683237739, 0.03164152125807666305, -0.04677617801571270356 ) ) ;
#205 = ORIENTED_EDGE ( 'NONE', *, *, #4460, .T. ) ;
#206 = ORIENTED_EDGE ( 'NONE', *, *, #5193, .F. ) ;
#207 = LINE ( 'NONE', #2605, #4652 ) ;
#208 = CARTESIAN_POINT ( 'NONE',  ( -0.06889763779527559306, 0.01574803149606299191, 0.08267716535433072833 ) ) ;
#209 = ADVANCED_FACE ( 'NONE', ( #7658 ), #3047, .T. ) ;
#210 = DIRECTION ( 'NONE',  ( 1.000000000000000000, 0.000000000000000000, 0.000000000000000000 ) ) ;
#211 = EDGE_CURVE ( 'NONE', #3087, #2971, #1274, .T. ) ;
#212 = CARTESIAN_POINT ( 'NONE',  ( 0.04322513669223895100, 0.04724409448818898266, -0.06692913385826773642 ) ) ;
#213 = DIRECTION ( 'NONE',  ( -0.000000000000000000, -0.000000000000000000, -1.000000000000000000 ) ) ;
#214 = FACE_OUTER_BOUND ( 'NONE', #6061, .T. ) ;
#215 = CARTESIAN_POINT ( 'NONE',  ( -0.04368041252709783245, 0.04401821717066634748, 0.07149027865524225367 ) ) ;
#216 = EDGE_LOOP ( 'NONE', ( #1428, #2510, #5983, #4142 ) ) ;
#217 = DIRECTION ( 'NONE',  ( 0.000000000000000000, 1.000000000000000000, 0.000000000000000000 ) ) ;
#218 = ORIENTED_EDGE ( 'NONE', *, *, #1555, .T. ) ;
#219 = LINE ( 'NONE', #5724, #898 ) ;
#220 = EDGE_CURVE ( 'NONE', #4117, #4552, #1393, .T. ) ;
#221 = CARTESIAN_POINT ( 'NONE',  ( -0.06786764824543582708, 0.04245713330346760628, 0.04361388207989210647 ) ) ;
#222 = CARTESIAN_POINT ( 'NONE',  ( -0.07123201438070790592, 0.04449515384951299030, -0.04357343596190926815 ) ) ;
#223 = ORIENTED_EDGE ( 'NONE', *, *, #211, .F. ) ;
#224 = ORIENTED_EDGE ( 'NONE', *, *, #4558, .T. ) ;
#225 = CARTESIAN_POINT ( 'NONE',  ( 0.07667462149314441255, 0.03257173687834654524, 0.04869586204253958245 ) ) ;
#226 = VECTOR ( 'NONE', #2834, 39.37007874015748143 ) ;
#227 = LINE ( 'NONE', #6291, #507 ) ;
#228 = LINE ( 'NONE', #6954, #7097 ) ;
#229 = LINE ( 'NONE', #2049, #1886 ) ;
#230 = VECTOR ( 'NONE', #3704, 39.37007874015748143 ) ;
#231 = CARTESIAN_POINT ( 'NONE',  ( -0.07123201438070794755, 0.04449515384951295560, 0.04357343596190930285 ) ) ;
#232 = EDGE_LOOP ( 'NONE', ( #399, #5103, #3499, #7150 ) ) ;
#233 = LINE ( 'NONE', #4997, #1490 ) ;
#234 = VERTEX_POINT ( 'NONE', #6824 ) ;
#235 = CYLINDRICAL_SURFACE ( 'NONE', #2037, 0.0005615202578559341188 ) ;
#236 = EDGE_CURVE ( 'NONE', #813, #4798, #503, .T. ) ;
#237 = SURFACE_SIDE_STYLE ('',( #2014 ) ) ;
#238 = VECTOR ( 'NONE', #3103, 39.37007874015748143 ) ;
#239 = CARTESIAN_POINT ( 'NONE',  ( 0.09645669291338582196, 0.005905511811023621965, -0.01501381231061532304 ) ) ;
#240 = CARTESIAN_POINT ( 'NONE',  ( -0.09666949366773189278, 0.005905511811023621965, 0.01495886739210580685 ) ) ;
#241 = CARTESIAN_POINT ( 'NONE',  ( -0.04322513669223893018, 0.04724409448818898266, 0.06692913385826773642 ) ) ;
#242 = VECTOR ( 'NONE', #2237, 39.37007874015748854 ) ;
#243 = LINE ( 'NONE', #6077, #7105 ) ;
#244 = CARTESIAN_POINT ( 'NONE',  ( 0.07807648606036764194, 0.03149606299212594912, -0.04840025161949586263 ) ) ;
#245 = EDGE_CURVE ( 'NONE', #6562, #5795, #1884, .T. ) ;
#246 = VERTEX_POINT ( 'NONE', #6237 ) ;
#247 = EDGE_LOOP ( 'NONE', ( #1967, #1234, #6910, #3736, #188, #1847, #7811, #4670 ) ) ;
#248 = CARTESIAN_POINT ( 'NONE',  ( 0.04811742286199990892, 0.04289462535336164423, 0.06762153619863522924 ) ) ;
#249 = VECTOR ( 'NONE', #7499, 39.37007874015748143 ) ;
#250 = DIRECTION ( 'NONE',  ( 0.000000000000000000, 0.000000000000000000, 1.000000000000000000 ) ) ;
#251 = CARTESIAN_POINT ( 'NONE',  ( -0.04322513669223893018, 0.04330708661417322081, 0.06692913385826773642 ) ) ;
#252 = CARTESIAN_POINT ( 'NONE',  ( 0.1062992125984252023, 0.009842519685039368207, -0.06299212598425198151 ) ) ;
#253 = CARTESIAN_POINT ( 'NONE',  ( -0.04818237452963441275, 0.03486103293681050430, 0.07543495297537988753 ) ) ;
#254 = EDGE_CURVE ( 'NONE', #6570, #5416, #7747, .T. ) ;
#255 = ADVANCED_FACE ( 'NONE', ( #1396 ), #754, .T. ) ;
#256 = ORIENTED_EDGE ( 'NONE', *, *, #7520, .F. ) ;
#257 = LINE ( 'NONE', #5056, #1017 ) ;
#258 = ORIENTED_EDGE ( 'NONE', *, *, #3040, .T. ) ;
#259 =( BOUNDED_SURFACE ( )  B_SPLINE_SURFACE ( 3, 1, ( 
 ( #4109, #3671 ),
 ( #513, #1180 ),
 ( #5461, #5385 ),
 ( #7290, #2915 ),
 ( #5985, #4763 ),
 ( #6027, #7163 ),
 ( #6583, #5350 ),
 ( #6543, #4 ),
 ( #2441, #672 ),
 ( #2401, #1218 ) ),
 .UNSPECIFIED., .F., .F., .T. ) 
 B_SPLINE_SURFACE_WITH_KNOTS ( ( 4, 3, 3, 4 ),
 ( 2, 2 ),
 ( 0.000000000000000000, 0.2470520139942820048, 0.9588246643342857034, 1.000000000000000000 ),
 ( 0.000000000000000000, 1.000000000000000000 ),
 .UNSPECIFIED. ) 
 GEOMETRIC_REPRESENTATION_ITEM ( )  RATIONAL_B_SPLINE_SURFACE ( (
 ( 1.000000000000000000, 1.000000000000000000),
 ( 0.9060799708944983211, 0.9060799708944983211),
 ( 0.9060799708944983211, 0.9060799708944983211),
 ( 1.000000000000000000, 1.000000000000000000),
 ( 1.000000000000000000, 1.000000000000000000),
 ( 1.000000000000000000, 1.000000000000000000),
 ( 1.000000000000000000, 1.000000000000000000),
 ( 0.9060799708944987652, 0.9060799708944987652),
 ( 0.9060799708944987652, 0.9060799708944987652),
 ( 1.000000000000000000, 1.000000000000000000) ) ) 
 REPRESENTATION_ITEM ( '' )  SURFACE ( )  );
#260 = PLANE ( 'NONE',  #2195 ) ;
#261 = CARTESIAN_POINT ( 'NONE',  ( 0.04875505064891251517, 0.03230785462245897022, -0.07681751542938788924 ) ) ;
#262 = DIRECTION ( 'NONE',  ( 0.000000000000000000, 0.000000000000000000, 1.000000000000000000 ) ) ;
#263 = CARTESIAN_POINT ( 'NONE',  ( -0.07260030867739575289, 0.04196832454366426074, -0.04557421421691051910 ) ) ;
#264 =( GEOMETRIC_REPRESENTATION_CONTEXT ( 3 ) GLOBAL_UNCERTAINTY_ASSIGNED_CONTEXT ( ( #2906 ) ) GLOBAL_UNIT_ASSIGNED_CONTEXT ( ( #4301, #659, #7315 ) ) REPRESENTATION_CONTEXT ( 'NONE', 'WORKASPACE' ) );
#265 = CARTESIAN_POINT ( 'NONE',  ( 0.04715539950382495460, 0.03943962505373850569, 0.07295561593984992155 ) ) ;
#266 = EDGE_CURVE ( 'NONE', #7795, #5611, #93, .T. ) ;
#267 = VERTEX_POINT ( 'NONE', #6791 ) ;
#268 = CARTESIAN_POINT ( 'NONE',  ( 0.07847086105113867949, 0.03149606299212600463, 0.04744814616813111674 ) ) ;
#269 = AXIS2_PLACEMENT_3D ( 'NONE', #3120, #716, #6159 ) ;
#270 = ORIENTED_EDGE ( 'NONE', *, *, #565, .F. ) ;
#271 = FACE_OUTER_BOUND ( 'NONE', #582, .T. ) ;
#272 = CARTESIAN_POINT ( 'NONE',  ( 0.09785730298993786103, 0.006473491808287683801, 0.01478308616838400202 ) ) ;
#273 = DIRECTION ( 'NONE',  ( 0.000000000000000000, 0.000000000000000000, 1.000000000000000000 ) ) ;
#274 = VERTEX_POINT ( 'NONE', #2485 ) ;
#275 = CARTESIAN_POINT ( 'NONE',  ( -0.07818893826624821741, 0.03164780135005641065, 0.04811742286199992974 ) ) ;
#276 = VERTEX_POINT ( 'NONE', #3008 ) ;
#277 = DIRECTION ( 'NONE',  ( 0.000000000000000000, 0.000000000000000000, -1.000000000000000000 ) ) ;
#278 = CARTESIAN_POINT ( 'NONE',  ( 0.07458542502473751445, 0.03003382268297973001, -0.04639663789471758226 ) ) ;
#279 = AXIS2_PLACEMENT_3D ( 'NONE', #7219, #7177, #1628 ) ;
#280 = CARTESIAN_POINT ( 'NONE',  ( 0.05511811023622047861, 0.03149606299212598381, -0.09645669291338584972 ) ) ;
#281 = VECTOR ( 'NONE', #1496, 39.37007874015748143 ) ;
#282 = FACE_BOUND ( 'NONE', #3565, .T. ) ;
#283 = DIRECTION ( 'NONE',  ( 1.000000000000000000, 0.000000000000000000, -1.224646799147353207E-16 ) ) ;
#284 = ORIENTED_EDGE ( 'NONE', *, *, #6210, .T. ) ;
#285 = AXIS2_PLACEMENT_3D ( 'NONE', #3005, #484, #4735 ) ;
#286 = DIRECTION ( 'NONE',  ( 0.000000000000000000, 1.000000000000000000, 0.000000000000000000 ) ) ;
#287 = CARTESIAN_POINT ( 'NONE',  ( 0.05511811023622046474, 0.03149606299212598381, 0.1023622047244094613 ) ) ;
#288 = DIRECTION ( 'NONE',  ( 1.000000000000000000, 0.000000000000000000, 0.000000000000000000 ) ) ;
#289 = CARTESIAN_POINT ( 'NONE',  ( -0.04811742286199988811, 0.03149606299212598381, 0.07874015748031495954 ) ) ;
#290 = CIRCLE ( 'NONE', #3183, 0.04055118110236220763 ) ;
#291 = CARTESIAN_POINT ( 'NONE',  ( 0.06889763779527559306, 0.009842519685039369942, 0.06299212598425198151 ) ) ;
#292 = CARTESIAN_POINT ( 'NONE',  ( -0.04865307141646411232, 0.03276251154988523567, 0.07657131578333074839 ) ) ;
#293 = ORIENTED_EDGE ( 'NONE', *, *, #4025, .T. ) ;
#294 = VERTEX_POINT ( 'NONE', #1910 ) ;
#295 = CARTESIAN_POINT ( 'NONE',  ( -0.08728965698918823846, 0.005905511811023621965, 0.02263779527559055260 ) ) ;
#296 = CARTESIAN_POINT ( 'NONE',  ( 0.1164233781010027835, 0.005905511811023553444, -0.06299212598425198151 ) ) ;
#297 = VECTOR ( 'NONE', #2759, 39.37007874015748143 ) ;
#298 = CARTESIAN_POINT ( 'NONE',  ( -0.09842519685039370636, 0.01574803149606299191, 0.04500536227882346446 ) ) ;
#299 = EDGE_CURVE ( 'NONE', #2301, #5938, #5545, .T. ) ;
#300 = EDGE_CURVE ( 'NONE', #2971, #3949, #3662, .T. ) ;
#301 = CARTESIAN_POINT ( 'NONE',  ( -0.07776559416808161151, 0.03242959096673101588, -0.04771374552068153446 ) ) ;
#302 = CARTESIAN_POINT ( 'NONE',  ( 0.04357343596190924040, 0.04449515384951303193, 0.07123201438070794755 ) ) ;
#303 =( BOUNDED_SURFACE ( )  B_SPLINE_SURFACE ( 3, 1, ( 
 ( #4865, #7269 ),
 ( #1835, #650 ),
 ( #4254, #3054 ),
 ( #6130, #6873 ),
 ( #2114, #6830 ),
 ( #2618, #881 ),
 ( #6326, #2657 ),
 ( #1442, #7544 ),
 ( #3290, #6244 ),
 ( #5725, #919 ) ),
 .UNSPECIFIED., .F., .F., .F. ) 
 B_SPLINE_SURFACE_WITH_KNOTS ( ( 4, 3, 3, 4 ),
 ( 2, 2 ),
 ( 0.000000000000000000, 0.2470520139942833093, 0.9588246643342867026, 1.000000000000000000 ),
 ( 0.000000000000000000, 1.000000000000000000 ),
 .UNSPECIFIED. ) 
 GEOMETRIC_REPRESENTATION_ITEM ( )  RATIONAL_B_SPLINE_SURFACE ( (
 ( 1.000000000000000000, 1.000000000000000000),
 ( 0.9060799708944990982, 0.9060799708944990982),
 ( 0.9060799708944990982, 0.9060799708944990982),
 ( 1.000000000000000000, 1.000000000000000000),
 ( 1.000000000000000000, 1.000000000000000000),
 ( 1.000000000000000000, 1.000000000000000000),
 ( 1.000000000000000000, 1.000000000000000000),
 ( 0.9060799708944982100, 0.9060799708944982100),
 ( 0.9060799708944982100, 0.9060799708944982100),
 ( 1.000000000000000000, 1.000000000000000000) ) ) 
 REPRESENTATION_ITEM ( '' )  SURFACE ( )  );
#304 = VECTOR ( 'NONE', #2253, 39.37007874015748143 ) ;
#305 = ORIENTED_EDGE ( 'NONE', *, *, #7381, .F. ) ;
#306 = CARTESIAN_POINT ( 'NONE',  ( 0.07706878698518308812, 0.03371638490757853518, 0.04599110633517047853 ) ) ;
#307 = EDGE_LOOP ( 'NONE', ( #6877, #4973, #6493, #7533 ) ) ;
#308 = CARTESIAN_POINT ( 'NONE',  ( -0.09645669291338584972, 0.03149606299212598381, 0.04894237015283921244 ) ) ;
#309 = DIRECTION ( 'NONE',  ( 0.000000000000000000, 0.000000000000000000, 1.000000000000000000 ) ) ;
#310 = CARTESIAN_POINT ( 'NONE',  ( 0.05511811023622046474, 0.01574803149606302313, 0.09842519685039370636 ) ) ;
#311 = ADVANCED_FACE ( 'NONE', ( #3723 ), #58, .F. ) ;
#312 = AXIS2_PLACEMENT_3D ( 'NONE', #4082, #6517, #6402 ) ;
#313 = CARTESIAN_POINT ( 'NONE',  ( -0.07466642287366997977, 0.03815283111289113904, 0.04643002673841881145 ) ) ;
#314 = ORIENTED_EDGE ( 'NONE', *, *, #1410, .T. ) ;
#315 = LINE ( 'NONE', #5146, #890 ) ;
#316 = CARTESIAN_POINT ( 'NONE',  ( 0.04347150067081172187, 0.04563202121754619117, -0.07049778985967469769 ) ) ;
#317 = EDGE_CURVE ( 'NONE', #6933, #3089, #1265, .T. ) ;
#318 = DIRECTION ( 'NONE',  ( 0.000000000000000000, 0.000000000000000000, -1.000000000000000000 ) ) ;
#319 = DIRECTION ( 'NONE',  ( 0.000000000000000000, -1.000000000000000000, 0.000000000000000000 ) ) ;
#320 = CARTESIAN_POINT ( 'NONE',  ( -0.09842519685039370636, 0.001968503937007873555, 0.01476377952755905665 ) ) ;
#321 = EDGE_LOOP ( 'NONE', ( #2829, #3563, #7406, #1216 ) ) ;
#322 = ORIENTED_EDGE ( 'NONE', *, *, #3579, .F. ) ;
#323 = CARTESIAN_POINT ( 'NONE',  ( -0.09842519685039370636, 0.01574803149606299191, -0.04894237015283919856 ) ) ;
#324 = LINE ( 'NONE', #544, #5427 ) ;
#325 = PLANE ( 'NONE',  #1799 ) ;
#326 = DIRECTION ( 'NONE',  ( -1.000000000000000000, 0.000000000000000000, 0.000000000000000000 ) ) ;
#327 = LINE ( 'NONE', #6977, #3936 ) ;
#328 = CARTESIAN_POINT ( 'NONE',  ( 0.09645669291338584972, 0.000000000000000000, 0.02657480314960630058 ) ) ;
#329 = CARTESIAN_POINT ( 'NONE',  ( -0.04350370756854294446, 0.04498199997437887787, 0.07096433004428565061 ) ) ;
#330 = ORIENTED_EDGE ( 'NONE', *, *, #1004, .F. ) ;
#331 = CARTESIAN_POINT ( 'NONE',  ( 0.04708688080418118455, 0.03161097822013330533, -0.07832557379869356518 ) ) ;
#332 = EDGE_CURVE ( 'NONE', #5806, #5112, #5828, .T. ) ;
#333 = VERTEX_POINT ( 'NONE', #1353 ) ;
#334 = CARTESIAN_POINT ( 'NONE',  ( 0.07703375538902643149, 0.03190852425293757427, 0.04884462017292183489 ) ) ;
#335 = LINE ( 'NONE', #2113, #2413 ) ;
#336 = CARTESIAN_POINT ( 'NONE',  ( 0.08728965698918823846, 0.001968503937007873555, 0.02263779527559055260 ) ) ;
#337 = CARTESIAN_POINT ( 'NONE',  ( -0.07218708583814084645, 0.04273142322981904329, -0.04540305171260813899 ) ) ;
#338 = CARTESIAN_POINT ( 'NONE',  ( 0.04352529650757441804, 0.04470977535499396499, 0.07111579545716753548 ) ) ;
#339 = VERTEX_POINT ( 'NONE', #3763 ) ;
#340 = DIRECTION ( 'NONE',  ( -1.000000000000000000, -0.000000000000000000, -0.000000000000000000 ) ) ;
#341 = B_SPLINE_CURVE_WITH_KNOTS ( 'NONE', 3,
 ( #7635, #2853, #1606, #1005, #5260, #5295 ),
 .UNSPECIFIED., .F., .F.,
 ( 4, 2, 4 ),
 ( 0.000000000000000000, 0.5000000000000000000, 1.000000000000000000 ),
 .UNSPECIFIED. ) ;
#342 = ADVANCED_FACE ( 'NONE', ( #3164 ), #7268, .T. ) ;
#343 = ORIENTED_EDGE ( 'NONE', *, *, #3985, .T. ) ;
#344 = CARTESIAN_POINT ( 'NONE',  ( -0.07640153241519351268, 0.02846948526569289747, 0.04577879779687848288 ) ) ;
#345 = CARTESIAN_POINT ( 'NONE',  ( 0.09660728878517758911, 0.005905511811021973111, 0.01497492862371634266 ) ) ;
#346 = CARTESIAN_POINT ( 'NONE',  ( 0.07793920419961009038, 0.03210898529255888645, -0.04635164495030931475 ) ) ;
#347 = CARTESIAN_POINT ( 'NONE',  ( -0.07136064015963106133, 0.04425762060212822674, 0.04506072670400550900 ) ) ;
#348 = ORIENTED_EDGE ( 'NONE', *, *, #6920, .T. ) ;
#349 = DIRECTION ( 'NONE',  ( 1.000000000000000000, 0.000000000000000000, 0.000000000000000000 ) ) ;
#350 = ORIENTED_EDGE ( 'NONE', *, *, #825, .F. ) ;
#351 = DIRECTION ( 'NONE',  ( -0.000000000000000000, -1.000000000000000000, -0.000000000000000000 ) ) ;
#352 = EDGE_CURVE ( 'NONE', #3687, #818, #4268, .T. ) ;
#353 = EDGE_CURVE ( 'NONE', #5220, #3143, #3068, .T. ) ;
#354 = CARTESIAN_POINT ( 'NONE',  ( 0.04483195213017235337, 0.04676143729944551297, -0.06877425771313790126 ) ) ;
#355 = CARTESIAN_POINT ( 'NONE',  ( 0.04361388207989200932, 0.04245713330346702341, 0.06786764824543579933 ) ) ;
#356 = DIRECTION ( 'NONE',  ( 0.000000000000000000, 0.000000000000000000, -1.000000000000000000 ) ) ;
#357 = DIRECTION ( 'NONE',  ( 1.000000000000000000, 0.000000000000000000, 0.000000000000000000 ) ) ;
#358 = AXIS2_PLACEMENT_3D ( 'NONE', #2099, #1541, #3153 ) ;
#359 = EDGE_CURVE ( 'NONE', #3754, #5980, #5188, .T. ) ;
#360 = ORIENTED_EDGE ( 'NONE', *, *, #6148, .F. ) ;
#361 = ORIENTED_EDGE ( 'NONE', *, *, #5523, .F. ) ;
#362 = CARTESIAN_POINT ( 'NONE',  ( 0.04811742286199984647, 0.03003382268297973001, -0.07458574343811001650 ) ) ;
#363 = CARTESIAN_POINT ( 'NONE',  ( -0.09100150360959005646, 0.001968503937007873555, -0.02001312335958005048 ) ) ;
#364 = VECTOR ( 'NONE', #7461, 39.37007874015748143 ) ;
#365 = CARTESIAN_POINT ( 'NONE',  ( 0.07283464566929134798, 0.001968503937007873555, 0.01870078740157480116 ) ) ;
#366 = CARTESIAN_POINT ( 'NONE',  ( -0.06889763779527559306, 0.009842519685039369942, 0.08267716535433072833 ) ) ;
#367 =( CONVERSION_BASED_UNIT ( 'INCH', #1985 ) LENGTH_UNIT ( ) NAMED_UNIT ( #3348 ) );
#368 = CARTESIAN_POINT ( 'NONE',  ( 0.1023622047244094613, 0.001968503937007873555, -0.01476377952755905665 ) ) ;
#369 = ORIENTED_EDGE ( 'NONE', *, *, #4381, .F. ) ;
#370 = FACE_OUTER_BOUND ( 'NONE', #7091, .T. ) ;
#371 = AXIS2_PLACEMENT_3D ( 'NONE', #4975, #7379, #6861 ) ;
#372 = ORIENTED_EDGE ( 'NONE', *, *, #6656, .F. ) ;
#373 = LINE ( 'NONE', #7687, #304 ) ;
#374 = CARTESIAN_POINT ( 'NONE',  ( 0.04829752925139595837, 0.03434763534871643209, -0.07571296106642745605 ) ) ;
#375 = CARTESIAN_POINT ( 'NONE',  ( 0.04762816426853074686, 0.03281114030980838286, 0.07755898274845419993 ) ) ;
#376 = ORIENTED_EDGE ( 'NONE', *, *, #1519, .T. ) ;
#377 = CARTESIAN_POINT ( 'NONE',  ( 4.966087413865252318E-18, 0.04724409448818898266, -0.04055118110236220763 ) ) ;
#378 = ORIENTED_EDGE ( 'NONE', *, *, #7659, .T. ) ;
#379 = CARTESIAN_POINT ( 'NONE',  ( -0.07038850258441092800, 0.04330708661417322081, -0.03976576796609573861 ) ) ;
#380 = CARTESIAN_POINT ( 'NONE',  ( -0.04597330845849088160, 0.04470977535499396499, -0.07010179570624651413 ) ) ;
#381 = CARTESIAN_POINT ( 'NONE',  ( 0.04348649108168182315, 0.04328404036755847256, -0.06734876800142898523 ) ) ;
#382 = AXIS2_PLACEMENT_3D ( 'NONE', #455, #2849, #1080 ) ;
#383 = CARTESIAN_POINT ( 'NONE',  ( -0.1259842519685039353, 0.005905511811023618496, -0.06299212598425198151 ) ) ;
#384 = CARTESIAN_POINT ( 'NONE',  ( -0.07803902177287923292, 0.03192330889089445289, 0.04637490382785328102 ) ) ;
#385 = VECTOR ( 'NONE', #3144, 39.37007874015748143 ) ;
#386 = ORIENTED_EDGE ( 'NONE', *, *, #1104, .T. ) ;
#387 = DIRECTION ( 'NONE',  ( 0.8435194376925866377, 0.5370986485132713817, 0.000000000000000000 ) ) ;
#388 = ORIENTED_EDGE ( 'NONE', *, *, #6420, .F. ) ;
#389 = CARTESIAN_POINT ( 'NONE',  ( 0.1067728658505845696, 0.009582591198791106518, 0.06299212598425198151 ) ) ;
#390 = VECTOR ( 'NONE', #69, 39.37007874015748143 ) ;
#391 = EDGE_CURVE ( 'NONE', #3009, #3899, #7834, .T. ) ;
#392 = CARTESIAN_POINT ( 'NONE',  ( -0.07874015748031494566, 0.03149606299212598381, 0.04811742286199992280 ) ) ;
#393 = ADVANCED_FACE ( 'NONE', ( #4795 ), #5455, .T. ) ;
#394 = UNCERTAINTY_MEASURE_WITH_UNIT (LENGTH_MEASURE( 1.000000000000000082E-05 ), #5819, 'distance_accuracy_value', 'NONE');
#395 = CARTESIAN_POINT ( 'NONE',  ( -0.09842519685039370636, 0.001968503937007873555, -0.01476377952755905665 ) ) ;
#396 = CARTESIAN_POINT ( 'NONE',  ( -0.08659019213609440990, 0.03149606299212598381, -0.06275750304127081236 ) ) ;
#397 = VECTOR ( 'NONE', #7303, 39.37007874015748143 ) ;
#398 = ORIENTED_EDGE ( 'NONE', *, *, #899, .T. ) ;
#399 = ORIENTED_EDGE ( 'NONE', *, *, #5185, .F. ) ;
#400 = CARTESIAN_POINT ( 'NONE',  ( 0.04811742286199984647, 0.03432075690644036114, -0.07226434102495174483 ) ) ;
#401 = STYLED_ITEM ( 'NONE', ( #5158 ), #1829 ) ;
#402 = CARTESIAN_POINT ( 'NONE',  ( 0.06962290405333101950, 0.04573217900822641735, -0.04558037640012783248 ) ) ;
#403 = EDGE_CURVE ( 'NONE', #6214, #1896, #4839, .T. ) ;
#404 = DIRECTION ( 'NONE',  ( -1.445602896647343847E-15, 0.000000000000000000, 1.000000000000000000 ) ) ;
#405 = FACE_OUTER_BOUND ( 'NONE', #6073, .T. ) ;
#406 = CARTESIAN_POINT ( 'NONE',  ( -0.04811742286199987423, 0.03149606299212598381, 0.07874015748031500117 ) ) ;
#407 = VERTEX_POINT ( 'NONE', #7794 ) ;
#408 = CIRCLE ( 'NONE', #4844, 0.0005615202578559341188 ) ;
#409 = ORIENTED_EDGE ( 'NONE', *, *, #4960, .F. ) ;
#410 = LINE ( 'NONE', #7021, #3320 ) ;
#411 = DIRECTION ( 'NONE',  ( 0.000000000000000000, 0.000000000000000000, 1.000000000000000000 ) ) ;
#412 = EDGE_CURVE ( 'NONE', #3079, #3409, #94, .T. ) ;
#413 = VECTOR ( 'NONE', #3234, 39.37007874015748143 ) ;
#414 = FACE_OUTER_BOUND ( 'NONE', #1738, .T. ) ;
#415 = CARTESIAN_POINT ( 'NONE',  ( 0.04777676044448242454, 0.03216084518934596292, 0.07791772565175276999 ) ) ;
#416 = ORIENTED_EDGE ( 'NONE', *, *, #5616, .T. ) ;
#417 = DIRECTION ( 'NONE',  ( 0.000000000000000000, 1.000000000000000000, 0.000000000000000000 ) ) ;
#418 = ORIENTED_EDGE ( 'NONE', *, *, #3197, .T. ) ;
#419 = VECTOR ( 'NONE', #3786, 39.37007874015748854 ) ;
#420 = VECTOR ( 'NONE', #1655, 39.37007874015748143 ) ;
#421 = CARTESIAN_POINT ( 'NONE',  ( -0.04189684974448606991, 0.03860769112990099922, 0.07251958436280118991 ) ) ;
#422 = CARTESIAN_POINT ( 'NONE',  ( -0.04506072670400536329, 0.04425762060212819204, -0.07136064015963100582 ) ) ;
#423 = CARTESIAN_POINT ( 'NONE',  ( -0.08659019213609440990, 0.03149606299212598381, -0.05880887093013063144 ) ) ;
#424 = CARTESIAN_POINT ( 'NONE',  ( 0.1023622047244094613, 0.007874015748031471668, 0.01476377952755905838 ) ) ;
#425 = CARTESIAN_POINT ( 'NONE',  ( 0.1062992125984252023, 0.009842519685039368207, 0.06299212598425198151 ) ) ;
#426 = AXIS2_PLACEMENT_3D ( 'NONE', #2218, #442, #4644 ) ;
#427 = LINE ( 'NONE', #6960, #3387 ) ;
#428 = ORIENTED_EDGE ( 'NONE', *, *, #6938, .T. ) ;
#429 = CARTESIAN_POINT ( 'NONE',  ( -0.1164233781010027835, 0.005905511811023553444, 0.08267716535433072833 ) ) ;
#430 = CARTESIAN_POINT ( 'NONE',  ( 0.04495375013881694470, 0.04473455728097475159, -0.07110237588509671358 ) ) ;
#431 = PLANE ( 'NONE',  #7111 ) ;
#432 = CARTESIAN_POINT ( 'NONE',  ( 0.08659019213609440990, 0.03149606299212598381, -0.06275750304127081236 ) ) ;
#433 = VECTOR ( 'NONE', #4284, 39.37007874015748143 ) ;
#434 = CARTESIAN_POINT ( 'NONE',  ( 0.1117542798527060843, 0.01275443361127101029, 0.06299212598425198151 ) ) ;
#435 = ORIENTED_EDGE ( 'NONE', *, *, #3929, .F. ) ;
#436 = EDGE_CURVE ( 'NONE', #3860, #1059, #2158, .T. ) ;
#437 = ORIENTED_EDGE ( 'NONE', *, *, #4582, .F. ) ;
#438 = CARTESIAN_POINT ( 'NONE',  ( -0.07087810497459420822, 0.04289462535336164423, -0.04025537035627902577 ) ) ;
#439 = EDGE_CURVE ( 'NONE', #4769, #7416, #4883, .T. ) ;
#440 = FACE_OUTER_BOUND ( 'NONE', #1354, .T. ) ;
#441 = DIRECTION ( 'NONE',  ( -0.000000000000000000, -1.000000000000000000, -0.000000000000000000 ) ) ;
#442 = DIRECTION ( 'NONE',  ( 0.000000000000000000, -1.000000000000000000, 0.000000000000000000 ) ) ;
#443 = CARTESIAN_POINT ( 'NONE',  ( -0.07672696081734844964, 0.03434763534871643209, 0.04584951730047950175 ) ) ;
#444 = CARTESIAN_POINT ( 'NONE',  ( -0.07833611622161693044, 0.02755905511811022543, -0.04796165328648911708 ) ) ;
#445 = EDGE_CURVE ( 'NONE', #1253, #807, #6103, .T. ) ;
#446 = ORIENTED_EDGE ( 'NONE', *, *, #6203, .F. ) ;
#447 = EDGE_CURVE ( 'NONE', #3605, #1143, #2470, .T. ) ;
#448 = CARTESIAN_POINT ( 'NONE',  ( 0.07472608059419515170, 0.03617010768134477222, 0.04788874997535615130 ) ) ;
#449 = DIRECTION ( 'NONE',  ( -0.000000000000000000, -1.000000000000000000, -0.000000000000000000 ) ) ;
#450 = CARTESIAN_POINT ( 'NONE',  ( 0.06496062992125986590, 0.005905511811023621965, 0.02657480314960629711 ) ) ;
#451 = VERTEX_POINT ( 'NONE', #2508 ) ;
#452 = CARTESIAN_POINT ( 'NONE',  ( -0.07696118927919450015, 0.02755905511811023584, 0.04811742286199991586 ) ) ;
#453 = ORIENTED_EDGE ( 'NONE', *, *, #5468, .T. ) ;
#454 = ADVANCED_FACE ( 'NONE', ( #7363 ), #235, .F. ) ;
#455 = CARTESIAN_POINT ( 'NONE',  ( 0.000000000000000000, 0.000000000000000000, 0.000000000000000000 ) ) ;
#456 = CARTESIAN_POINT ( 'NONE',  ( -0.04352529650757441110, 0.04470977535499395805, -0.07111579545716754935 ) ) ;
#457 = DIRECTION ( 'NONE',  ( -1.000000000000000000, 0.000000000000000000, 2.282530889443167515E-16 ) ) ;
#458 = DIRECTION ( 'NONE',  ( 0.000000000000000000, 0.000000000000000000, -1.000000000000000000 ) ) ;
#459 = ORIENTED_EDGE ( 'NONE', *, *, #3599, .T. ) ;
#460 = CARTESIAN_POINT ( 'NONE',  ( -0.09645669291338584972, 0.005905511811023621965, 0.02657480314960630058 ) ) ;
#461 = ORIENTED_EDGE ( 'NONE', *, *, #5193, .T. ) ;
#462 = CARTESIAN_POINT ( 'NONE',  ( 0.09645669291338584972, 0.02755905511811023584, 0.05880887093013065225 ) ) ;
#463 = CARTESIAN_POINT ( 'NONE',  ( 0.07834358685339451456, 0.02755905511811021849, -0.04794158768413796928 ) ) ;
#464 = CARTESIAN_POINT ( 'NONE',  ( 0.04818237452963466255, 0.03486103293681055287, -0.07543495297537965161 ) ) ;
#465 = DIRECTION ( 'NONE',  ( 0.8435194376925866377, 0.5370986485132713817, 0.000000000000000000 ) ) ;
#466 = VERTEX_POINT ( 'NONE', #6847 ) ;
#467 = CARTESIAN_POINT ( 'NONE',  ( -0.04864647528231919038, 0.03167457852505514704, -0.07749612827676319315 ) ) ;
#468 = CARTESIAN_POINT ( 'NONE',  ( -0.04749772451242717519, 0.03791342768142919040, 0.07378206161836081689 ) ) ;
#469 = CARTESIAN_POINT ( 'NONE',  ( 0.09842519685039370636, 0.007874015748031495954, 0.04500536227882346446 ) ) ;
#470 = ORIENTED_EDGE ( 'NONE', *, *, #3807, .T. ) ;
#471 = EDGE_LOOP ( 'NONE', ( #3851, #1920, #4468, #6178 ) ) ;
#472 = CARTESIAN_POINT ( 'NONE',  ( -0.07038850258441092800, 0.04330708661417322081, -0.03976576796609573861 ) ) ;
#473 = CARTESIAN_POINT ( 'NONE',  ( 0.1164233781010027835, 0.006467032068879333823, -0.08267716535433072833 ) ) ;
#474 = CARTESIAN_POINT ( 'NONE',  ( -0.06584623711124472367, 0.03149606299212598381, -0.09645669291338582196 ) ) ;
#475 = VECTOR ( 'NONE', #734, 39.37007874015748143 ) ;
#476 = LINE ( 'NONE', #1656, #3428 ) ;
#477 = CARTESIAN_POINT ( 'NONE',  ( -0.07783151518030886895, 0.03230785462245897716, 0.04630703869799608630 ) ) ;
#478 = DIRECTION ( 'NONE',  ( -1.000000000000000000, 0.000000000000000000, 0.000000000000000000 ) ) ;
#479 = VERTEX_POINT ( 'NONE', #7559 ) ;
#480 = ORIENTED_EDGE ( 'NONE', *, *, #3716, .T. ) ;
#481 = DIRECTION ( 'NONE',  ( 0.000000000000000000, 0.000000000000000000, -1.000000000000000000 ) ) ;
#482 = CIRCLE ( 'NONE', #3766, 0.006467032068879366782 ) ;
#483 = CARTESIAN_POINT ( 'NONE',  ( 0.06702358600413410583, 0.04330708661417322081, 0.04326426005205206288 ) ) ;
#484 = DIRECTION ( 'NONE',  ( 0.000000000000000000, 1.000000000000000000, 0.000000000000000000 ) ) ;
#485 = EDGE_CURVE ( 'NONE', #2252, #2086, #3867, .T. ) ;
#486 = DIRECTION ( 'NONE',  ( 0.000000000000000000, 0.000000000000000000, -1.000000000000000000 ) ) ;
#487 = ADVANCED_FACE ( 'NONE', ( #5652 ), #5612, .F. ) ;
#488 = DIRECTION ( 'NONE',  ( 1.000000000000000000, 0.000000000000000000, 0.000000000000000000 ) ) ;
#489 = AXIS2_PLACEMENT_3D ( 'NONE', #6193, #6274, #210 ) ;
#490 = VERTEX_POINT ( 'NONE', #7527 ) ;
#491 = CARTESIAN_POINT ( 'NONE',  ( -0.07226434102495170320, 0.03432075690644036114, -0.04811742286199988811 ) ) ;
#492 = ORIENTED_EDGE ( 'NONE', *, *, #2649, .F. ) ;
#493 = DIRECTION ( 'NONE',  ( 0.000000000000000000, 0.000000000000000000, -1.000000000000000000 ) ) ;
#494 = CARTESIAN_POINT ( 'NONE',  ( -0.04351999302633951378, 0.04469496946141589960, -0.07112381294362510320 ) ) ;
#495 = LINE ( 'NONE', #2850, #2636 ) ;
#496 = DIRECTION ( 'NONE',  ( 0.000000000000000000, 0.000000000000000000, 1.000000000000000000 ) ) ;
#497 = EDGE_CURVE ( 'NONE', #1376, #4433, #6260, .T. ) ;
#498 = VERTEX_POINT ( 'NONE', #780 ) ;
#499 = LINE ( 'NONE', #3459, #3641 ) ;
#500 = EDGE_LOOP ( 'NONE', ( #1142, #4222, #7585, #2490 ) ) ;
#501 = DIRECTION ( 'NONE',  ( -0.000000000000000000, -1.000000000000000000, -0.000000000000000000 ) ) ;
#502 = CARTESIAN_POINT ( 'NONE',  ( 0.04597330845849088854, 0.04470977535499395111, -0.07010179570624651413 ) ) ;
#503 = CIRCLE ( 'NONE', #7211, 0.007874015748031499423 ) ;
#504 = CARTESIAN_POINT ( 'NONE',  ( 0.07006954814955136668, 0.04476932692331955788, 0.04595995108315492628 ) ) ;
#505 = PLANE ( 'NONE',  #3378 ) ;
#506 = ORIENTED_EDGE ( 'NONE', *, *, #4603, .T. ) ;
#507 = VECTOR ( 'NONE', #2624, 39.37007874015748143 ) ;
#508 = DIRECTION ( 'NONE',  ( 0.000000000000000000, 0.000000000000000000, 1.000000000000000000 ) ) ;
#509 = CARTESIAN_POINT ( 'NONE',  ( 0.04647673782205694049, 0.03184908972240980962, -0.07807993931992332493 ) ) ;
#510 = ORIENTED_EDGE ( 'NONE', *, *, #7668, .F. ) ;
#511 = VECTOR ( 'NONE', #5077, 39.37007874015748143 ) ;
#512 = ORIENTED_EDGE ( 'NONE', *, *, #5442, .F. ) ;
#513 = CARTESIAN_POINT ( 'NONE',  ( 0.04102368844462325054, 0.04724409448818897572, -0.07164642306293841911 ) ) ;
#514 = CARTESIAN_POINT ( 'NONE',  ( -0.08659019213609440990, 0.03149606299212598381, 0.06275750304127082624 ) ) ;
#515 = AXIS2_PLACEMENT_3D ( 'NONE', #6446, #4966, #7490 ) ;
#516 = DIRECTION ( 'NONE',  ( -0.7071067811865476838, -0.000000000000000000, -0.7071067811865473507 ) ) ;
#517 = FACE_OUTER_BOUND ( 'NONE', #1588, .T. ) ;
#518 = CARTESIAN_POINT ( 'NONE',  ( -0.07038850258441084473, 0.04724409448818895491, 0.03976576796609582187 ) ) ;
#519 = ORIENTED_EDGE ( 'NONE', *, *, #2040, .F. ) ;
#520 = DIRECTION ( 'NONE',  ( 0.000000000000000000, 0.000000000000000000, -1.000000000000000000 ) ) ;
#521 = CIRCLE ( 'NONE', #3423, 0.001968503937007879193 ) ;
#522 = EDGE_CURVE ( 'NONE', #733, #5012, #2521, .T. ) ;
#523 = CARTESIAN_POINT ( 'NONE',  ( 0.04768642827191803962, 0.03707212431579449963, -0.07423763279379241853 ) ) ;
#524 = CARTESIAN_POINT ( 'NONE',  ( 0.07721303539419607787, 0.03177419207751506353, 0.04876821251691134534 ) ) ;
#525 = LINE ( 'NONE', #2929, #148 ) ;
#526 = VECTOR ( 'NONE', #963, 39.37007874015748143 ) ;
#527 = CARTESIAN_POINT ( 'NONE',  ( 0.04811742286199991586, 0.03149606299212598381, 0.07874015748031495954 ) ) ;
#528 = ORIENTED_EDGE ( 'NONE', *, *, #1095, .T. ) ;
#529 = CARTESIAN_POINT ( 'NONE',  ( 0.1067728658505845696, 0.009582591198791106518, 0.06299212598425198151 ) ) ;
#530 = ORIENTED_EDGE ( 'NONE', *, *, #3385, .F. ) ;
#531 = EDGE_CURVE ( 'NONE', #5700, #3705, #6383, .T. ) ;
#532 = EDGE_CURVE ( 'NONE', #2774, #7080, #4999, .T. ) ;
#533 = VECTOR ( 'NONE', #751, 39.37007874015748143 ) ;
#534 = DIRECTION ( 'NONE',  ( 1.000000000000000000, 0.000000000000000000, 0.000000000000000000 ) ) ;
#535 = CARTESIAN_POINT ( 'NONE',  ( -0.07711311735325421246, 0.03184913153520452928, 0.04881074149203203094 ) ) ;
#536 = CARTESIAN_POINT ( 'NONE',  ( -0.07693914848957186803, 0.03395578833904037280, 0.04737142051207831467 ) ) ;
#537 = ORIENTED_EDGE ( 'NONE', *, *, #869, .T. ) ;
#538 = CARTESIAN_POINT ( 'NONE',  ( 0.04322513669223892324, 0.04724409448818898266, 0.06692913385826773642 ) ) ;
#539 = ORIENTED_EDGE ( 'NONE', *, *, #3349, .F. ) ;
#540 = CARTESIAN_POINT ( 'NONE',  ( 0.07047627890432142661, 0.04401821717066634748, 0.04612842447801406703 ) ) ;
#541 = CARTESIAN_POINT ( 'NONE',  ( 0.04419390004000320338, 0.04172892111220243699, -0.07272994717300684808 ) ) ;
#542 = EDGE_CURVE ( 'NONE', #1979, #1087, #138, .T. ) ;
#543 = B_SPLINE_CURVE_WITH_KNOTS ( 'NONE', 3,
 ( #5276, #2961, #7049, #4115, #3519, #5946, #1658, #6514, #444, #2921 ),
 .UNSPECIFIED., .F., .F.,
 ( 4, 2, 2, 2, 4 ),
 ( 0.7444130222866832680, 0.8083097667150128673, 0.8722065111433425777, 0.9361032555716712888, 1.000000000000000000 ),
 .UNSPECIFIED. ) ;
#544 = CARTESIAN_POINT ( 'NONE',  ( 0.1067728658505845696, 0.009582591198791106518, -0.06299212598425198151 ) ) ;
#545 = CARTESIAN_POINT ( 'NONE',  ( 0.09100150360959005646, 0.005905511811023621965, 0.02001312335958005048 ) ) ;
#546 = LINE ( 'NONE', #6057, #5288 ) ;
#547 = VERTEX_POINT ( 'NONE', #2094 ) ;
#548 = CARTESIAN_POINT ( 'NONE',  ( 0.08659019213609440990, 0.03149606299212598381, -0.05880887093013063144 ) ) ;
#549 = EDGE_LOOP ( 'NONE', ( #2198, #7287, #4882, #5121 ) ) ;
#550 = VERTEX_POINT ( 'NONE', #4434 ) ;
#551 = CARTESIAN_POINT ( 'NONE',  ( -0.07077827342859781268, 0.04315534825624279397, -0.04015553881028263022 ) ) ;
#552 = EDGE_CURVE ( 'NONE', #4798, #4265, #2632, .T. ) ;
#553 = LINE ( 'NONE', #2283, #168 ) ;
#554 = CARTESIAN_POINT ( 'NONE',  ( 0.04570819940903205619, 0.04550443398767863024, -0.06975835062437574230 ) ) ;
#555 = AXIS2_PLACEMENT_3D ( 'NONE', #4195, #6626, #3033 ) ;
#556 = DIRECTION ( 'NONE',  ( 1.000000000000000000, 0.000000000000000000, 1.445602896647343847E-15 ) ) ;
#557 = FACE_BOUND ( 'NONE', #6111, .T. ) ;
#558 = CARTESIAN_POINT ( 'NONE',  ( -0.07496759631371760491, 0.04048239269985884348, 0.04434486169540258899 ) ) ;
#559 = ORIENTED_EDGE ( 'NONE', *, *, #5569, .F. ) ;
#560 = ORIENTED_EDGE ( 'NONE', *, *, #2741, .T. ) ;
#561 = DIRECTION ( 'NONE',  ( -0.000000000000000000, -1.000000000000000000, -0.000000000000000000 ) ) ;
#562 = CARTESIAN_POINT ( 'NONE',  ( -0.06889763779527559306, 0.01574803149606299191, -0.06299212598425198151 ) ) ;
#563 = DIRECTION ( 'NONE',  ( -1.000000000000000000, 0.000000000000000000, 0.000000000000000000 ) ) ;
#564 = DIRECTION ( 'NONE',  ( 0.000000000000000000, 0.000000000000000000, -1.000000000000000000 ) ) ;
#565 = EDGE_CURVE ( 'NONE', #1896, #3726, #7485, .T. ) ;
#566 = VERTEX_POINT ( 'NONE', #857 ) ;
#567 = DIRECTION ( 'NONE',  ( 0.000000000000000000, 1.000000000000000000, 0.000000000000000000 ) ) ;
#568 = VERTEX_POINT ( 'NONE', #4479 ) ;
#569 = FACE_OUTER_BOUND ( 'NONE', #5933, .T. ) ;
#570 = SURFACE_STYLE_FILL_AREA ( #6003 ) ;
#571 = DIRECTION ( 'NONE',  ( 0.000000000000000000, -1.000000000000000000, 0.000000000000000000 ) ) ;
#572 = LINE ( 'NONE', #1157, #5689 ) ;
#573 = DIRECTION ( 'NONE',  ( 0.000000000000000000, -1.000000000000000000, 0.000000000000000000 ) ) ;
#574 = ORIENTED_EDGE ( 'NONE', *, *, #3771, .F. ) ;
#575 = CARTESIAN_POINT ( 'NONE',  ( -0.09842519685039370636, 0.02559055118110236532, -0.04894237015283919856 ) ) ;
#576 = VERTEX_POINT ( 'NONE', #197 ) ;
#577 = CARTESIAN_POINT ( 'NONE',  ( 0.07068289032394872717, 0.04363666782758889029, 0.04621400573016516689 ) ) ;
#578 = DIRECTION ( 'NONE',  ( 0.000000000000000000, 1.000000000000000000, -5.421010862427522170E-16 ) ) ;
#579 = CARTESIAN_POINT ( 'NONE',  ( 0.04352529650757442498, 0.04470977535499395111, -0.07111579545716752160 ) ) ;
#580 = FACE_OUTER_BOUND ( 'NONE', #5296, .T. ) ;
#581 = CARTESIAN_POINT ( 'NONE',  ( 0.1159497248488431664, 0.006165440297272224528, -0.06299212598425198151 ) ) ;
#582 = EDGE_LOOP ( 'NONE', ( #1178, #4685, #3639, #12, #1177, #1328, #2188, #5582 ) ) ;
#583 = EDGE_CURVE ( 'NONE', #4604, #6757, #3268, .T. ) ;
#584 = CARTESIAN_POINT ( 'NONE',  ( -0.05511811023622047861, 0.03149606299212598381, -0.1023622047244094613 ) ) ;
#585 = EDGE_CURVE ( 'NONE', #2654, #5806, #5701, .T. ) ;
#586 = ORIENTED_EDGE ( 'NONE', *, *, #522, .F. ) ;
#587 = CARTESIAN_POINT ( 'NONE',  ( -0.04868421925268023864, 0.03164152125807693366, 0.07741014721891323336 ) ) ;
#588 = ORIENTED_EDGE ( 'NONE', *, *, #6928, .T. ) ;
#589 = ORIENTED_EDGE ( 'NONE', *, *, #2427, .F. ) ;
#590 = FACE_OUTER_BOUND ( 'NONE', #2877, .T. ) ;
#591 = CARTESIAN_POINT ( 'NONE',  ( -0.06889763779527559306, 0.009842519685039369942, 0.06299212598425198151 ) ) ;
#592 = CARTESIAN_POINT ( 'NONE',  ( 0.1062992125984252023, 0.009280999427183432571, 0.08267716535433072833 ) ) ;
#593 = CARTESIAN_POINT ( 'NONE',  ( 0.07110237588509669970, 0.04473455728097477241, -0.04495375013881682674 ) ) ;
#594 = EDGE_CURVE ( 'NONE', #7594, #4029, #157, .T. ) ;
#595 = ORIENTED_EDGE ( 'NONE', *, *, #1573, .F. ) ;
#596 = EDGE_LOOP ( 'NONE', ( #5504, #5590, #453, #95, #4211, #3039, #5866, #4957 ) ) ;
#597 = DIRECTION ( 'NONE',  ( -1.000000000000000000, 0.000000000000000000, 0.000000000000000000 ) ) ;
#598 = VECTOR ( 'NONE', #2799, 39.37007874015748143 ) ;
#599 = PLANE ( 'NONE',  #1780 ) ;
#600 = DIRECTION ( 'NONE',  ( -1.000000000000000000, 2.707733616970879528E-18, 0.000000000000000000 ) ) ;
#601 = EDGE_LOOP ( 'NONE', ( #1036, #7388, #418, #2472 ) ) ;
#602 = CARTESIAN_POINT ( 'NONE',  ( 0.07095402549643416157, 0.04499760712919688432, -0.04349029767934944196 ) ) ;
#603 = AXIS2_PLACEMENT_3D ( 'NONE', #4714, #2751, #3505 ) ;
#604 = ORIENTED_EDGE ( 'NONE', *, *, #300, .F. ) ;
#605 = CYLINDRICAL_SURFACE ( 'NONE', #4275, 0.003937007874015762722 ) ;
#606 = CARTESIAN_POINT ( 'NONE',  ( 0.09842519685039370636, 0.01574803149606299191, 0.04500536227882346446 ) ) ;
#607 = CARTESIAN_POINT ( 'NONE',  ( -0.04878144329469045332, 0.03219018753526926152, -0.07688123291277183802 ) ) ;
#608 = CARTESIAN_POINT ( 'NONE',  ( 0.07835038663612808874, 0.03164780135005641065, 0.04772765201781298955 ) ) ;
#609 = CIRCLE ( 'NONE', #5057, 0.0005615202578557803789 ) ;
#610 = LINE ( 'NONE', #2459, #5601 ) ;
#611 = EDGE_LOOP ( 'NONE', ( #7402, #3530, #5046, #2763 ) ) ;
#612 = CARTESIAN_POINT ( 'NONE',  ( -0.04879965690122570893, 0.03210898529255892808, 0.07692520444868902740 ) ) ;
#613 = VERTEX_POINT ( 'NONE', #5113 ) ;
#614 = CARTESIAN_POINT ( 'NONE',  ( 0.07105072303018988844, 0.04482994461674412456, 0.04493235482577920270 ) ) ;
#615 = FILL_AREA_STYLE ('',( #3020 ) ) ;
#616 = AXIS2_PLACEMENT_3D ( 'NONE', #5623, #5896, #7042 ) ;
#617 = DIRECTION ( 'NONE',  ( 0.000000000000000000, 0.000000000000000000, -1.000000000000000000 ) ) ;
#618 = LINE ( 'NONE', #774, #4934 ) ;
#619 = EDGE_CURVE ( 'NONE', #5208, #688, #3950, .T. ) ;
#620 = AXIS2_PLACEMENT_3D ( 'NONE', #4054, #457, #1119 ) ;
#621 = FACE_OUTER_BOUND ( 'NONE', #1524, .T. ) ;
#622 = CARTESIAN_POINT ( 'NONE',  ( -0.1164233781010027835, 0.005905511811023553444, -0.06299212598425198151 ) ) ;
#623 = ORIENTED_EDGE ( 'NONE', *, *, #485, .T. ) ;
#624 = CARTESIAN_POINT ( 'NONE',  ( -0.05511811023622046474, 0.02755905511811023584, 0.09645669291338582196 ) ) ;
#625 = ORIENTED_EDGE ( 'NONE', *, *, #2648, .F. ) ;
#626 = COLOUR_RGB ( '',0.7921568627450980005, 0.8196078431372548767, 0.9333333333333333481 ) ;
#627 = ORIENTED_EDGE ( 'NONE', *, *, #5835, .F. ) ;
#628 = CARTESIAN_POINT ( 'NONE',  ( -0.04210439303121727567, 0.04633366434060631062, -0.07272712764953224995 ) ) ;
#629 = PLANE ( 'NONE',  #555 ) ;
#630 = EDGE_CURVE ( 'NONE', #1979, #6200, #2592, .T. ) ;
#631 = EDGE_CURVE ( 'NONE', #985, #5034, #315, .T. ) ;
#632 = CARTESIAN_POINT ( 'NONE',  ( 0.07580254313921523657, 0.03003382268297973001, 0.04517980852090013738 ) ) ;
#633 = CARTESIAN_POINT ( 'NONE',  ( 0.07283464566929136186, 0.005905511811023621965, -0.01870078740157480462 ) ) ;
#634 = CARTESIAN_POINT ( 'NONE',  ( 0.07111579545716749384, 0.04470977535499398581, -0.04352529650757445273 ) ) ;
#635 = CLOSED_SHELL ( 'NONE', ( #209, #4774, #1299, #2615, #5953, #782 ) ) ;
#636 = ORIENTED_EDGE ( 'NONE', *, *, #639, .F. ) ;
#637 = EDGE_LOOP ( 'NONE', ( #7805, #5334, #6062, #735 ) ) ;
#638 = FACE_OUTER_BOUND ( 'NONE', #3966, .T. ) ;
#639 = EDGE_CURVE ( 'NONE', #6835, #7793, #760, .T. ) ;
#640 = VECTOR ( 'NONE', #1078, 39.37007874015748143 ) ;
#641 = CARTESIAN_POINT ( 'NONE',  ( -0.07703375538902647313, 0.03190852425293756733, -0.04884462017292178632 ) ) ;
#642 = DIRECTION ( 'NONE',  ( 0.000000000000000000, 0.000000000000000000, -1.000000000000000000 ) ) ;
#643 = CARTESIAN_POINT ( 'NONE',  ( 0.07824095700285381427, 0.03165401971340556231, -0.04685511623311175433 ) ) ;
#644 = ORIENTED_EDGE ( 'NONE', *, *, #90, .F. ) ;
#645 = CARTESIAN_POINT ( 'NONE',  ( 0.07593936677860872730, 0.02844911768463765159, 0.04695695470806839078 ) ) ;
#646 = CIRCLE ( 'NONE', #6848, 0.01072812687502424332 ) ;
#647 = ORIENTED_EDGE ( 'NONE', *, *, #7808, .T. ) ;
#648 = DIRECTION ( 'NONE',  ( 1.000000000000000000, 0.000000000000000000, 0.000000000000000000 ) ) ;
#649 = EDGE_CURVE ( 'NONE', #3848, #6773, #5181, .T. ) ;
#650 = CARTESIAN_POINT ( 'NONE',  ( 0.07748223700178739903, 0.02755905511811023584, -0.04685950238347247332 ) ) ;
#651 = VECTOR ( 'NONE', #5132, 39.37007874015748854 ) ;
#652 = CARTESIAN_POINT ( 'NONE',  ( -0.07016636177488010107, 0.04459054118528232163, -0.04600005259978798278 ) ) ;
#653 = CARTESIAN_POINT ( 'NONE',  ( 0.09645669291338580809, 0.02559055118110236532, -0.04894237015283919856 ) ) ;
#654 = VERTEX_POINT ( 'NONE', #2168 ) ;
#655 = ORIENTED_EDGE ( 'NONE', *, *, #3690, .F. ) ;
#656 = ORIENTED_EDGE ( 'NONE', *, *, #4697, .F. ) ;
#657 = CARTESIAN_POINT ( 'NONE',  ( 0.09842519685039370636, 0.001968503937007873555, -0.02263779527559055260 ) ) ;
#658 = VECTOR ( 'NONE', #3623, 39.37007874015748143 ) ;
#659 =( NAMED_UNIT ( * ) PLANE_ANGLE_UNIT ( ) SI_UNIT ( $, .RADIAN. ) );
#660 = CARTESIAN_POINT ( 'NONE',  ( 0.04777676044448204290, 0.03216084518934594211, -0.07791772565175310306 ) ) ;
#661 = FACE_OUTER_BOUND ( 'NONE', #924, .T. ) ;
#662 = AXIS2_PLACEMENT_3D ( 'NONE', #592, #2997, #6 ) ;
#663 = VERTEX_POINT ( 'NONE', #1575 ) ;
#664 = DIRECTION ( 'NONE',  ( 0.7071067811865476838, 0.000000000000000000, -0.7071067811865474617 ) ) ;
#665 = ORIENTED_EDGE ( 'NONE', *, *, #1990, .T. ) ;
#666 = CARTESIAN_POINT ( 'NONE',  ( -0.04885379207413178410, 0.03192330889089447371, 0.07701223264166344451 ) ) ;
#667 = EDGE_CURVE ( 'NONE', #5731, #4057, #7003, .T. ) ;
#668 = VERTEX_POINT ( 'NONE', #6494 ) ;
#669 = EDGE_LOOP ( 'NONE', ( #3826, #3184, #3490, #7517, #4097, #636, #2479, #2988, #4362, #2111, #796, #1809 ) ) ;
#670 = CARTESIAN_POINT ( 'NONE',  ( -0.07272712764953233322, 0.04633366434060631062, -0.04210439303121715077 ) ) ;
#671 = AXIS2_PLACEMENT_3D ( 'NONE', #474, #2326, #4149 ) ;
#672 = CARTESIAN_POINT ( 'NONE',  ( 0.07853050406722698884, 0.03149606299212599075, -0.04790776944891206313 ) ) ;
#673 = LINE ( 'NONE', #5006, #2550 ) ;
#674 = CARTESIAN_POINT ( 'NONE',  ( -0.06759734944928504075, 0.04289462535336164423, -0.04350603470618964741 ) ) ;
#675 = CARTESIAN_POINT ( 'NONE',  ( 0.06815208925554401553, 0.04724409448818896184, -0.04330956414419295797 ) ) ;
#676 = AXIS2_PLACEMENT_3D ( 'NONE', #6018, #7639, #2209 ) ;
#677 = EDGE_CURVE ( 'NONE', #1130, #6140, #5832, .T. ) ;
#678 = ORIENTED_EDGE ( 'NONE', *, *, #3391, .T. ) ;
#679 = ORIENTED_EDGE ( 'NONE', *, *, #3918, .T. ) ;
#680 = DIRECTION ( 'NONE',  ( -1.000000000000000000, 0.000000000000000000, -1.445602896647343847E-15 ) ) ;
#681 = CYLINDRICAL_SURFACE ( 'NONE', #4595, 0.006467032068879520305 ) ;
#682 = CARTESIAN_POINT ( 'NONE',  ( 0.1164233781010027835, 0.005905511811023620231, -0.06299212598425198151 ) ) ;
#683 = CARTESIAN_POINT ( 'NONE',  ( -0.08659019213609440990, 0.03149606299212598381, -0.05880887093013063144 ) ) ;
#684 = ADVANCED_FACE ( 'NONE', ( #1720 ), #7038, .T. ) ;
#685 = ADVANCED_FACE ( 'NONE', ( #6417 ), #970, .F. ) ;
#686 = ORIENTED_EDGE ( 'NONE', *, *, #693, .F. ) ;
#687 = CARTESIAN_POINT ( 'NONE',  ( 0.04348653231680768561, 0.04536378619112143434, 0.07070303269305426574 ) ) ;
#688 = VERTEX_POINT ( 'NONE', #5221 ) ;
#689 = CARTESIAN_POINT ( 'NONE',  ( 0.07164642306293837748, 0.04724409448818897572, 0.04102368844462327829 ) ) ;
#690 = CARTESIAN_POINT ( 'NONE',  ( 0.06889763779527559306, 0.01574803149606299191, -0.08267716535433072833 ) ) ;
#691 = CARTESIAN_POINT ( 'NONE',  ( 0.04811742286199990198, 0.04724409448818897572, 0.06870810205938816806 ) ) ;
#692 = CARTESIAN_POINT ( 'NONE',  ( 0.04322513669223892324, 0.04724409448818895491, 0.06692913385826773642 ) ) ;
#693 = EDGE_CURVE ( 'NONE', #4756, #1896, #4040, .T. ) ;
#694 = ORIENTED_EDGE ( 'NONE', *, *, #7790, .T. ) ;
#695 = DIRECTION ( 'NONE',  ( 0.000000000000000000, -1.000000000000000000, 0.000000000000000000 ) ) ;
#696 = DIRECTION ( 'NONE',  ( 0.000000000000000000, 0.000000000000000000, 1.000000000000000000 ) ) ;
#697 = LINE ( 'NONE', #3098, #5583 ) ;
#698 = FACE_OUTER_BOUND ( 'NONE', #1049, .T. ) ;
#699 = CARTESIAN_POINT ( 'NONE',  ( -0.06331663509238938392, 0.03149606299212598381, 0.08603106008497583834 ) ) ;
#700 = ORIENTED_EDGE ( 'NONE', *, *, #2227, .T. ) ;
#701 = DIRECTION ( 'NONE',  ( 0.000000000000000000, 0.000000000000000000, 1.000000000000000000 ) ) ;
#702 = ORIENTED_EDGE ( 'NONE', *, *, #1261, .F. ) ;
#703 = DIRECTION ( 'NONE',  ( 0.000000000000000000, 0.000000000000000000, -1.000000000000000000 ) ) ;
#704 = EDGE_LOOP ( 'NONE', ( #6598, #2010, #3968, #4499 ) ) ;
#705 = ORIENTED_EDGE ( 'NONE', *, *, #2317, .T. ) ;
#706 = CARTESIAN_POINT ( 'NONE',  ( -0.1023622047244094613, 0.001968503937007873555, -0.01476377952755905665 ) ) ;
#707 = CARTESIAN_POINT ( 'NONE',  ( 0.07087810497459418047, 0.04289462535336164423, 0.04025537035627907434 ) ) ;
#708 = DIRECTION ( 'NONE',  ( 0.000000000000000000, -1.000000000000000000, 0.000000000000000000 ) ) ;
#709 = CARTESIAN_POINT ( 'NONE',  ( 0.06785359313656667835, 0.04724409448818895491, -0.04403019752294555500 ) ) ;
#710 = ORIENTED_EDGE ( 'NONE', *, *, #6078, .F. ) ;
#711 = VERTEX_POINT ( 'NONE', #1608 ) ;
#712 = FACE_OUTER_BOUND ( 'NONE', #3718, .T. ) ;
#713 = LINE ( 'NONE', #4772, #1654 ) ;
#714 = LINE ( 'NONE', #3760, #5977 ) ;
#715 = DIRECTION ( 'NONE',  ( 1.445602896647343847E-15, 0.000000000000000000, -1.000000000000000000 ) ) ;
#716 = DIRECTION ( 'NONE',  ( 0.000000000000000000, 3.614007241618364055E-16, 1.000000000000000000 ) ) ;
#717 = VERTEX_POINT ( 'NONE', #5777 ) ;
#718 = DIRECTION ( 'NONE',  ( 0.000000000000000000, 0.000000000000000000, 1.000000000000000000 ) ) ;
#719 = ORIENTED_EDGE ( 'NONE', *, *, #359, .F. ) ;
#720 =( LENGTH_UNIT ( ) NAMED_UNIT ( * ) SI_UNIT ( $, .METRE. ) );
#721 = ADVANCED_FACE ( 'NONE', ( #7637 ), #2310, .F. ) ;
#722 = EDGE_CURVE ( 'NONE', #4433, #1134, #1907, .T. ) ;
#723 = CARTESIAN_POINT ( 'NONE',  ( -0.07096433004428556734, 0.04498199997437899583, -0.04350370756854302079 ) ) ;
#724 = DIRECTION ( 'NONE',  ( 1.000000000000000000, 0.000000000000000000, 0.000000000000000000 ) ) ;
#725 = CARTESIAN_POINT ( 'NONE',  ( 0.04639660822200537132, 0.03190852425293755346, 0.07804775513994748060 ) ) ;
#726 = VECTOR ( 'NONE', #3311, 39.37007874015748143 ) ;
#727 = EDGE_LOOP ( 'NONE', ( #5960, #2765, #710, #6725, #3496, #6465 ) ) ;
#728 = CARTESIAN_POINT ( 'NONE',  ( 0.07693914848957202068, 0.03395578833904038668, 0.04737142051207808569 ) ) ;
#729 = DIRECTION ( 'NONE',  ( -0.000000000000000000, -1.000000000000000000, -0.000000000000000000 ) ) ;
#730 = CARTESIAN_POINT ( 'NONE',  ( 0.05511811023622046474, 0.02755905511811023584, 0.09842519685039372024 ) ) ;
#731 = EDGE_CURVE ( 'NONE', #3175, #3106, #4023, .T. ) ;
#732 = CARTESIAN_POINT ( 'NONE',  ( 0.07874015748031494566, 0.03149606299212598381, -0.04811742286199990892 ) ) ;
#733 = VERTEX_POINT ( 'NONE', #4062 ) ;
#734 = DIRECTION ( 'NONE',  ( 0.000000000000000000, 0.000000000000000000, 1.000000000000000000 ) ) ;
#735 = ORIENTED_EDGE ( 'NONE', *, *, #1004, .T. ) ;
#736 = VECTOR ( 'NONE', #4072, 39.37007874015748143 ) ;
#737 = VERTEX_POINT ( 'NONE', #3500 ) ;
#738 = LINE ( 'NONE', #3190, #1029 ) ;
#739 = CARTESIAN_POINT ( 'NONE',  ( -0.09822616277132303897, 0.006984387421492932457, 0.01476539959301803769 ) ) ;
#740 = EDGE_CURVE ( 'NONE', #4830, #1130, #1526, .T. ) ;
#741 = CARTESIAN_POINT ( 'NONE',  ( -0.05511811023622045780, 0.03149606299212598381, 0.09842519685039372024 ) ) ;
#742 = FACE_OUTER_BOUND ( 'NONE', #6734, .T. ) ;
#743 = CARTESIAN_POINT ( 'NONE',  ( -0.04548766259238582604, 0.03408620096862408771, -0.07239135457162280962 ) ) ;
#744 = DIRECTION ( 'NONE',  ( -0.000000000000000000, -1.000000000000000000, -0.000000000000000000 ) ) ;
#745 = CIRCLE ( 'NONE', #5182, 0.007874015748031499423 ) ;
#746 = LINE ( 'NONE', #5579, #6566 ) ;
#747 = EDGE_LOOP ( 'NONE', ( #5136, #2555, #196, #4731 ) ) ;
#748 = ORIENTED_EDGE ( 'NONE', *, *, #4717, .F. ) ;
#749 = DIRECTION ( 'NONE',  ( 1.000000000000000000, 0.000000000000000000, 0.000000000000000000 ) ) ;
#750 = FACE_OUTER_BOUND ( 'NONE', #6176, .T. ) ;
#751 = DIRECTION ( 'NONE',  ( -1.000000000000000000, -0.000000000000000000, -0.000000000000000000 ) ) ;
#752 = DIRECTION ( 'NONE',  ( 0.5370986485132712707, 0.8435194376925865267, 0.000000000000000000 ) ) ;
#753 = DIRECTION ( 'NONE',  ( 0.000000000000000000, 0.000000000000000000, -1.000000000000000000 ) ) ;
#754 = CYLINDRICAL_SURFACE ( 'NONE', #4950, 0.003937007874015760987 ) ;
#755 = VERTEX_POINT ( 'NONE', #429 ) ;
#756 = LINE ( 'NONE', #1912, #6220 ) ;
#757 = EDGE_CURVE ( 'NONE', #1346, #3668, #1008, .T. ) ;
#758 = EDGE_LOOP ( 'NONE', ( #1408, #206, #6844, #2505, #492, #4466 ) ) ;
#759 = DIRECTION ( 'NONE',  ( -0.000000000000000000, -1.000000000000000000, -0.000000000000000000 ) ) ;
#760 = CIRCLE ( 'NONE', #1768, 0.003937007874015749712 ) ;
#761 = FACE_OUTER_BOUND ( 'NONE', #6093, .T. ) ;
#762 = CARTESIAN_POINT ( 'NONE',  ( 0.04598634108360959843, 0.03619545847639819847, 0.07660907570192462823 ) ) ;
#763 = CARTESIAN_POINT ( 'NONE',  ( -0.06798915995706561466, 0.04724456730649436581, -0.04366421387882902377 ) ) ;
#764 = CARTESIAN_POINT ( 'NONE',  ( 0.1023622047244094613, 0.01574803149606302313, 0.04894237015283921244 ) ) ;
#765 = VECTOR ( 'NONE', #2653, 39.37007874015748143 ) ;
#766 = CARTESIAN_POINT ( 'NONE',  ( 0.04626243244568283702, 0.03250672395235908174, 0.07772382616100768915 ) ) ;
#767 = ORIENTED_EDGE ( 'NONE', *, *, #757, .T. ) ;
#768 = CARTESIAN_POINT ( 'NONE',  ( 0.07791772565175304754, 0.03216084518934596986, 0.04777676044448220249 ) ) ;
#769 = EDGE_CURVE ( 'NONE', #5383, #969, #5928, .T. ) ;
#770 = EDGE_CURVE ( 'NONE', #6270, #7334, #4100, .T. ) ;
#771 = CARTESIAN_POINT ( 'NONE',  ( -0.08728965698918823846, 0.005905511811023621965, 0.02263779527559055260 ) ) ;
#772 = CARTESIAN_POINT ( 'NONE',  ( -0.1164233781010027835, 0.005905511811023553444, -0.08267716535433072833 ) ) ;
#773 = VECTOR ( 'NONE', #1510, 39.37007874015748143 ) ;
#774 = CARTESIAN_POINT ( 'NONE',  ( 0.08659019213609440990, 0.03149606299212598381, -0.05880887093013063144 ) ) ;
#775 = CARTESIAN_POINT ( 'NONE',  ( -0.07049778985967465605, 0.04563202121754622587, 0.04347150067081170105 ) ) ;
#776 = ORIENTED_EDGE ( 'NONE', *, *, #1990, .F. ) ;
#777 = FACE_OUTER_BOUND ( 'NONE', #3686, .T. ) ;
#778 = CIRCLE ( 'NONE', #4067, 0.003937007874015741038 ) ;
#779 = ORIENTED_EDGE ( 'NONE', *, *, #6930, .F. ) ;
#780 = CARTESIAN_POINT ( 'NONE',  ( 0.06889763779527559306, 0.009842519685039369942, -0.08267716535433072833 ) ) ;
#781 = EDGE_CURVE ( 'NONE', #733, #6933, #1088, .T. ) ;
#782 = ADVANCED_FACE ( 'NONE', ( #2239 ), #2745, .F. ) ;
#783 = CARTESIAN_POINT ( 'NONE',  ( -0.09676012703295251705, 0.005923048032733865299, -0.01494035243074244047 ) ) ;
#784 = DIRECTION ( 'NONE',  ( 0.000000000000000000, 1.000000000000000000, -3.614007241618364055E-16 ) ) ;
#785 = CIRCLE ( 'NONE', #1156, 0.01072812687502424332 ) ;
#786 = DIRECTION ( 'NONE',  ( 0.7071067811865472397, 0.000000000000000000, -0.7071067811865476838 ) ) ;
#787 = CARTESIAN_POINT ( 'NONE',  ( 0.07283464566929134798, 0.001968503937007873555, 0.01870078740157480116 ) ) ;
#788 = UNCERTAINTY_MEASURE_WITH_UNIT (LENGTH_MEASURE( 1.000000000000000082E-05 ), #7247, 'distance_accuracy_value', 'NONE');
#789 = CARTESIAN_POINT ( 'NONE',  ( 0.09645669291338584972, 0.02755905511811023584, 0.05511811023622045780 ) ) ;
#790 = CARTESIAN_POINT ( 'NONE',  ( 0.07706878698518310200, 0.03371638490757853518, -0.04599110633517074914 ) ) ;
#791 = FACE_OUTER_BOUND ( 'NONE', #1535, .T. ) ;
#792 = VECTOR ( 'NONE', #1257, 39.37007874015748143 ) ;
#793 = EDGE_CURVE ( 'NONE', #6701, #6310, #3659, .T. ) ;
#794 = ORIENTED_EDGE ( 'NONE', *, *, #2407, .T. ) ;
#795 = VECTOR ( 'NONE', #4888, 39.37007874015748854 ) ;
#796 = ORIENTED_EDGE ( 'NONE', *, *, #3870, .F. ) ;
#797 = CARTESIAN_POINT ( 'NONE',  ( -0.1109683108467216656, 0.002993597884792337672, -0.06299212598425198151 ) ) ;
#798 = CARTESIAN_POINT ( 'NONE',  ( -0.1023622047244094613, 0.03149606299212598381, 0.04894237015283921244 ) ) ;
#799 = LINE ( 'NONE', #2028, #5540 ) ;
#800 = CARTESIAN_POINT ( 'NONE',  ( 0.1062992125984252023, 0.01574803149606299191, 0.08267716535433072833 ) ) ;
#801 = AXIS2_PLACEMENT_3D ( 'NONE', #4037, #2581, #6396 ) ;
#802 =( LENGTH_UNIT ( ) NAMED_UNIT ( * ) SI_UNIT ( $, .METRE. ) );
#803 = CARTESIAN_POINT ( 'NONE',  ( 0.07804775513994732794, 0.03190852425293713018, 0.04639660822200682155 ) ) ;
#804 = CARTESIAN_POINT ( 'NONE',  ( -0.04602144791282571784, 0.04449515384951301111, 0.07021801462978694008 ) ) ;
#805 = VERTEX_POINT ( 'NONE', #29 ) ;
#806 = PLANE ( 'NONE',  #4450 ) ;
#807 = VERTEX_POINT ( 'NONE', #5447 ) ;
#808 = VECTOR ( 'NONE', #7092, 39.37007874015748854 ) ;
#809 = LINE ( 'NONE', #3214, #6385 ) ;
#810 = DIRECTION ( 'NONE',  ( -0.5370986485132712707, 0.8435194376925865267, 0.000000000000000000 ) ) ;
#811 = CARTESIAN_POINT ( 'NONE',  ( -0.07156725157925834802, 0.04387607125905067934, -0.04514630795615664355 ) ) ;
#812 = CARTESIAN_POINT ( 'NONE',  ( 0.04403019752294715788, 0.04724409448818895491, 0.06785359313656477709 ) ) ;
#813 = VERTEX_POINT ( 'NONE', #3096 ) ;
#814 = CARTESIAN_POINT ( 'NONE',  ( -0.1164233781010027835, 0.005905511811023620231, -0.06299212598425198151 ) ) ;
#815 = CARTESIAN_POINT ( 'NONE',  ( 0.09842519685039370636, 0.007653816167834106773, 0.01476377952755905665 ) ) ;
#816 = DIRECTION ( 'NONE',  ( 0.000000000000000000, 0.000000000000000000, -1.000000000000000000 ) ) ;
#817 = DIRECTION ( 'NONE',  ( -1.000000000000000000, 0.000000000000000000, 0.000000000000000000 ) ) ;
#818 = VERTEX_POINT ( 'NONE', #1881 ) ;
#819 = CARTESIAN_POINT ( 'NONE',  ( -0.09842519685039370636, 0.007874015748031471668, 0.01476377952755905838 ) ) ;
#820 = B_SPLINE_CURVE_WITH_KNOTS ( 'NONE', 3,
 ( #3179, #7354, #4992, #7399, #7827, #4383 ),
 .UNSPECIFIED., .F., .F.,
 ( 4, 2, 4 ),
 ( 0.000000000000000000, 0.5000000000000000000, 1.000000000000000000 ),
 .UNSPECIFIED. ) ;
#821 = ORIENTED_EDGE ( 'NONE', *, *, #1519, .F. ) ;
#822 = DIRECTION ( 'NONE',  ( 0.000000000000000000, 0.000000000000000000, -1.000000000000000000 ) ) ;
#823 = CARTESIAN_POINT ( 'NONE',  ( 0.04322513669223893712, 0.04724409448818895491, -0.06692913385826773642 ) ) ;
#824 = CARTESIAN_POINT ( 'NONE',  ( -0.1023622047244094613, 0.01181102362204724567, 0.04500536227882344364 ) ) ;
#825 = EDGE_CURVE ( 'NONE', #1821, #274, #3411, .T. ) ;
#826 = DIRECTION ( 'NONE',  ( -1.000000000000000000, 0.000000000000000000, 0.000000000000000000 ) ) ;
#827 = EDGE_CURVE ( 'NONE', #2588, #3849, #3544, .T. ) ;
#828 = CARTESIAN_POINT ( 'NONE',  ( -0.04371265117271331407, 0.04199978512531644947, -0.06810609792888221159 ) ) ;
#829 = CARTESIAN_POINT ( 'NONE',  ( 0.07693914848957179864, 0.03395578833904033117, -0.04737142051207839100 ) ) ;
#830 = DIRECTION ( 'NONE',  ( -0.000000000000000000, -0.000000000000000000, -1.000000000000000000 ) ) ;
#831 = ORIENTED_EDGE ( 'NONE', *, *, #1446, .T. ) ;
#832 =( BOUNDED_SURFACE ( )  B_SPLINE_SURFACE ( 3, 2, ( 
 ( #4280, #6110, #3077 ),
 ( #675, #2477, #709 ),
 ( #4241, #4927, #3112 ),
 ( #4359, #7331, #6186 ),
 ( #3037, #3714, #2960 ),
 ( #7, #6670, #1902 ),
 ( #4321, #6070, #5465 ),
 ( #6030, #7293, #46 ),
 ( #634, #2446, #2405 ),
 ( #3752, #5388, #4890 ),
 ( #5536, #593, #6745 ),
 ( #7373, #1858, #1306 ),
 ( #123, #2519, #1942 ),
 ( #7209, #6781, #7802 ),
 ( #2362, #1774, #4200 ),
 ( #6629, #2998, #5426 ),
 ( #4442, #3196, #6817 ),
 ( #5622, #7448, #5578 ),
 ( #5660, #6855, #4487 ),
 ( #790, #829, #3273 ),
 ( #6967, #2021, #2713 ),
 ( #864, #2563, #4560 ),
 ( #3911, #6347, #3792 ),
 ( #3836, #5118, #7531 ),
 ( #6227, #2600, #6267 ),
 ( #204, #1977, #6897 ),
 ( #5044, #3235, #244 ),
 ( #5150, #2640, #1426 ) ),
 .UNSPECIFIED., .F., .F., .F. ) 
 B_SPLINE_SURFACE_WITH_KNOTS ( ( 4, 2, 2, 2, 2, 2, 2, 2, 2, 2, 2, 2, 2, 4 ),
 ( 3, 3 ),
 ( -1.063933455262374184E-06, 1.565402539758820348E-05, 1.983351511080084752E-05, 2.192325996740716954E-05, 2.401300482401349157E-05, 3.237198425043877966E-05, 6.580790195613993201E-05, 0.0001326797373675422367, 0.0002664234081903468733, 0.0003332952436017491780, 0.0003667311613074503303, 0.0003834491201603008794, 0.0004001670790131514827, 0.0005339107498359560921 ),
 ( 0.000000000000000000, 1.000000000000000000 ),
 .UNSPECIFIED. ) 
 GEOMETRIC_REPRESENTATION_ITEM ( )  RATIONAL_B_SPLINE_SURFACE ( (
 ( 1.000000000000000000, 1.000000000000000000, 1.000000000000000000),
 ( 1.000000000000000000, 1.000778839725176228, 1.000000000000000000),
 ( 1.000000000000000000, 0.9831714200816245031, 1.000000000000000000),
 ( 1.000000000000000000, 0.9575031771746045361, 1.000000000000000000),
 ( 1.000000000000000000, 0.9523297387301176142, 1.000000000000000000),
 ( 1.000000000000000000, 0.9451074485486234966, 1.000000000000000000),
 ( 1.000000000000000000, 0.9424202236307451797, 1.000000000000000000),
 ( 1.000000000000000000, 0.9409373826777044370, 1.000000000000000000),
 ( 1.000000000000000000, 0.9416788031542248083, 1.000000000000000000),
 ( 1.000000000000000000, 0.9416788031542248083, 1.000000000000000000),
 ( 1.000000000000000000, 0.9416788031542245863, 1.000000000000000000),
 ( 1.000000000000000000, 0.9416788031542245863, 1.000000000000000000),
 ( 1.000000000000000000, 0.9416788031542250303, 1.000000000000000000),
 ( 1.000000000000000000, 0.9416788031542250303, 1.000000000000000000),
 ( 1.000000000000000000, 0.9416788031542242532, 1.000000000000000000),
 ( 1.000000000000000000, 0.9416788031542242532, 1.000000000000000000),
 ( 1.000000000000000000, 0.9416788031542244752, 1.000000000000000000),
 ( 1.000000000000000000, 0.9416788031542244752, 1.000000000000000000),
 ( 1.000000000000000000, 0.9416788031542248083, 1.000000000000000000),
 ( 1.000000000000000000, 0.9416788031542248083, 1.000000000000000000),
 ( 1.000000000000000000, 0.9416788031542243642, 1.000000000000000000),
 ( 1.000000000000000000, 0.9416788031542243642, 1.000000000000000000),
 ( 1.000000000000000000, 0.9416788031542246973, 1.000000000000000000),
 ( 1.000000000000000000, 0.9416788031542246973, 1.000000000000000000),
 ( 1.000000000000000000, 0.9401967835573280530, 1.000000000000000000),
 ( 1.000000000000000000, 0.9678184218304305420, 1.000000000000000000),
 ( 1.000000000000000000, 1.002301645695591770, 1.000000000000000000),
 ( 1.000000000000000000, 1.000000000000000000, 1.000000000000000000) ) ) 
 REPRESENTATION_ITEM ( '' )  SURFACE ( )  );
#833 = ORIENTED_EDGE ( 'NONE', *, *, #5293, .T. ) ;
#834 = DIRECTION ( 'NONE',  ( 2.707733616970879528E-18, -1.000000000000000000, 0.000000000000000000 ) ) ;
#835 = LINE ( 'NONE', #3204, #6944 ) ;
#836 = DIRECTION ( 'NONE',  ( 0.000000000000000000, 0.000000000000000000, 1.000000000000000000 ) ) ;
#837 = ADVANCED_FACE ( 'NONE', ( #2497 ), #2899, .T. ) ;
#838 = CARTESIAN_POINT ( 'NONE',  ( -0.04349901208605119057, 0.04289462535336164423, -0.06760025801587694894 ) ) ;
#839 = CYLINDRICAL_SURFACE ( 'NONE', #4278, 0.003937007874015749712 ) ;
#840 = CARTESIAN_POINT ( 'NONE',  ( -0.04357343596190928897, 0.04449515384951299724, 0.07123201438070794755 ) ) ;
#841 = ORIENTED_EDGE ( 'NONE', *, *, #5631, .F. ) ;
#842 = LINE ( 'NONE', #5678, #765 ) ;
#843 = ORIENTED_EDGE ( 'NONE', *, *, #3908, .T. ) ;
#844 = CARTESIAN_POINT ( 'NONE',  ( 0.04879965690122571587, 0.03210898529255892808, -0.07692520444868911067 ) ) ;
#845 = DIRECTION ( 'NONE',  ( -1.000000000000000000, 0.000000000000000000, 4.058291587432376212E-16 ) ) ;
#846 = CARTESIAN_POINT ( 'NONE',  ( -0.07631931423068981368, 0.03510043636827243213, -0.04711467675562523022 ) ) ;
#847 = CARTESIAN_POINT ( 'NONE',  ( 0.04402273753570091347, 0.04249201979835678239, 0.07231672433375213593 ) ) ;
#848 = ORIENTED_EDGE ( 'NONE', *, *, #266, .T. ) ;
#849 = CARTESIAN_POINT ( 'NONE',  ( 0.07378206161836059485, 0.03791342768142921121, 0.04749772451242739030 ) ) ;
#850 = CARTESIAN_POINT ( 'NONE',  ( 0.09732079866744665353, 0.006092145630867971777, 0.01483943635908757143 ) ) ;
#851 = CARTESIAN_POINT ( 'NONE',  ( 0.07814630595981975070, 0.03152255878930802779, -0.04837042631190838909 ) ) ;
#852 = AXIS2_PLACEMENT_3D ( 'NONE', #432, #1612, #1647 ) ;
#853 = CARTESIAN_POINT ( 'NONE',  ( -0.06692913385826770867, 0.04724409448818895491, 0.04322513669223895100 ) ) ;
#854 = ORIENTED_EDGE ( 'NONE', *, *, #1675, .T. ) ;
#855 = DIRECTION ( 'NONE',  ( 1.000000000000000000, 0.000000000000000000, 0.000000000000000000 ) ) ;
#856 = EDGE_LOOP ( 'NONE', ( #3926, #6363, #1621, #386 ) ) ;
#857 = CARTESIAN_POINT ( 'NONE',  ( 0.04811742286199987423, 0.02755905511811023237, -0.07874015748031498729 ) ) ;
#858 = AXIS2_PLACEMENT_3D ( 'NONE', #5674, #6278, #6318 ) ;
#859 = ADVANCED_FACE ( 'NONE', ( #6837 ), #4424, .F. ) ;
#860 = DIRECTION ( 'NONE',  ( 1.000000000000000000, 0.000000000000000000, 1.217487476229714096E-15 ) ) ;
#861 = DIRECTION ( 'NONE',  ( 1.000000000000000000, 0.000000000000000000, 0.000000000000000000 ) ) ;
#862 = CARTESIAN_POINT ( 'NONE',  ( 0.04594212157920598422, 0.03206007347552333742, -0.07348851562114633307 ) ) ;
#863 = VECTOR ( 'NONE', #3553, 39.37007874015748143 ) ;
#864 = CARTESIAN_POINT ( 'NONE',  ( 0.07758531553425167260, 0.03276251154988527731, -0.04620505946554774590 ) ) ;
#865 = CARTESIAN_POINT ( 'NONE',  ( -0.1109683108467216656, 0.002993597884792337672, -0.06299212598425198151 ) ) ;
#866 = ORIENTED_EDGE ( 'NONE', *, *, #3974, .T. ) ;
#867 = ADVANCED_FACE ( 'NONE', ( #189 ), #5066, .F. ) ;
#868 = ORIENTED_EDGE ( 'NONE', *, *, #3269, .F. ) ;
#869 = EDGE_CURVE ( 'NONE', #6697, #5980, #2584, .T. ) ;
#870 = CARTESIAN_POINT ( 'NONE',  ( -0.1067728658505845696, 0.009582591198791106518, 0.06299212598425198151 ) ) ;
#871 = FACE_OUTER_BOUND ( 'NONE', #3374, .T. ) ;
#872 = CARTESIAN_POINT ( 'NONE',  ( -0.05511811023622047168, 0.000000000000000000, -0.09645669291338584972 ) ) ;
#873 = DIRECTION ( 'NONE',  ( 1.217487476229714096E-15, 0.000000000000000000, -1.000000000000000000 ) ) ;
#874 = CARTESIAN_POINT ( 'NONE',  ( -0.04745700176422910921, 0.03357423899596299888, 0.07714575990919930737 ) ) ;
#875 = EDGE_LOOP ( 'NONE', ( #4661, #1993, #2621, #7692 ) ) ;
#876 = CARTESIAN_POINT ( 'NONE',  ( 0.09645669291338584972, 0.02755905511811023584, 0.04894237015283921244 ) ) ;
#877 = ORIENTED_EDGE ( 'NONE', *, *, #757, .F. ) ;
#878 = EDGE_CURVE ( 'NONE', #2701, #6550, #7432, .T. ) ;
#879 = AXIS2_PLACEMENT_3D ( 'NONE', #6015, #3587, #578 ) ;
#880 = CARTESIAN_POINT ( 'NONE',  ( 0.08659019213609440990, 0.02755905511811023584, 0.05880887093013065225 ) ) ;
#881 = CARTESIAN_POINT ( 'NONE',  ( 0.07251958436280110665, 0.03860769112990099922, -0.04189684974448616706 ) ) ;
#882 = CARTESIAN_POINT ( 'NONE',  ( -0.07590609139143453254, 0.03586353505442677753, -0.04694351425132392563 ) ) ;
#883 = CARTESIAN_POINT ( 'NONE',  ( 0.04540305171260864553, 0.04273142322981886287, 0.07218708583814092972 ) ) ;
#884 = ORIENTED_EDGE ( 'NONE', *, *, #353, .F. ) ;
#885 = DIRECTION ( 'NONE',  ( 0.000000000000000000, 0.000000000000000000, -1.000000000000000000 ) ) ;
#886 = ORIENTED_EDGE ( 'NONE', *, *, #108, .T. ) ;
#887 = ADVANCED_FACE ( 'NONE', ( #1409 ), #6250, .T. ) ;
#888 = DIRECTION ( 'NONE',  ( 1.000000000000000000, 0.000000000000000000, 1.355252715606880789E-16 ) ) ;
#889 = CARTESIAN_POINT ( 'NONE',  ( 0.07722539348917813185, 0.03342717965053767365, -0.04605597487308117632 ) ) ;
#890 = VECTOR ( 'NONE', #936, 39.37007874015748143 ) ;
#891 = CARTESIAN_POINT ( 'NONE',  ( -0.07272994717300695910, 0.04172892111220224270, 0.04419390004000271072 ) ) ;
#892 = VERTEX_POINT ( 'NONE', #7516 ) ;
#893 = DIRECTION ( 'NONE',  ( 0.000000000000000000, 0.000000000000000000, -1.000000000000000000 ) ) ;
#894 = VERTEX_POINT ( 'NONE', #3295 ) ;
#895 = DIRECTION ( 'NONE',  ( 0.000000000000000000, -1.000000000000000000, 0.000000000000000000 ) ) ;
#896 = AXIS2_PLACEMENT_3D ( 'NONE', #2487, #6795, #718 ) ;
#897 = FACE_OUTER_BOUND ( 'NONE', #5635, .T. ) ;
#898 = VECTOR ( 'NONE', #6324, 39.37007874015748143 ) ;
#899 = EDGE_CURVE ( 'NONE', #7822, #1574, #4051, .T. ) ;
#900 = DIRECTION ( 'NONE',  ( -1.445602896647343847E-15, 0.000000000000000000, -1.000000000000000000 ) ) ;
#901 = DIRECTION ( 'NONE',  ( 1.000000000000000000, 0.000000000000000000, 0.000000000000000000 ) ) ;
#902 = VERTEX_POINT ( 'NONE', #4625 ) ;
#903 = VERTEX_POINT ( 'NONE', #377 ) ;
#904 = VECTOR ( 'NONE', #516, 39.37007874015748143 ) ;
#905 = DIRECTION ( 'NONE',  ( -0.7071067811865473507, 0.000000000000000000, 0.7071067811865475727 ) ) ;
#906 = CARTESIAN_POINT ( 'NONE',  ( -0.07038850258441092800, 0.04724409448818898266, -0.03976576796609573861 ) ) ;
#907 = CARTESIAN_POINT ( 'NONE',  ( 0.1164233781010027835, 0.006467032068879333823, 0.06299212598425198151 ) ) ;
#908 = LINE ( 'NONE', #982, #5739 ) ;
#909 = EDGE_CURVE ( 'NONE', #6138, #1485, #3451, .T. ) ;
#910 = SURFACE_SIDE_STYLE ('',( #6397 ) ) ;
#911 = VECTOR ( 'NONE', #1548, 39.37007874015748143 ) ;
#912 = CARTESIAN_POINT ( 'NONE',  ( 0.08728965698918823846, 0.005905511811023621965, -0.02263779527559055260 ) ) ;
#913 = CARTESIAN_POINT ( 'NONE',  ( -0.04350920467577162887, 0.04481996858434143111, 0.07105612511580307322 ) ) ;
#914 = EDGE_LOOP ( 'NONE', ( #2065, #4270, #1175, #5602, #6104, #158, #5899, #4133, #6169, #1019 ) ) ;
#915 = CARTESIAN_POINT ( 'NONE',  ( -0.06859813918599184934, 0.04702332683964683541, 0.04334037130673545207 ) ) ;
#916 = EDGE_LOOP ( 'NONE', ( #5269, #5189, #7451, #5333 ) ) ;
#917 = DIRECTION ( 'NONE',  ( -1.000000000000000000, 0.000000000000000000, -4.058291587432376212E-16 ) ) ;
#918 = VECTOR ( 'NONE', #2343, 39.37007874015748143 ) ;
#919 = CARTESIAN_POINT ( 'NONE',  ( 0.07038850258441081698, 0.04330708661417322081, -0.03976576796609586351 ) ) ;
#920 = EDGE_CURVE ( 'NONE', #2252, #2781, #2772, .T. ) ;
#921 = CARTESIAN_POINT ( 'NONE',  ( -0.07047627890432117681, 0.04401821717066634054, -0.04612842447801430296 ) ) ;
#922 = EDGE_CURVE ( 'NONE', #5898, #5210, #928, .T. ) ;
#923 = CARTESIAN_POINT ( 'NONE',  ( 0.04487880767774406199, 0.04506030752890936159, 0.07092144877917706813 ) ) ;
#924 = EDGE_LOOP ( 'NONE', ( #398, #4373, #3703, #1060 ) ) ;
#925 = LINE ( 'NONE', #2197, #3546 ) ;
#926 = EDGE_LOOP ( 'NONE', ( #1232, #6572, #2512, #5076 ) ) ;
#927 = CARTESIAN_POINT ( 'NONE',  ( -0.1109683108467216656, 0.002993597884792337672, 0.06299212598425198151 ) ) ;
#928 = B_SPLINE_CURVE_WITH_KNOTS ( 'NONE', 3,
 ( #2885, #1597, #3410, #6952 ),
 .UNSPECIFIED., .F., .F.,
 ( 4, 4 ),
 ( 0.000000000000000000, 0.1223648851059627313 ),
 .UNSPECIFIED. ) ;
#929 = DIRECTION ( 'NONE',  ( -1.000000000000000000, 0.000000000000000000, 0.000000000000000000 ) ) ;
#930 =( GEOMETRIC_REPRESENTATION_CONTEXT ( 3 ) GLOBAL_UNCERTAINTY_ASSIGNED_CONTEXT ( ( #1499 ) ) GLOBAL_UNIT_ASSIGNED_CONTEXT ( ( #6343, #7768, #1860 ) ) REPRESENTATION_CONTEXT ( 'NONE', 'WORKASPACE' ) );
#931 = CARTESIAN_POINT ( 'NONE',  ( -0.07543495297537955446, 0.03486103293681057369, 0.04818237452963471806 ) ) ;
#932 = EDGE_CURVE ( 'NONE', #2531, #3168, #5767, .T. ) ;
#933 = ORIENTED_EDGE ( 'NONE', *, *, #1938, .F. ) ;
#934 = DIRECTION ( 'NONE',  ( 0.000000000000000000, 0.000000000000000000, 1.000000000000000000 ) ) ;
#935 = ORIENTED_EDGE ( 'NONE', *, *, #4809, .T. ) ;
#936 = DIRECTION ( 'NONE',  ( 1.000000000000000000, 0.000000000000000000, 0.000000000000000000 ) ) ;
#937 = CARTESIAN_POINT ( 'NONE',  ( -0.04595995108315487077, 0.04476932692331955788, 0.07006954814955140831 ) ) ;
#938 = UNCERTAINTY_MEASURE_WITH_UNIT (LENGTH_MEASURE( 1.000000000000000082E-05 ), #367, 'distance_accuracy_value', 'NONE');
#939 = CARTESIAN_POINT ( 'NONE',  ( -0.08659019213609440990, 0.03149606299212598381, 0.05880887093013065225 ) ) ;
#940 = B_SPLINE_CURVE_WITH_KNOTS ( 'NONE', 3,
 ( #725, #6764, #4988, #2495, #7350, #6724, #766, #5063, #6686, #3130, #5600, #4422, #67, #5555, #3057, #3094, #3657, #5487, #6134 ),
 .UNSPECIFIED., .F., .F.,
 ( 4, 3, 3, 3, 3, 3, 4 ),
 ( -4.686221217500582904E-08, 0.000000000000000000, 1.756499305425366262E-05, 9.886359225695717323E-05, 0.0001785335741837350970, 0.0003785335741837348084, 0.0003785935741837348316 ),
 .UNSPECIFIED. ) ;
#941 = LINE ( 'NONE', #5119, #1500 ) ;
#942 = ORIENTED_EDGE ( 'NONE', *, *, #6175, .T. ) ;
#943 = ORIENTED_EDGE ( 'NONE', *, *, #1063, .T. ) ;
#944 = DIRECTION ( 'NONE',  ( 0.000000000000000000, 0.000000000000000000, 1.000000000000000000 ) ) ;
#945 = CARTESIAN_POINT ( 'NONE',  ( -0.06889763779527559306, 0.009842519685039369942, -0.06299212598425198151 ) ) ;
#946 = DIRECTION ( 'NONE',  ( 0.000000000000000000, 1.000000000000000000, 0.000000000000000000 ) ) ;
#947 = CARTESIAN_POINT ( 'NONE',  ( -0.04777140679303522319, 0.02760978303487668373, -0.07793268416416630762 ) ) ;
#948 = CARTESIAN_POINT ( 'NONE',  ( -0.04333705737945100361, 0.04328404036750725659, -0.06741066546761013967 ) ) ;
#949 = LINE ( 'NONE', #368, #1370 ) ;
#950 = CARTESIAN_POINT ( 'NONE',  ( -0.04597330845849086772, 0.04470977535499397887, 0.07010179570624651413 ) ) ;
#951 = ORIENTED_EDGE ( 'NONE', *, *, #4623, .F. ) ;
#952 = CARTESIAN_POINT ( 'NONE',  ( -0.07095402549643420320, 0.04499760712919691208, 0.04349029767934729090 ) ) ;
#953 = CARTESIAN_POINT ( 'NONE',  ( 0.000000000000000000, 0.04330708661417323468, 0.000000000000000000 ) ) ;
#954 = DIRECTION ( 'NONE',  ( 0.8435194376925867488, -0.5370986485132711596, 0.000000000000000000 ) ) ;
#955 = CARTESIAN_POINT ( 'NONE',  ( -0.07295561593985036564, 0.03943962505373830446, -0.04715539950382464235 ) ) ;
#956 = B_SPLINE_CURVE_WITH_KNOTS ( 'NONE', 3,
 ( #4461, #3853, #3932, #6284, #844, #261, #6365, #2841, #374, #3523, #5359, #523, #5841, #3484, #2293, #2192, #989, #7655, #2926 ),
 .UNSPECIFIED., .F., .F.,
 ( 4, 3, 3, 3, 3, 3, 4 ),
 ( -4.686221217482245965E-08, 0.000000000000000000, 1.756499305425201937E-05, 9.886359225695602127E-05, 0.0001785335741837346362, 0.0003785335741837346458, 0.0003785935741837343437 ),
 .UNSPECIFIED. ) ;
#957 = CARTESIAN_POINT ( 'NONE',  ( 0.04376599377924884210, 0.04363666782758913315, 0.07169689007486960974 ) ) ;
#958 = ORIENTED_EDGE ( 'NONE', *, *, #6656, .T. ) ;
#959 = LINE ( 'NONE', #6991, #3035 ) ;
#960 = ORIENTED_EDGE ( 'NONE', *, *, #4582, .T. ) ;
#961 = CARTESIAN_POINT ( 'NONE',  ( -0.1062992125984252023, 0.009280999427183432571, 0.08267716535433072833 ) ) ;
#962 = EDGE_CURVE ( 'NONE', #1543, #2252, #1525, .T. ) ;
#963 = DIRECTION ( 'NONE',  ( 0.7071067811865476838, 0.000000000000000000, -0.7071067811865473507 ) ) ;
#964 = EDGE_CURVE ( 'NONE', #2301, #451, #6408, .T. ) ;
#965 = CARTESIAN_POINT ( 'NONE',  ( 0.07749612827673559023, 0.03167457852506980198, -0.04864647528232183410 ) ) ;
#966 = CARTESIAN_POINT ( 'NONE',  ( -0.1259842519685039353, 0.005905511811023618496, -0.08267716535433072833 ) ) ;
#967 = ORIENTED_EDGE ( 'NONE', *, *, #5138, .T. ) ;
#968 = CARTESIAN_POINT ( 'NONE',  ( -0.06331663509238938392, 0.02755905511811023584, 0.08603106008497583834 ) ) ;
#969 = VERTEX_POINT ( 'NONE', #5883 ) ;
#970 = PLANE ( 'NONE',  #2399 ) ;
#971 = EDGE_CURVE ( 'NONE', #498, #3754, #2257, .T. ) ;
#972 = LINE ( 'NONE', #3871, #4721 ) ;
#973 = CARTESIAN_POINT ( 'NONE',  ( -0.04825027367404090273, 0.03149606299212598381, -0.07844492334051811344 ) ) ;
#974 = LINE ( 'NONE', #1648, #4800 ) ;
#975 = VECTOR ( 'NONE', #4726, 39.37007874015748143 ) ;
#976 = ORIENTED_EDGE ( 'NONE', *, *, #1113, .T. ) ;
#977 = ORIENTED_EDGE ( 'NONE', *, *, #1949, .T. ) ;
#978 = EDGE_CURVE ( 'NONE', #3079, #4948, #5805, .T. ) ;
#979 = CARTESIAN_POINT ( 'NONE',  ( -0.06913144007828972426, 0.04678773088182077572, -0.04336891308199686962 ) ) ;
#980 = CARTESIAN_POINT ( 'NONE',  ( 0.09766931059580068186, 0.006323349405354799016, -0.01480014511942988331 ) ) ;
#981 = CARTESIAN_POINT ( 'NONE',  ( 0.06331663509238939780, 0.02755905511811023584, -0.08603106008497583834 ) ) ;
#982 = CARTESIAN_POINT ( 'NONE',  ( -0.05511811023622047861, 0.03149606299212598381, -0.09842519685039370636 ) ) ;
#983 = CARTESIAN_POINT ( 'NONE',  ( -0.09842519685039370636, 0.01181102362204724567, 0.01870078740157483238 ) ) ;
#984 = CARTESIAN_POINT ( 'NONE',  ( -0.04772765201781296179, 0.03164780135005641065, 0.07835038663612808874 ) ) ;
#985 = VERTEX_POINT ( 'NONE', #4586 ) ;
#986 = VECTOR ( 'NONE', #5629, 39.37007874015748143 ) ;
#987 = ORIENTED_EDGE ( 'NONE', *, *, #6832, .F. ) ;
#988 = LINE ( 'NONE', #7723, #4219 ) ;
#989 = CARTESIAN_POINT ( 'NONE',  ( 0.04596025582282962235, 0.04476796829371382930, -0.07007028385620835131 ) ) ;
#990 = AXIS2_PLACEMENT_3D ( 'NONE', #6769, #4303, #3099 ) ;
#991 = CARTESIAN_POINT ( 'NONE',  ( -0.07792006399911287351, 0.03193004094268383358, -0.04777772901967350383 ) ) ;
#992 = CARTESIAN_POINT ( 'NONE',  ( 0.04677617801571175987, 0.03164152125807680876, 0.07820048377683226637 ) ) ;
#993 = EDGE_CURVE ( 'NONE', #6661, #1932, #925, .T. ) ;
#994 = ORIENTED_EDGE ( 'NONE', *, *, #4847, .F. ) ;
#995 = CARTESIAN_POINT ( 'NONE',  ( -0.06692913385826770867, 0.04330708661417322081, -0.04811742286199988811 ) ) ;
#996 = AXIS2_PLACEMENT_3D ( 'NONE', #6050, #3134, #2387 ) ;
#997 = ORIENTED_EDGE ( 'NONE', *, *, #6115, .F. ) ;
#998 = CARTESIAN_POINT ( 'NONE',  ( -0.04647074948661776561, 0.04249201979835696974, -0.07130272458283094805 ) ) ;
#999 = CARTESIAN_POINT ( 'NONE',  ( 0.04648352342745783877, 0.02966181991513167776, 0.07478718532594164081 ) ) ;
#1000 = CARTESIAN_POINT ( 'NONE',  ( -0.09842519685039370636, 0.01574803149606299191, 0.04500536227882346446 ) ) ;
#1001 = CARTESIAN_POINT ( 'NONE',  ( -0.07768862124406539227, 0.03257173687834655912, 0.04624785009162318827 ) ) ;
#1002 = AXIS2_PLACEMENT_3D ( 'NONE', #3447, #1151, #5362 ) ;
#1003 = ORIENTED_EDGE ( 'NONE', *, *, #4470, .F. ) ;
#1004 = EDGE_CURVE ( 'NONE', #6856, #6835, #959, .T. ) ;
#1005 = CARTESIAN_POINT ( 'NONE',  ( -0.04685710615198285245, 0.03165317086872113106, -0.07824244719449276186 ) ) ;
#1006 = ADVANCED_FACE ( 'NONE', ( #5252 ), #4544, .F. ) ;
#1007 = ORIENTED_EDGE ( 'NONE', *, *, #583, .F. ) ;
#1008 = LINE ( 'NONE', #3347, #1011 ) ;
#1009 =( NAMED_UNIT ( * ) PLANE_ANGLE_UNIT ( ) SI_UNIT ( $, .RADIAN. ) );
#1010 = CARTESIAN_POINT ( 'NONE',  ( 0.04598272780507826202, 0.04469496946141580246, -0.07010371479774368808 ) ) ;
#1011 = VECTOR ( 'NONE', #2823, 39.37007874015748143 ) ;
#1012 = CARTESIAN_POINT ( 'NONE',  ( 0.1117542798527060843, 0.01275443361127101029, 0.06299212598425198151 ) ) ;
#1013 = EDGE_CURVE ( 'NONE', #2496, #5480, #7101, .T. ) ;
#1014 = DIRECTION ( 'NONE',  ( 0.000000000000000000, 0.000000000000000000, -1.000000000000000000 ) ) ;
#1015 = EDGE_CURVE ( 'NONE', #1515, #2724, #1312, .T. ) ;
#1016 = DIRECTION ( 'NONE',  ( 1.000000000000000000, 0.000000000000000000, 0.000000000000000000 ) ) ;
#1017 = VECTOR ( 'NONE', #1992, 39.37007874015748143 ) ;
#1018 = ORIENTED_EDGE ( 'NONE', *, *, #2594, .F. ) ;
#1019 = ORIENTED_EDGE ( 'NONE', *, *, #4970, .F. ) ;
#1020 = CARTESIAN_POINT ( 'NONE',  ( -0.07874015748031502893, 0.02755905511811022543, -0.04811742286199984647 ) ) ;
#1021 = DIRECTION ( 'NONE',  ( -1.000000000000000000, 0.000000000000000000, 0.000000000000000000 ) ) ;
#1022 = CIRCLE ( 'NONE', #2533, 0.006467032068879520305 ) ;
#1023 = CARTESIAN_POINT ( 'NONE',  ( -0.09842519685039370636, 0.01181102362204724567, -0.01870078740157483238 ) ) ;
#1024 = CARTESIAN_POINT ( 'NONE',  ( -0.08728965698918823846, 0.005905511811023621965, -0.02263779527559055260 ) ) ;
#1025 = LINE ( 'NONE', #2328, #226 ) ;
#1026 = ADVANCED_FACE ( 'NONE', ( #5958 ), #5511, .F. ) ;
#1027 = CARTESIAN_POINT ( 'NONE',  ( 0.07874015748031495954, 0.02755905511811022543, -0.04811742286199995056 ) ) ;
#1028 = ORIENTED_EDGE ( 'NONE', *, *, #5064, .T. ) ;
#1029 = VECTOR ( 'NONE', #5614, 39.37007874015748143 ) ;
#1030 = ORIENTED_EDGE ( 'NONE', *, *, #3230, .F. ) ;
#1031 = DIRECTION ( 'NONE',  ( 0.000000000000000000, -1.000000000000000000, 0.000000000000000000 ) ) ;
#1032 = CARTESIAN_POINT ( 'NONE',  ( 0.1164233781010027974, -1.600692183787654230E-18, -0.08267716535433072833 ) ) ;
#1033 = AXIS2_PLACEMENT_3D ( 'NONE', #3569, #6554, #3608 ) ;
#1034 = PLANE ( 'NONE',  #1649 ) ;
#1035 = DIRECTION ( 'NONE',  ( 0.000000000000000000, 0.000000000000000000, 1.000000000000000000 ) ) ;
#1036 = ORIENTED_EDGE ( 'NONE', *, *, #1147, .F. ) ;
#1037 = DIRECTION ( 'NONE',  ( -0.7071067811865472397, 0.000000000000000000, 0.7071067811865476838 ) ) ;
#1038 = ORIENTED_EDGE ( 'NONE', *, *, #220, .T. ) ;
#1039 = AXIS2_PLACEMENT_3D ( 'NONE', #3319, #4609, #7500 ) ;
#1040 = DIRECTION ( 'NONE',  ( 0.7071067811865473507, 0.000000000000000000, -0.7071067811865476838 ) ) ;
#1041 = CARTESIAN_POINT ( 'NONE',  ( -0.04556320007441645725, 0.03562413162296521746, -0.07603572988704590530 ) ) ;
#1042 = CARTESIAN_POINT ( 'NONE',  ( 0.04639663789471763777, 0.03003382268297973001, 0.07458542502473743119 ) ) ;
#1043 = EDGE_CURVE ( 'NONE', #1624, #6198, #1712, .T. ) ;
#1044 = FACE_OUTER_BOUND ( 'NONE', #1334, .T. ) ;
#1045 = CARTESIAN_POINT ( 'NONE',  ( -0.07874015748031494566, 0.03149606299212598381, 0.04811742286199992974 ) ) ;
#1046 = VECTOR ( 'NONE', #3025, 39.37007874015748143 ) ;
#1047 = ORIENTED_EDGE ( 'NONE', *, *, #166, .F. ) ;
#1048 = CYLINDRICAL_SURFACE ( 'NONE', #6315, 0.03937007874015747977 ) ;
#1049 = EDGE_LOOP ( 'NONE', ( #2383, #7422, #4649, #6971 ) ) ;
#1050 = CARTESIAN_POINT ( 'NONE',  ( -0.04658600209567099332, 0.03178818152114149670, 0.07812288937530366406 ) ) ;
#1051 = CARTESIAN_POINT ( 'NONE',  ( 0.07676292324076548768, 0.02796622625161355666, -0.04729827275596693720 ) ) ;
#1052 = CARTESIAN_POINT ( 'NONE',  ( 0.04368041252709774919, 0.04401821717066635442, -0.07149027865524225367 ) ) ;
#1053 = CIRCLE ( 'NONE', #6511, 0.001968503937007879193 ) ;
#1054 = CARTESIAN_POINT ( 'NONE',  ( -0.07676292324049176219, 0.02796622625178187688, 0.04729827275584747026 ) ) ;
#1055 = B_SPLINE_CURVE_WITH_KNOTS ( 'NONE', 3,
 ( #3854, #221, #3810, #2080, #5060, #2039, #7428, #4502, #3254, #6285 ),
 .UNSPECIFIED., .F., .F.,
 ( 4, 3, 3, 4 ),
 ( 2.282644967486282443E-16, 4.000545369166275068E-05, 0.0002000054533285495378, 0.0003789617286056992445 ),
 .UNSPECIFIED. ) ;
#1056 = ORIENTED_EDGE ( 'NONE', *, *, #7313, .F. ) ;
#1057 = FACE_OUTER_BOUND ( 'NONE', #2744, .T. ) ;
#1058 = CARTESIAN_POINT ( 'NONE',  ( -0.1164233781010027974, -1.600692183787654230E-18, -0.06299212598425198151 ) ) ;
#1059 = VERTEX_POINT ( 'NONE', #7265 ) ;
#1060 = ORIENTED_EDGE ( 'NONE', *, *, #2368, .T. ) ;
#1061 = DIRECTION ( 'NONE',  ( 0.000000000000000000, 1.000000000000000000, 3.614007241618364055E-16 ) ) ;
#1062 = CARTESIAN_POINT ( 'NONE',  ( -0.09645669291338584972, 0.005905511811023621965, -0.02657480314960630058 ) ) ;
#1063 = EDGE_CURVE ( 'NONE', #1748, #1293, #6124, .T. ) ;
#1064 = EDGE_CURVE ( 'NONE', #5356, #5261, #3088, .T. ) ;
#1065 = DIRECTION ( 'NONE',  ( 0.000000000000000000, 0.000000000000000000, 1.000000000000000000 ) ) ;
#1066 = CARTESIAN_POINT ( 'NONE',  ( -0.09842519685039370636, 0.001968503937007873555, -0.02263779527559055260 ) ) ;
#1067 = DIRECTION ( 'NONE',  ( 0.000000000000000000, -1.000000000000000000, 0.000000000000000000 ) ) ;
#1068 = CARTESIAN_POINT ( 'NONE',  ( -0.09645669291338584972, 0.02755905511811023584, 0.09842519685039372024 ) ) ;
#1069 = VERTEX_POINT ( 'NONE', #1153 ) ;
#1070 = ORIENTED_EDGE ( 'NONE', *, *, #1796, .T. ) ;
#1071 = CARTESIAN_POINT ( 'NONE',  ( 0.07703375538902736130, 0.03190852425293713712, -0.04884462017292071773 ) ) ;
#1072 = EDGE_CURVE ( 'NONE', #6825, #4267, #2338, .T. ) ;
#1073 = CARTESIAN_POINT ( 'NONE',  ( 0.07874015748031494566, 0.03149606299212598381, 0.04811742286199992280 ) ) ;
#1074 = DIRECTION ( 'NONE',  ( 5.706327223607917555E-17, -1.000000000000000000, 0.000000000000000000 ) ) ;
#1075 = CARTESIAN_POINT ( 'NONE',  ( -0.1062992125984252023, 0.01574803149606299191, -0.06299212598425198151 ) ) ;
#1076 = ORIENTED_EDGE ( 'NONE', *, *, #2669, .F. ) ;
#1077 = EDGE_LOOP ( 'NONE', ( #2865, #2426, #2206, #7351 ) ) ;
#1078 = DIRECTION ( 'NONE',  ( -0.000000000000000000, -1.000000000000000000, -0.000000000000000000 ) ) ;
#1079 = ORIENTED_EDGE ( 'NONE', *, *, #4910, .T. ) ;
#1080 = DIRECTION ( 'NONE',  ( 0.000000000000000000, 0.000000000000000000, -1.000000000000000000 ) ) ;
#1081 = CARTESIAN_POINT ( 'NONE',  ( -0.04540305171260909656, 0.04273142322981893920, -0.07218708583814069379 ) ) ;
#1082 = CARTESIAN_POINT ( 'NONE',  ( -0.05511811023622046474, 0.02755905511811023584, 0.09842519685039370636 ) ) ;
#1083 = PLANE ( 'NONE',  #22 ) ;
#1084 = CARTESIAN_POINT ( 'NONE',  ( -0.07807648606036872441, 0.03149606299212598381, 0.04840025161949736143 ) ) ;
#1085 = ORIENTED_EDGE ( 'NONE', *, *, #649, .F. ) ;
#1086 = DIRECTION ( 'NONE',  ( 0.000000000000000000, 0.000000000000000000, -1.000000000000000000 ) ) ;
#1087 = VERTEX_POINT ( 'NONE', #3647 ) ;
#1088 = LINE ( 'NONE', #2901, #6349 ) ;
#1089 = CARTESIAN_POINT ( 'NONE',  ( -0.05511811023622045780, 0.02755905511811023584, 0.09842519685039372024 ) ) ;
#1090 = CARTESIAN_POINT ( 'NONE',  ( -0.07834358685339624928, 0.02755905511811022543, 0.04794158768417021432 ) ) ;
#1091 = ORIENTED_EDGE ( 'NONE', *, *, #3283, .T. ) ;
#1092 = FACE_OUTER_BOUND ( 'NONE', #4446, .T. ) ;
#1093 = ORIENTED_EDGE ( 'NONE', *, *, #5803, .F. ) ;
#1094 = LINE ( 'NONE', #4143, #736 ) ;
#1095 = EDGE_CURVE ( 'NONE', #1069, #5178, #5849, .T. ) ;
#1096 = CARTESIAN_POINT ( 'NONE',  ( 0.04330505414986006441, 0.04724409448818896184, -0.06808676039022650006 ) ) ;
#1097 = ORIENTED_EDGE ( 'NONE', *, *, #2807, .T. ) ;
#1098 = ORIENTED_EDGE ( 'NONE', *, *, #4262, .T. ) ;
#1099 = CARTESIAN_POINT ( 'NONE',  ( 0.1062992125984252023, 0.01574803149606299191, -0.06299212598425198151 ) ) ;
#1100 = CARTESIAN_POINT ( 'NONE',  ( -0.04330505414984160695, 0.04724409448818897572, 0.06808676039014317782 ) ) ;
#1101 = CIRCLE ( 'NONE', #7053, 0.003937007874015743640 ) ;
#1102 = CARTESIAN_POINT ( 'NONE',  ( -0.04322513669223895100, 0.04724409448818898266, -0.06692913385826773642 ) ) ;
#1103 = CARTESIAN_POINT ( 'NONE',  ( 0.000000000000000000, 0.04724409448818898266, 0.000000000000000000 ) ) ;
#1104 = EDGE_CURVE ( 'NONE', #2964, #4830, #4861, .T. ) ;
#1105 = EDGE_CURVE ( 'NONE', #7554, #2701, #2972, .T. ) ;
#1106 = ORIENTED_EDGE ( 'NONE', *, *, #5053, .F. ) ;
#1107 = ORIENTED_EDGE ( 'NONE', *, *, #1466, .T. ) ;
#1108 = CARTESIAN_POINT ( 'NONE',  ( -0.04884462017292178632, 0.03190852425293756733, 0.07703375538902647313 ) ) ;
#1109 = LINE ( 'NONE', #5432, #4713 ) ;
#1110 = CARTESIAN_POINT ( 'NONE',  ( -0.07874015748031494566, 0.03149606299212598381, -0.04811742286199988811 ) ) ;
#1111 = DIRECTION ( 'NONE',  ( -1.000000000000000000, 0.000000000000000000, 0.000000000000000000 ) ) ;
#1112 = VECTOR ( 'NONE', #2068, 39.37007874015748143 ) ;
#1113 = EDGE_CURVE ( 'NONE', #5992, #3605, #1778, .T. ) ;
#1114 = ORIENTED_EDGE ( 'NONE', *, *, #5378, .F. ) ;
#1115 = DIRECTION ( 'NONE',  ( 0.000000000000000000, 1.000000000000000000, 0.000000000000000000 ) ) ;
#1116 = EDGE_LOOP ( 'NONE', ( #7791, #2306, #7296, #1418 ) ) ;
#1117 = CARTESIAN_POINT ( 'NONE',  ( -0.07006954814955136668, 0.04476932692331957175, -0.04595995108315492628 ) ) ;
#1118 = CIRCLE ( 'NONE', #6448, 0.001968503937007879193 ) ;
#1119 = DIRECTION ( 'NONE',  ( 2.282530889443167515E-16, 0.000000000000000000, 1.000000000000000000 ) ) ;
#1120 = DIRECTION ( 'NONE',  ( -0.5370986485132712707, 0.8435194376925865267, 0.000000000000000000 ) ) ;
#1121 = CIRCLE ( 'NONE', #4036, 0.003937007874015749712 ) ;
#1122 = ORIENTED_EDGE ( 'NONE', *, *, #1043, .T. ) ;
#1123 = CARTESIAN_POINT ( 'NONE',  ( -0.1023622047244094613, 0.01181102362204724567, -0.04500536227882345752 ) ) ;
#1124 = ORIENTED_EDGE ( 'NONE', *, *, #1193, .F. ) ;
#1125 = CARTESIAN_POINT ( 'NONE',  ( 0.07118036152580109466, 0.04459054118528232163, 0.04355204064887158166 ) ) ;
#1126 = CARTESIAN_POINT ( 'NONE',  ( 0.04514630795615631742, 0.04387607125905089445, -0.07156725157925850067 ) ) ;
#1127 = DIRECTION ( 'NONE',  ( 0.000000000000000000, 0.000000000000000000, 1.000000000000000000 ) ) ;
#1128 = ORIENTED_EDGE ( 'NONE', *, *, #1602, .F. ) ;
#1129 = CARTESIAN_POINT ( 'NONE',  ( -0.1164233781010027835, 0.005905511811023553444, 0.06299212598425198151 ) ) ;
#1130 = VERTEX_POINT ( 'NONE', #876 ) ;
#1131 = DIRECTION ( 'NONE',  ( 0.000000000000000000, 1.000000000000000000, 0.000000000000000000 ) ) ;
#1132 = ORIENTED_EDGE ( 'NONE', *, *, #403, .F. ) ;
#1133 = VECTOR ( 'NONE', #895, 39.37007874015748143 ) ;
#1134 = VERTEX_POINT ( 'NONE', #1398 ) ;
#1135 = CARTESIAN_POINT ( 'NONE',  ( -0.09842519685039370636, 0.02755905511811023584, 0.04894237015283921244 ) ) ;
#1136 = DIRECTION ( 'NONE',  ( -1.000000000000000000, -0.000000000000000000, -0.000000000000000000 ) ) ;
#1137 = ADVANCED_FACE ( 'NONE', ( #6239 ), #806, .T. ) ;
#1138 = DIRECTION ( 'NONE',  ( 0.7071067811865471286, 0.000000000000000000, -0.7071067811865479058 ) ) ;
#1139 = VECTOR ( 'NONE', #2300, 39.37007874015748143 ) ;
#1140 = DIRECTION ( 'NONE',  ( -1.000000000000000000, 0.000000000000000000, 0.000000000000000000 ) ) ;
#1141 = FACE_OUTER_BOUND ( 'NONE', #4146, .T. ) ;
#1142 = ORIENTED_EDGE ( 'NONE', *, *, #2096, .T. ) ;
#1143 = VERTEX_POINT ( 'NONE', #4457 ) ;
#1144 = CARTESIAN_POINT ( 'NONE',  ( 0.1259842519685039353, 0.005905511811023618496, -0.06299212598425198151 ) ) ;
#1145 = VECTOR ( 'NONE', #4977, 39.37007874015748143 ) ;
#1146 = CARTESIAN_POINT ( 'NONE',  ( -0.05511811023622047168, 0.000000000000000000, 0.09645669291338584972 ) ) ;
#1147 = EDGE_CURVE ( 'NONE', #4930, #169, #756, .T. ) ;
#1148 = CARTESIAN_POINT ( 'NONE',  ( -0.08728965698918823846, 0.005905511811023621965, -0.02263779527559055260 ) ) ;
#1149 = CYLINDRICAL_SURFACE ( 'NONE', #6969, 0.006467032068879366782 ) ;
#1150 = VECTOR ( 'NONE', #2675, 39.37007874015748143 ) ;
#1151 = DIRECTION ( 'NONE',  ( 1.000000000000000000, 0.000000000000000000, 0.000000000000000000 ) ) ;
#1152 = EDGE_LOOP ( 'NONE', ( #2551, #2177, #1755, #5643 ) ) ;
#1153 = CARTESIAN_POINT ( 'NONE',  ( 0.07108354790047277660, 0.04476932692331955788, -0.04351193913223753984 ) ) ;
#1154 = ORIENTED_EDGE ( 'NONE', *, *, #2962, .F. ) ;
#1155 = CYLINDRICAL_SURFACE ( 'NONE', #7389, 0.0005615202578559341188 ) ;
#1156 = AXIS2_PLACEMENT_3D ( 'NONE', #3713, #708, #3791 ) ;
#1157 = CARTESIAN_POINT ( 'NONE',  ( -0.1023622047244094613, 0.01181102362204724567, -0.01870078740157483238 ) ) ;
#1158 = EDGE_CURVE ( 'NONE', #807, #1186, #2163, .T. ) ;
#1159 = EDGE_CURVE ( 'NONE', #1087, #2690, #3122, .T. ) ;
#1160 = DIRECTION ( 'NONE',  ( 0.000000000000000000, -1.000000000000000000, 0.000000000000000000 ) ) ;
#1161 = ORIENTED_EDGE ( 'NONE', *, *, #3274, .T. ) ;
#1162 = FACE_OUTER_BOUND ( 'NONE', #1241, .T. ) ;
#1163 = AXIS2_PLACEMENT_3D ( 'NONE', #5235, #4641, #1021 ) ;
#1164 = VECTOR ( 'NONE', #4559, 39.37007874015748854 ) ;
#1165 = ORIENTED_EDGE ( 'NONE', *, *, #7744, .T. ) ;
#1166 = CARTESIAN_POINT ( 'NONE',  ( 0.07051423731127497152, 0.04563022806078847332, 0.04471013516498521106 ) ) ;
#1167 = LINE ( 'NONE', #7398, #124 ) ;
#1168 = CARTESIAN_POINT ( 'NONE',  ( 0.04607668758732159919, 0.03333483556450130003, -0.07727539840481052746 ) ) ;
#1169 = DIRECTION ( 'NONE',  ( 0.000000000000000000, 0.000000000000000000, -1.000000000000000000 ) ) ;
#1170 = EDGE_CURVE ( 'NONE', #1820, #4456, #6600, .T. ) ;
#1171 = VECTOR ( 'NONE', #3092, 39.37007874015748143 ) ;
#1172 = CARTESIAN_POINT ( 'NONE',  ( -0.1062992125984252023, 0.009842519685039368207, 0.06299212598425198151 ) ) ;
#1173 = EDGE_LOOP ( 'NONE', ( #4410, #4785, #6990, #2812, #7626, #7741, #5667, #6827 ) ) ;
#1174 = CARTESIAN_POINT ( 'NONE',  ( 0.04322513669223895100, 0.04330708661417322081, -0.06692913385826773642 ) ) ;
#1175 = ORIENTED_EDGE ( 'NONE', *, *, #6014, .F. ) ;
#1176 = CARTESIAN_POINT ( 'NONE',  ( -0.04624785009162321603, 0.03257173687834662157, 0.07768862124406539227 ) ) ;
#1177 = ORIENTED_EDGE ( 'NONE', *, *, #2893, .F. ) ;
#1178 = ORIENTED_EDGE ( 'NONE', *, *, #4765, .F. ) ;
#1179 = CARTESIAN_POINT ( 'NONE',  ( -0.07677165354330711677, 0.005905511811023621965, -0.01870078740157480462 ) ) ;
#1180 = CARTESIAN_POINT ( 'NONE',  ( 0.07164642306293829421, 0.04724409448818897572, -0.04102368844462336156 ) ) ;
#1181 = DIRECTION ( 'NONE',  ( 0.000000000000000000, 0.000000000000000000, -1.000000000000000000 ) ) ;
#1182 = DIRECTION ( 'NONE',  ( 1.000000000000000000, -5.706327223607917555E-17, 0.000000000000000000 ) ) ;
#1183 = CARTESIAN_POINT ( 'NONE',  ( 0.000000000000000000, 0.09645669291338582196, -0.03740157480314960925 ) ) ;
#1184 = CARTESIAN_POINT ( 'NONE',  ( -0.1109683108467216656, 0.002993597884792337672, -0.08267716535433072833 ) ) ;
#1185 = EDGE_LOOP ( 'NONE', ( #7289, #1839, #2350, #4565, #6810, #2331, #560, #4640, #5804, #7215, #6122, #3302, #3121, #4624, #2259, #3956, #7549, #3267, #6229, #3370 ) ) ;
#1186 = VERTEX_POINT ( 'NONE', #1321 ) ;
#1187 = CARTESIAN_POINT ( 'NONE',  ( -0.04740228562803820017, 0.03833892558812827811, -0.07355165176928918358 ) ) ;
#1188 = CARTESIAN_POINT ( 'NONE',  ( 0.07822463022930226106, 0.03150952044023522941, 0.04832837713773854155 ) ) ;
#1189 = CARTESIAN_POINT ( 'NONE',  ( -0.1117542798527060843, 0.01275443361127101029, 0.06299212598425198151 ) ) ;
#1190 = CARTESIAN_POINT ( 'NONE',  ( -0.09842519685039370636, 0.01181102362204724567, 0.01870078740157483238 ) ) ;
#1191 = ORIENTED_EDGE ( 'NONE', *, *, #1352, .F. ) ;
#1192 = CARTESIAN_POINT ( 'NONE',  ( 0.04334037130671965915, 0.04702332683964679377, 0.06859813918599191873 ) ) ;
#1193 = EDGE_CURVE ( 'NONE', #339, #3988, #3286, .T. ) ;
#1194 = ORIENTED_EDGE ( 'NONE', *, *, #3333, .T. ) ;
#1195 = DIRECTION ( 'NONE',  ( 0.000000000000000000, 0.000000000000000000, -1.000000000000000000 ) ) ;
#1196 = CARTESIAN_POINT ( 'NONE',  ( -0.07006954814955136668, 0.04476932692331957175, -0.04595995108315492628 ) ) ;
#1197 = CARTESIAN_POINT ( 'NONE',  ( -0.04811742286199997137, 0.03149606299212598381, -0.07874015748031498729 ) ) ;
#1198 = DIRECTION ( 'NONE',  ( 0.000000000000000000, 0.000000000000000000, -1.000000000000000000 ) ) ;
#1199 = CARTESIAN_POINT ( 'NONE',  ( -0.07874015748031494566, 0.03149606299212598381, 0.04811742286199992280 ) ) ;
#1200 = CARTESIAN_POINT ( 'NONE',  ( -0.04811742286199986035, 0.04724409448818895491, 0.06692913385826773642 ) ) ;
#1201 = ORIENTED_EDGE ( 'NONE', *, *, #7234, .T. ) ;
#1202 = CARTESIAN_POINT ( 'NONE',  ( -0.06889763779527559306, 0.009842519685039369942, 0.06299212598425198151 ) ) ;
#1203 = EDGE_LOOP ( 'NONE', ( #4342, #5277, #7524, #6081, #4073, #3011, #5948, #997, #719, #3261, #5637, #4244 ) ) ;
#1204 = CARTESIAN_POINT ( 'NONE',  ( 0.07016636177488010107, 0.04459054118528227306, 0.04600005259978801747 ) ) ;
#1205 = ADVANCED_FACE ( 'NONE', ( #2613 ), #1476, .F. ) ;
#1206 = ADVANCED_FACE ( 'NONE', ( #5022 ), #96, .T. ) ;
#1207 = CARTESIAN_POINT ( 'NONE',  ( 0.1117542798527060843, 0.01275443361127101029, -0.08267716535433072833 ) ) ;
#1208 = CARTESIAN_POINT ( 'NONE',  ( 0.04744814616813190777, 0.03149606299212600463, -0.07847086105113604271 ) ) ;
#1209 = DIRECTION ( 'NONE',  ( -0.000000000000000000, -1.000000000000000000, -0.000000000000000000 ) ) ;
#1210 = CARTESIAN_POINT ( 'NONE',  ( 0.04811742286199983260, 0.04724409448818897572, -0.06870810205938816806 ) ) ;
#1211 = ORIENTED_EDGE ( 'NONE', *, *, #7743, .T. ) ;
#1212 = PLANE ( 'NONE',  #6052 ) ;
#1213 = ORIENTED_EDGE ( 'NONE', *, *, #5089, .F. ) ;
#1214 = DIRECTION ( 'NONE',  ( 0.000000000000000000, 0.000000000000000000, -1.000000000000000000 ) ) ;
#1215 = EDGE_CURVE ( 'NONE', #1544, #5766, #6199, .T. ) ;
#1216 = ORIENTED_EDGE ( 'NONE', *, *, #352, .T. ) ;
#1217 = EDGE_LOOP ( 'NONE', ( #3646, #183, #7028, #4871 ) ) ;
#1218 = CARTESIAN_POINT ( 'NONE',  ( 0.07874015748031491790, 0.03149606299212598381, -0.04811742286199997137 ) ) ;
#1219 = CARTESIAN_POINT ( 'NONE',  ( 0.04811742286199992280, 0.02755905511811022543, 0.07874015748031494566 ) ) ;
#1220 = LINE ( 'NONE', #3603, #3679 ) ;
#1221 = LINE ( 'NONE', #4969, #4271 ) ;
#1222 = CARTESIAN_POINT ( 'NONE',  ( 0.07874015748031494566, 0.02755905511811023584, 0.04811742286199992280 ) ) ;
#1223 = VECTOR ( 'NONE', #5311, 39.37007874015748143 ) ;
#1224 = EDGE_CURVE ( 'NONE', #550, #7020, #3727, .T. ) ;
#1225 = ORIENTED_EDGE ( 'NONE', *, *, #5327, .T. ) ;
#1226 = CARTESIAN_POINT ( 'NONE',  ( -0.1259842519685039353, -1.574803884209003054E-18, -0.08267716535433072833 ) ) ;
#1227 = ORIENTED_EDGE ( 'NONE', *, *, #878, .F. ) ;
#1228 = DIRECTION ( 'NONE',  ( 0.000000000000000000, 0.000000000000000000, -1.000000000000000000 ) ) ;
#1229 = CARTESIAN_POINT ( 'NONE',  ( 0.09645669291338584972, 0.03149606299212598381, 0.04894237015283921244 ) ) ;
#1230 = DIRECTION ( 'NONE',  ( -1.000000000000000000, 2.232281561944730346E-16, 0.000000000000000000 ) ) ;
#1231 = CARTESIAN_POINT ( 'NONE',  ( -0.07874015748031494566, 0.03149606299212598381, -0.04811742286199990892 ) ) ;
#1232 = ORIENTED_EDGE ( 'NONE', *, *, #5914, .T. ) ;
#1233 = CARTESIAN_POINT ( 'NONE',  ( 0.04346247515747772572, 0.04576048623852501523, 0.07036709519943301627 ) ) ;
#1234 = ORIENTED_EDGE ( 'NONE', *, *, #3230, .T. ) ;
#1235 = CARTESIAN_POINT ( 'NONE',  ( 0.04876374141627055209, 0.03178807741041538015, 0.07722099173585440790 ) ) ;
#1236 = FACE_OUTER_BOUND ( 'NONE', #7030, .T. ) ;
#1237 = AXIS2_PLACEMENT_3D ( 'NONE', #912, #873, #5718 ) ;
#1238 = EDGE_CURVE ( 'NONE', #3201, #194, #4319, .T. ) ;
#1239 = CARTESIAN_POINT ( 'NONE',  ( -0.04811742286199986035, 0.03619545847639819847, 0.07572635272678920892 ) ) ;
#1240 = CARTESIAN_POINT ( 'NONE',  ( 0.04339364618986870509, 0.04676143729944564481, 0.06937002354045329611 ) ) ;
#1241 = EDGE_LOOP ( 'NONE', ( #4235, #4413, #7009, #7624 ) ) ;
#1242 = DIRECTION ( 'NONE',  ( 0.000000000000000000, 0.000000000000000000, -1.000000000000000000 ) ) ;
#1243 = VECTOR ( 'NONE', #6423, 39.37007874015748854 ) ;
#1244 = FACE_OUTER_BOUND ( 'NONE', #3773, .T. ) ;
#1245 = LINE ( 'NONE', #7356, #4425 ) ;
#1246 = VECTOR ( 'NONE', #273, 39.37007874015748143 ) ;
#1247 = ADVANCED_FACE ( 'NONE', ( #182 ), #2576, .T. ) ;
#1248 = CARTESIAN_POINT ( 'NONE',  ( 0.04811742286199984647, 0.03149606299212598381, -0.07874015748031498729 ) ) ;
#1249 = EDGE_CURVE ( 'NONE', #6959, #4234, #257, .T. ) ;
#1250 = ORIENTED_EDGE ( 'NONE', *, *, #5371, .F. ) ;
#1251 = PLANE ( 'NONE',  #2858 ) ;
#1252 = ORIENTED_EDGE ( 'NONE', *, *, #5727, .T. ) ;
#1253 = VERTEX_POINT ( 'NONE', #7464 ) ;
#1254 = AXIS2_PLACEMENT_3D ( 'NONE', #3331, #5763, #5166 ) ;
#1255 = VERTEX_POINT ( 'NONE', #2035 ) ;
#1256 = CARTESIAN_POINT ( 'NONE',  ( -0.09690881573372342461, 0.005958136653374038194, -0.01491117167214940815 ) ) ;
#1257 = DIRECTION ( 'NONE',  ( 0.000000000000000000, 1.000000000000000000, -3.614007241618364055E-16 ) ) ;
#1258 = AXIS2_PLACEMENT_3D ( 'NONE', #5438, #7267, #1831 ) ;
#1259 = EDGE_CURVE ( 'NONE', #2355, #892, #6868, .T. ) ;
#1260 = CARTESIAN_POINT ( 'NONE',  ( -0.1164233781010027835, 0.006467032068879333823, -0.08267716535433072833 ) ) ;
#1261 = EDGE_CURVE ( 'NONE', #4860, #2229, #842, .T. ) ;
#1262 = CARTESIAN_POINT ( 'NONE',  ( -0.1062992125984252023, 0.01574803149606299191, 0.08267716535433072833 ) ) ;
#1263 = DIRECTION ( 'NONE',  ( 0.000000000000000000, 0.000000000000000000, -1.000000000000000000 ) ) ;
#1264 = DIRECTION ( 'NONE',  ( 1.000000000000000000, 0.000000000000000000, 0.000000000000000000 ) ) ;
#1265 = CIRCLE ( 'NONE', #3149, 0.003937007874015749712 ) ;
#1266 = ORIENTED_EDGE ( 'NONE', *, *, #4251, .T. ) ;
#1267 = PRODUCT_CONTEXT ( 'NONE', #7826, 'mechanical' ) ;
#1268 = ORIENTED_EDGE ( 'NONE', *, *, #200, .T. ) ;
#1269 = DIRECTION ( 'NONE',  ( -0.000000000000000000, -1.000000000000000000, -0.000000000000000000 ) ) ;
#1270 = VECTOR ( 'NONE', #4467, 39.37007874015748143 ) ;
#1271 = CARTESIAN_POINT ( 'NONE',  ( 0.07023644914266809203, 0.04633366434060631062, -0.04811742286199997831 ) ) ;
#1272 = EDGE_CURVE ( 'NONE', #276, #1777, #1665, .T. ) ;
#1273 = CARTESIAN_POINT ( 'NONE',  ( 0.09645669291338584972, 0.005905511811023621965, 0.02657480314960630058 ) ) ;
#1274 = LINE ( 'NONE', #4859, #2647 ) ;
#1275 = ORIENTED_EDGE ( 'NONE', *, *, #2141, .F. ) ;
#1276 = CARTESIAN_POINT ( 'NONE',  ( 0.07006615467612915815, 0.04607327564507053552, -0.04344171147021635287 ) ) ;
#1277 = CIRCLE ( 'NONE', #2277, 0.0005615202578559341188 ) ;
#1278 = ORIENTED_EDGE ( 'NONE', *, *, #1249, .F. ) ;
#1279 = SURFACE_STYLE_USAGE ( .BOTH. , #7306 ) ;
#1280 = CARTESIAN_POINT ( 'NONE',  ( -0.04637490382785341286, 0.03192330889089450841, -0.07803902177287923292 ) ) ;
#1281 = DIRECTION ( 'NONE',  ( -1.000000000000000000, 0.000000000000000000, 0.000000000000000000 ) ) ;
#1282 = CARTESIAN_POINT ( 'NONE',  ( -0.06977940642378084590, 0.04538425365438044506, -0.04570727917525960887 ) ) ;
#1283 = FACE_OUTER_BOUND ( 'NONE', #2175, .T. ) ;
#1284 = CARTESIAN_POINT ( 'NONE',  ( 0.04347150067081170105, 0.04563202121754621199, 0.07049778985967471157 ) ) ;
#1285 = ORIENTED_EDGE ( 'NONE', *, *, #4603, .F. ) ;
#1286 = CARTESIAN_POINT ( 'NONE',  ( 0.07092144877917699874, 0.04506030752890931995, 0.04487880767774414525 ) ) ;
#1287 = CIRCLE ( 'NONE', #5470, 0.003937007874015762722 ) ;
#1288 = CARTESIAN_POINT ( 'NONE',  ( 0.09842519685039370636, 0.007874015748031497688, -0.01870078740157480462 ) ) ;
#1289 = CARTESIAN_POINT ( 'NONE',  ( 0.1259842519685039353, -1.574803884209003054E-18, 0.08267716535433072833 ) ) ;
#1290 = DIRECTION ( 'NONE',  ( -2.232281561944730346E-16, 1.000000000000000000, 0.000000000000000000 ) ) ;
#1291 = CARTESIAN_POINT ( 'NONE',  ( -0.04811742286199997137, 0.04476932692331947461, -0.07108354790047266558 ) ) ;
#1292 = VECTOR ( 'NONE', #3309, 39.37007874015748854 ) ;
#1293 = VERTEX_POINT ( 'NONE', #5722 ) ;
#1294 = LINE ( 'NONE', #7360, #230 ) ;
#1295 = ORIENTED_EDGE ( 'NONE', *, *, #7304, .F. ) ;
#1296 = CARTESIAN_POINT ( 'NONE',  ( -0.04637490382785330184, 0.03192330889089444595, 0.07803902177287927455 ) ) ;
#1297 = ORIENTED_EDGE ( 'NONE', *, *, #3528, .F. ) ;
#1298 = SURFACE_STYLE_USAGE ( .BOTH. , #3145 ) ;
#1299 = ADVANCED_FACE ( 'NONE', ( #5759 ), #5450, .T. ) ;
#1300 = ORIENTED_EDGE ( 'NONE', *, *, #6707, .T. ) ;
#1301 = DIRECTION ( 'NONE',  ( 1.000000000000000000, 2.707733616970879528E-18, 0.000000000000000000 ) ) ;
#1302 = CIRCLE ( 'NONE', #7633, 0.0005615202578559341188 ) ;
#1303 = DIRECTION ( 'NONE',  ( 0.000000000000000000, 0.000000000000000000, 1.000000000000000000 ) ) ;
#1304 = CARTESIAN_POINT ( 'NONE',  ( 4.966087413865252318E-18, 0.04330708661417323468, -0.04055118110236220763 ) ) ;
#1305 = DIRECTION ( 'NONE',  ( 0.000000000000000000, 0.000000000000000000, 1.000000000000000000 ) ) ;
#1306 = CARTESIAN_POINT ( 'NONE',  ( 0.07047627890432117681, 0.04401821717066624340, -0.04612842447801440010 ) ) ;
#1307 = COLOUR_RGB ( '',0.7921568627450980005, 0.8196078431372548767, 0.9333333333333333481 ) ;
#1308 = DIRECTION ( 'NONE',  ( -0.000000000000000000, -1.000000000000000000, -0.000000000000000000 ) ) ;
#1309 = ORIENTED_EDGE ( 'NONE', *, *, #7688, .F. ) ;
#1310 = EDGE_CURVE ( 'NONE', #894, #3079, #5270, .T. ) ;
#1311 = ORIENTED_EDGE ( 'NONE', *, *, #154, .T. ) ;
#1312 = B_SPLINE_CURVE_WITH_KNOTS ( 'NONE', 3,
 ( #1670, #4090, #4543, #4126, #21, #5481, #2454, #687, #3049, #2418, #6680, #1233, #6560, #7224, #1192, #2932, #2373 ),
 .UNSPECIFIED., .F., .F.,
 ( 4, 1, 2, 2, 2, 2, 2, 2, 4 ),
 ( 0.000000000000000000, 0.06249999999997056521, 0.09374999999995584088, 0.1249999999999411304, 0.1874999999999485967, 0.2187499999999524547, 0.2499999999999563127, 0.4999999999999732436, 1.000000000000000000 ),
 .UNSPECIFIED. ) ;
#1313 = ADVANCED_FACE ( 'NONE', ( #370 ), #7616, .T. ) ;
#1314 = CARTESIAN_POINT ( 'NONE',  ( -0.04811742286199983260, 0.04315534825624279397, 0.06748035307233446467 ) ) ;
#1315 = CARTESIAN_POINT ( 'NONE',  ( -0.05118110236220469594, 0.01181102362204724567, 0.09842519685039370636 ) ) ;
#1316 = CARTESIAN_POINT ( 'NONE',  ( 0.07804775513994746672, 0.03190852425293754652, -0.04639660822200544071 ) ) ;
#1317 = DIRECTION ( 'NONE',  ( 1.000000000000000000, 0.000000000000000000, 0.000000000000000000 ) ) ;
#1318 = DIRECTION ( 'NONE',  ( -1.000000000000000000, 0.000000000000000000, 0.000000000000000000 ) ) ;
#1319 = B_SPLINE_CURVE_WITH_KNOTS ( 'NONE', 3,
 ( #278, #4634, #7152, #3422, #6495, #1051, #3462, #7745, #463, #1682 ),
 .UNSPECIFIED., .F., .F.,
 ( 4, 2, 2, 2, 4 ),
 ( 0.7444130001158000276, 0.8083097500868500207, 0.8722065000579000138, 0.9361032500289500069, 1.000000000000000000 ),
 .UNSPECIFIED. ) ;
#1320 = ORIENTED_EDGE ( 'NONE', *, *, #769, .T. ) ;
#1321 = CARTESIAN_POINT ( 'NONE',  ( 0.000000000000000000, 0.02755905511811023584, -0.03937007874015747977 ) ) ;
#1322 = ORIENTED_EDGE ( 'NONE', *, *, #1105, .T. ) ;
#1323 = EDGE_CURVE ( 'NONE', #5723, #668, #2891, .T. ) ;
#1324 = CARTESIAN_POINT ( 'NONE',  ( -0.04777772901967181074, 0.03193004094268345888, -0.07792006399911366454 ) ) ;
#1325 = CARTESIAN_POINT ( 'NONE',  ( -0.09842519685039370636, 0.005905511811023621965, -0.02263779527559055260 ) ) ;
#1326 = DIRECTION ( 'NONE',  ( 0.000000000000000000, -1.000000000000000000, 0.000000000000000000 ) ) ;
#1327 = FACE_OUTER_BOUND ( 'NONE', #6189, .T. ) ;
#1328 = ORIENTED_EDGE ( 'NONE', *, *, #6412, .F. ) ;
#1329 = ADVANCED_FACE ( 'NONE', ( #5852 ), #6779, .F. ) ;
#1330 = CARTESIAN_POINT ( 'NONE',  ( 0.05511811023622045086, 0.02559055118110236532, 0.09645669291338582196 ) ) ;
#1331 = CARTESIAN_POINT ( 'NONE',  ( 0.04790303862398500451, 0.03149606347782850368, -0.07822258814247529113 ) ) ;
#1332 = DIRECTION ( 'NONE',  ( 1.000000000000000000, 2.232281561944730346E-16, 0.000000000000000000 ) ) ;
#1333 = CARTESIAN_POINT ( 'NONE',  ( 0.05511811023622047861, 0.03149606299212598381, -0.1023622047244094613 ) ) ;
#1334 = EDGE_LOOP ( 'NONE', ( #2408, #4309, #4703, #5085, #6888, #2523, #6432, #7244, #5457, #6924 ) ) ;
#1335 = LINE ( 'NONE', #3303, #7681 ) ;
#1336 = VERTEX_POINT ( 'NONE', #5042 ) ;
#1337 = ORIENTED_EDGE ( 'NONE', *, *, #5965, .T. ) ;
#1338 = CARTESIAN_POINT ( 'NONE',  ( -0.1067728658505845696, 0.009582591198791106518, 0.08267716535433072833 ) ) ;
#1339 = DIRECTION ( 'NONE',  ( -1.000000000000000000, 2.232281561944730346E-16, 0.000000000000000000 ) ) ;
#1340 = CARTESIAN_POINT ( 'NONE',  ( 0.04517980852090016514, 0.03003382268297973001, 0.07580254313921519493 ) ) ;
#1341 = DIRECTION ( 'NONE',  ( -1.000000000000000000, 0.000000000000000000, 0.000000000000000000 ) ) ;
#1342 = CYLINDRICAL_SURFACE ( 'NONE', #6236, 0.01072812687502424332 ) ;
#1343 = ADVANCED_FACE ( 'NONE', ( #742 ), #3233, .T. ) ;
#1344 = DIRECTION ( 'NONE',  ( 0.000000000000000000, 0.000000000000000000, -1.000000000000000000 ) ) ;
#1345 = ORIENTED_EDGE ( 'NONE', *, *, #7509, .T. ) ;
#1346 = VERTEX_POINT ( 'NONE', #424 ) ;
#1347 = CARTESIAN_POINT ( 'NONE',  ( -0.04811742286199986035, 0.03432075690644036114, 0.07226434102495174483 ) ) ;
#1348 = LINE ( 'NONE', #906, #5684 ) ;
#1349 = CARTESIAN_POINT ( 'NONE',  ( -0.1062992125984252023, 0.009280999427183432571, 0.06299212598425198151 ) ) ;
#1350 = EDGE_CURVE ( 'NONE', #5936, #5074, #2019, .T. ) ;
#1351 = DIRECTION ( 'NONE',  ( 0.000000000000000000, 1.000000000000000000, 0.000000000000000000 ) ) ;
#1352 = EDGE_CURVE ( 'NONE', #5416, #5776, #2792, .T. ) ;
#1353 = CARTESIAN_POINT ( 'NONE',  ( -0.04811742286199993668, 0.02755905511811023237, -0.07874015748031495954 ) ) ;
#1354 = EDGE_LOOP ( 'NONE', ( #6046, #3000, #655, #4157, #6075, #4741 ) ) ;
#1355 = CARTESIAN_POINT ( 'NONE',  ( 0.07833611622159709909, 0.02755905511811022543, 0.04796165328650978804 ) ) ;
#1356 = ORIENTED_EDGE ( 'NONE', *, *, #1854, .F. ) ;
#1357 =( NAMED_UNIT ( * ) SI_UNIT ( $, .STERADIAN. ) SOLID_ANGLE_UNIT ( ) );
#1358 = CYLINDRICAL_SURFACE ( 'NONE', #2787, 0.0005615202578559341188 ) ;
#1359 = CARTESIAN_POINT ( 'NONE',  ( 0.1062992125984252023, 0.01574803149606299191, -0.08267716535433072833 ) ) ;
#1360 = LINE ( 'NONE', #141, #6354 ) ;
#1361 = CARTESIAN_POINT ( 'NONE',  ( -0.04744235358433408767, 0.02782460327892595509, -0.07712341129315791743 ) ) ;
#1362 = ADVANCED_FACE ( 'NONE', ( #7410 ), #7631, .F. ) ;
#1363 = ORIENTED_EDGE ( 'NONE', *, *, #6222, .T. ) ;
#1364 = VECTOR ( 'NONE', #6100, 39.37007874015748143 ) ;
#1365 = VERTEX_POINT ( 'NONE', #1382 ) ;
#1366 = CARTESIAN_POINT ( 'NONE',  ( 0.07776559416808166703, 0.03242959096673111302, 0.04771374552068149977 ) ) ;
#1367 = CARTESIAN_POINT ( 'NONE',  ( -0.07748223700178744067, 0.02755905511811023584, 0.04685950238347241781 ) ) ;
#1368 = CIRCLE ( 'NONE', #7055, 0.003937007874015749712 ) ;
#1369 = CARTESIAN_POINT ( 'NONE',  ( 0.04868421925268129336, 0.03164152125807617039, -0.07741014721891276151 ) ) ;
#1370 = VECTOR ( 'NONE', #3478, 39.37007874015748143 ) ;
#1371 = CARTESIAN_POINT ( 'NONE',  ( 0.1062992125984252023, 0.009842519685039368207, -0.08267716535433072833 ) ) ;
#1372 = CYLINDRICAL_SURFACE ( 'NONE', #5115, 0.003937007874015749712 ) ;
#1373 = EDGE_CURVE ( 'NONE', #1693, #4930, #7371, .T. ) ;
#1374 = ORIENTED_EDGE ( 'NONE', *, *, #3318, .T. ) ;
#1375 = CARTESIAN_POINT ( 'NONE',  ( -0.07572635272678918117, 0.03619545847639819847, -0.04811742286199988811 ) ) ;
#1376 = VERTEX_POINT ( 'NONE', #4357 ) ;
#1377 = CARTESIAN_POINT ( 'NONE',  ( 0.09842519685039370636, 0.01574803149606299191, 0.04500536227882346446 ) ) ;
#1378 = VECTOR ( 'NONE', #2684, 39.37007874015748143 ) ;
#1379 = CARTESIAN_POINT ( 'NONE',  ( -0.04270338230719558648, 0.04476932692331947461, -0.07332611692551053995 ) ) ;
#1380 = DIRECTION ( 'NONE',  ( 0.000000000000000000, 0.000000000000000000, -1.000000000000000000 ) ) ;
#1381 = DIRECTION ( 'NONE',  ( 1.000000000000000000, 0.000000000000000000, 0.000000000000000000 ) ) ;
#1382 = CARTESIAN_POINT ( 'NONE',  ( 0.04639660822200537132, 0.03190852425293755346, 0.07804775513994748060 ) ) ;
#1383 = CARTESIAN_POINT ( 'NONE',  ( -0.07874015748031494566, 0.03149606299212598381, -0.04811742286199990892 ) ) ;
#1384 = LINE ( 'NONE', #6931, #726 ) ;
#1385 = CARTESIAN_POINT ( 'NONE',  ( 0.04595995108315489158, 0.04476932692331955788, -0.07006954814955139443 ) ) ;
#1386 = ORIENTED_EDGE ( 'NONE', *, *, #4269, .F. ) ;
#1387 = DIRECTION ( 'NONE',  ( 0.000000000000000000, -1.000000000000000000, 0.000000000000000000 ) ) ;
#1388 = CARTESIAN_POINT ( 'NONE',  ( -0.04811742286199986035, 0.04330708661417322081, 0.06692913385826773642 ) ) ;
#1389 = ADVANCED_FACE ( 'NONE', ( #2203 ), #3750, .F. ) ;
#1390 = CARTESIAN_POINT ( 'NONE',  ( -0.07283464566929134798, 0.001968503937007873555, 0.01870078740157480116 ) ) ;
#1391 = CIRCLE ( 'NONE', #5825, 0.003937007874015747977 ) ;
#1392 = CARTESIAN_POINT ( 'NONE',  ( 0.05511811023622047861, 0.02755905511811023584, -0.09842519685039370636 ) ) ;
#1393 = CIRCLE ( 'NONE', #3915, 0.009866500777291436347 ) ;
#1394 = CARTESIAN_POINT ( 'NONE',  ( -0.08659019213609440990, 0.03149606299212598381, 0.06275750304127082624 ) ) ;
#1395 = CARTESIAN_POINT ( 'NONE',  ( 0.06496062992125986590, 0.005905511811023621965, 0.02657480314960629711 ) ) ;
#1396 = FACE_OUTER_BOUND ( 'NONE', #4963, .T. ) ;
#1397 = ORIENTED_EDGE ( 'NONE', *, *, #6247, .F. ) ;
#1398 = CARTESIAN_POINT ( 'NONE',  ( -0.1164233781010027974, -1.600692183787654230E-18, 0.06299212598425198151 ) ) ;
#1399 = ORIENTED_EDGE ( 'NONE', *, *, #4515, .F. ) ;
#1400 = PLANE ( 'NONE',  #4738 ) ;
#1401 = VECTOR ( 'NONE', #3907, 39.37007874015748143 ) ;
#1402 = DIRECTION ( 'NONE',  ( 0.000000000000000000, -1.000000000000000000, 0.000000000000000000 ) ) ;
#1403 = CARTESIAN_POINT ( 'NONE',  ( -0.05511811023622046474, 0.01574803149606302313, 0.09842519685039370636 ) ) ;
#1404 = CARTESIAN_POINT ( 'NONE',  ( -0.07029176698497062448, 0.04586810874880793004, -0.04461798493860430481 ) ) ;
#1405 = FACE_OUTER_BOUND ( 'NONE', #3050, .T. ) ;
#1406 = AXIS2_PLACEMENT_3D ( 'NONE', #1956, #4332, #5636 ) ;
#1407 = CARTESIAN_POINT ( 'NONE',  ( 0.09645669291338582196, 0.005905511811023621965, 0.02263779527559055260 ) ) ;
#1408 = ORIENTED_EDGE ( 'NONE', *, *, #7222, .F. ) ;
#1409 = FACE_OUTER_BOUND ( 'NONE', #5498, .T. ) ;
#1410 = EDGE_CURVE ( 'NONE', #7814, #5525, #5575, .T. ) ;
#1411 = EDGE_CURVE ( 'NONE', #3804, #5437, #2516, .T. ) ;
#1412 = MECHANICAL_DESIGN_GEOMETRIC_PRESENTATION_REPRESENTATION (  '', ( #401 ), #4458 ) ;
#1413 = CARTESIAN_POINT ( 'NONE',  ( 0.1062992125984252023, 0.009280999427183432571, 0.06299212598425198151 ) ) ;
#1414 = CARTESIAN_POINT ( 'NONE',  ( -0.07016636177488007331, 0.04459054118528229388, 0.04600005259978805217 ) ) ;
#1415 = EDGE_LOOP ( 'NONE', ( #7603, #3479, #1091, #5391 ) ) ;
#1416 = DIRECTION ( 'NONE',  ( -5.706327223607917555E-17, -1.000000000000000000, 0.000000000000000000 ) ) ;
#1417 = VECTOR ( 'NONE', #4376, 39.37007874015748143 ) ;
#1418 = ORIENTED_EDGE ( 'NONE', *, *, #3274, .F. ) ;
#1419 = DIRECTION ( 'NONE',  ( -0.000000000000000000, -1.000000000000000000, -0.000000000000000000 ) ) ;
#1420 = EDGE_CURVE ( 'NONE', #5469, #5414, #5967, .T. ) ;
#1421 = DIRECTION ( 'NONE',  ( 1.000000000000000000, 0.000000000000000000, 0.000000000000000000 ) ) ;
#1422 = CIRCLE ( 'NONE', #662, 0.0005615202578559341188 ) ;
#1423 = CARTESIAN_POINT ( 'NONE',  ( -0.04430168792848558634, 0.04703914242006097118, 0.06815311625971247345 ) ) ;
#1424 = CARTESIAN_POINT ( 'NONE',  ( 0.04381424494158381311, 0.04154684672117894134, -0.06835136698354203622 ) ) ;
#1425 = DIRECTION ( 'NONE',  ( 0.000000000000000000, 0.000000000000000000, 1.000000000000000000 ) ) ;
#1426 = CARTESIAN_POINT ( 'NONE',  ( 0.07874015748031491790, 0.03149606299212598381, -0.04811742286199997137 ) ) ;
#1427 = VECTOR ( 'NONE', #2676, 39.37007874015748143 ) ;
#1428 = ORIENTED_EDGE ( 'NONE', *, *, #6760, .T. ) ;
#1429 = VECTOR ( 'NONE', #3357, 39.37007874015748854 ) ;
#1430 = EDGE_LOOP ( 'NONE', ( #3648, #7731, #6700, #7431, #5289, #7541, #6569, #528 ) ) ;
#1431 = LINE ( 'NONE', #3719, #6763 ) ;
#1432 = CARTESIAN_POINT ( 'NONE',  ( -0.07874015748031494566, 0.02755905511811023237, 0.04811742286199992280 ) ) ;
#1433 = CARTESIAN_POINT ( 'NONE',  ( 0.07818893826624823129, 0.03164780135005641065, -0.04811742286199992974 ) ) ;
#1434 = AXIS2_PLACEMENT_3D ( 'NONE', #4229, #6658, #817 ) ;
#1435 = DIRECTION ( 'NONE',  ( 0.000000000000000000, 0.000000000000000000, 1.000000000000000000 ) ) ;
#1436 = LINE ( 'NONE', #2108, #3896 ) ;
#1437 = CARTESIAN_POINT ( 'NONE',  ( -0.04643002673841781225, 0.03815283111289098639, 0.07466642287367061814 ) ) ;
#1438 = ORIENTED_EDGE ( 'NONE', *, *, #6433, .T. ) ;
#1439 = CARTESIAN_POINT ( 'NONE',  ( -0.06889763779527559306, 0.01574803149606299191, -0.06299212598425198151 ) ) ;
#1440 = ORIENTED_EDGE ( 'NONE', *, *, #3427, .F. ) ;
#1441 = DIRECTION ( 'NONE',  ( -1.000000000000000000, -0.000000000000000000, -0.000000000000000000 ) ) ;
#1442 = CARTESIAN_POINT ( 'NONE',  ( 0.04015553881028266492, 0.04315534825624279397, -0.07077827342859781268 ) ) ;
#1443 = CARTESIAN_POINT ( 'NONE',  ( -0.07378206161836038668, 0.03791342768142917652, -0.04749772451242761928 ) ) ;
#1444 = VECTOR ( 'NONE', #749, 39.37007874015748143 ) ;
#1445 = CARTESIAN_POINT ( 'NONE',  ( 0.04602144791282570396, 0.04449515384951299724, 0.07021801462978694008 ) ) ;
#1446 = EDGE_CURVE ( 'NONE', #6659, #6214, #5004, .T. ) ;
#1447 = ORIENTED_EDGE ( 'NONE', *, *, #2315, .T. ) ;
#1448 = CARTESIAN_POINT ( 'NONE',  ( 0.07807648606074338304, 0.03149606299212597688, 0.04840025162037858708 ) ) ;
#1449 = ORIENTED_EDGE ( 'NONE', *, *, #445, .F. ) ;
#1450 = DIRECTION ( 'NONE',  ( -0.000000000000000000, -1.000000000000000000, -0.000000000000000000 ) ) ;
#1451 = DIRECTION ( 'NONE',  ( 1.000000000000000000, 0.000000000000000000, 0.000000000000000000 ) ) ;
#1452 = CARTESIAN_POINT ( 'NONE',  ( -0.04351193913223755372, 0.04476932692331955788, -0.07108354790047279048 ) ) ;
#1453 = CARTESIAN_POINT ( 'NONE',  ( -0.07396961569077140086, 0.03943962505373869998, 0.04470738755290829675 ) ) ;
#1454 = EDGE_LOOP ( 'NONE', ( #6785, #5857, #5969, #6506 ) ) ;
#1455 = EDGE_CURVE ( 'NONE', #2279, #3795, #4173, .T. ) ;
#1456 = CARTESIAN_POINT ( 'NONE',  ( -0.07804775513994743896, 0.03190852425293756733, 0.04811742286199992280 ) ) ;
#1457 = EDGE_CURVE ( 'NONE', #1255, #1130, #1794, .T. ) ;
#1458 = ORIENTED_EDGE ( 'NONE', *, *, #497, .T. ) ;
#1459 = DIRECTION ( 'NONE',  ( 1.000000000000000000, 0.000000000000000000, 0.000000000000000000 ) ) ;
#1460 = CARTESIAN_POINT ( 'NONE',  ( -0.07812050095948346040, 0.03177418453587053243, 0.04657741685143546723 ) ) ;
#1461 = CARTESIAN_POINT ( 'NONE',  ( 0.08728965698918823846, 0.005905511811023621965, -0.02263779527559055260 ) ) ;
#1462 = DIRECTION ( 'NONE',  ( 1.000000000000000000, 0.000000000000000000, 0.000000000000000000 ) ) ;
#1463 = CARTESIAN_POINT ( 'NONE',  ( -0.07721500573881981411, 0.03177287922140142884, -0.04876724756501719243 ) ) ;
#1464 = CARTESIAN_POINT ( 'NONE',  ( -0.08728965698918823846, 0.005905511811023621965, -0.02263779527559055260 ) ) ;
#1465 = PLANE ( 'NONE',  #7813 ) ;
#1466 = EDGE_CURVE ( 'NONE', #5924, #6522, #646, .T. ) ;
#1467 = CARTESIAN_POINT ( 'NONE',  ( 4.580371886574746102E-18, 0.09645669291338582196, 0.03740157480314960925 ) ) ;
#1468 = ORIENTED_EDGE ( 'NONE', *, *, #2458, .F. ) ;
#1469 = CARTESIAN_POINT ( 'NONE',  ( -0.06889763779527559306, 0.009842519685039369942, -0.06299212598425198151 ) ) ;
#1470 = CARTESIAN_POINT ( 'NONE',  ( 0.06810609792887983849, 0.04199978512532084179, -0.04371265117271232181 ) ) ;
#1471 = DIRECTION ( 'NONE',  ( 0.000000000000000000, 1.000000000000000000, -3.614007241618364055E-16 ) ) ;
#1472 = ADVANCED_FACE ( 'NONE', ( #1044 ), #1083, .T. ) ;
#1473 = PLANE ( 'NONE',  #1237 ) ;
#1474 = CARTESIAN_POINT ( 'NONE',  ( -0.04737142051207814814, 0.03395578833904036586, 0.07693914848957186803 ) ) ;
#1475 = ORIENTED_EDGE ( 'NONE', *, *, #24, .T. ) ;
#1476 = PLANE ( 'NONE',  #2778 ) ;
#1477 = EDGE_LOOP ( 'NONE', ( #7100, #3595, #2385, #2846 ) ) ;
#1478 = CARTESIAN_POINT ( 'NONE',  ( 0.09842519685039370636, 0.01181102362204724567, 0.04500536227882344364 ) ) ;
#1479 = DIRECTION ( 'NONE',  ( -1.000000000000000000, 0.000000000000000000, 0.000000000000000000 ) ) ;
#1480 = FACE_OUTER_BOUND ( 'NONE', #1767, .T. ) ;
#1481 = CARTESIAN_POINT ( 'NONE',  ( -0.07396961569077145637, 0.03943962505373851957, -0.04470738755290812327 ) ) ;
#1482 = CARTESIAN_POINT ( 'NONE',  ( 0.04419390004000253031, 0.04172892111220232597, 0.07272994717300691747 ) ) ;
#1483 = VERTEX_POINT ( 'NONE', #690 ) ;
#1484 = CARTESIAN_POINT ( 'NONE',  ( 0.07644895272630074234, 0.03486103293681058063, 0.04573436257871842103 ) ) ;
#1485 = VERTEX_POINT ( 'NONE', #7272 ) ;
#1486 = CARTESIAN_POINT ( 'NONE',  ( -0.04811742286199987423, 0.02755905511811022543, 0.07874015748031500117 ) ) ;
#1487 = LINE ( 'NONE', #927, #5973 ) ;
#1488 = DIRECTION ( 'NONE',  ( 1.000000000000000000, 2.232281561944730346E-16, 0.000000000000000000 ) ) ;
#1489 = EDGE_CURVE ( 'NONE', #3668, #3213, #1360, .T. ) ;
#1490 = VECTOR ( 'NONE', #195, 39.37007874015748143 ) ;
#1491 = CARTESIAN_POINT ( 'NONE',  ( -0.06798915995706708570, 0.04724456730649362335, 0.04366421387882562372 ) ) ;
#1492 = EDGE_LOOP ( 'NONE', ( #3362, #5373, #4192, #3218, #7235, #977, #4576, #3365, #6188, #2055, #6114, #1374, #2931, #3442, #6099, #5251, #4828, #1730, #7465, #848, #4747, #506, #5581, #2266, #2417, #6524, #2471, #4554 ) ) ;
#1493 = CARTESIAN_POINT ( 'NONE',  ( -0.07108354790047263783, 0.04476932692331947461, -0.04811742286199988811 ) ) ;
#1494 = DIRECTION ( 'NONE',  ( 0.000000000000000000, 0.000000000000000000, 1.000000000000000000 ) ) ;
#1495 = VECTOR ( 'NONE', #2722, 39.37007874015748143 ) ;
#1496 = DIRECTION ( 'NONE',  ( 0.000000000000000000, 0.000000000000000000, -1.000000000000000000 ) ) ;
#1497 = ADVANCED_FACE ( 'NONE', ( #3732 ), #3717, .T. ) ;
#1498 = LINE ( 'NONE', #6304, #1292 ) ;
#1499 = UNCERTAINTY_MEASURE_WITH_UNIT (LENGTH_MEASURE( 1.000000000000000082E-05 ), #6343, 'distance_accuracy_value', 'NONE');
#1500 = VECTOR ( 'NONE', #7532, 39.37007874015748143 ) ;
#1501 = CARTESIAN_POINT ( 'NONE',  ( 0.09645669291338584972, 0.02755905511811023584, -0.05511811023622045780 ) ) ;
#1502 = VECTOR ( 'NONE', #1332, 39.37007874015748143 ) ;
#1503 = ORIENTED_EDGE ( 'NONE', *, *, #6394, .F. ) ;
#1504 = CARTESIAN_POINT ( 'NONE',  ( 0.04811742286199984647, 0.03860769112990099922, -0.06994293861179348704 ) ) ;
#1505 = ADVANCED_FACE ( 'NONE', ( #4775 ), #1034, .T. ) ;
#1506 = CARTESIAN_POINT ( 'NONE',  ( -0.09842519685039370636, 0.001968503937007873555, 0.02263779527559055260 ) ) ;
#1507 = ADVANCED_FACE ( 'NONE', ( #414 ), #7096, .T. ) ;
#1508 = CARTESIAN_POINT ( 'NONE',  ( 0.06786764824543588259, 0.04245713330346798792, -0.04361388207989203708 ) ) ;
#1509 = AXIS2_PLACEMENT_3D ( 'NONE', #6565, #2380, #7032 ) ;
#1510 = DIRECTION ( 'NONE',  ( 0.7071067811865479058, 0.000000000000000000, 0.7071067811865471286 ) ) ;
#1511 = CYLINDRICAL_SURFACE ( 'NONE', #858, 0.003937007874015749712 ) ;
#1512 = CARTESIAN_POINT ( 'NONE',  ( -0.04621400573016506280, 0.04363666782758911233, 0.07068289032394867166 ) ) ;
#1513 = ORIENTED_EDGE ( 'NONE', *, *, #4120, .T. ) ;
#1514 = CARTESIAN_POINT ( 'NONE',  ( 0.04658617506211324560, 0.03178808779481511609, -0.07812295413787447018 ) ) ;
#1515 = VERTEX_POINT ( 'NONE', #3486 ) ;
#1516 = MECHANICAL_DESIGN_GEOMETRIC_PRESENTATION_REPRESENTATION (  '', ( #2503 ), #6712 ) ;
#1517 = DIRECTION ( 'NONE',  ( 0.000000000000000000, -1.000000000000000000, 0.000000000000000000 ) ) ;
#1518 = CARTESIAN_POINT ( 'NONE',  ( 0.07283464566929136186, 0.001968503937007873555, -0.01870078740157480462 ) ) ;
#1519 = EDGE_CURVE ( 'NONE', #3848, #5163, #1667, .T. ) ;
#1520 = LINE ( 'NONE', #3934, #5943 ) ;
#1521 = CARTESIAN_POINT ( 'NONE',  ( -0.07169689007486969301, 0.04363666782758894580, -0.04376599377924904333 ) ) ;
#1522 = STYLED_ITEM ( 'NONE', ( #4832 ), #4366 ) ;
#1523 = CARTESIAN_POINT ( 'NONE',  ( 0.04865307141646417477, 0.03276251154988518710, 0.07657131578333073452 ) ) ;
#1524 = EDGE_LOOP ( 'NONE', ( #7769, #4761, #4061, #4849, #6748, #5817, #1955, #3325 ) ) ;
#1525 = LINE ( 'NONE', #5845, #1644 ) ;
#1526 = CIRCLE ( 'NONE', #7217, 0.009866500777291436347 ) ;
#1527 = EDGE_LOOP ( 'NONE', ( #5180, #4838, #2978, #2147 ) ) ;
#1528 = CARTESIAN_POINT ( 'NONE',  ( -0.04577879779687844819, 0.02846948526569289747, 0.07640153241519356819 ) ) ;
#1529 = DIRECTION ( 'NONE',  ( 0.000000000000000000, 0.000000000000000000, 1.000000000000000000 ) ) ;
#1530 = CARTESIAN_POINT ( 'NONE',  ( 0.04350603470619383156, 0.04289462535336164423, -0.06759734944928642852 ) ) ;
#1531 = VECTOR ( 'NONE', #6567, 39.37007874015748143 ) ;
#1532 = FACE_OUTER_BOUND ( 'NONE', #2280, .T. ) ;
#1533 = ORIENTED_EDGE ( 'NONE', *, *, #3625, .T. ) ;
#1534 = CARTESIAN_POINT ( 'NONE',  ( -0.1062992125984252023, 0.009280999427183432571, 0.06299212598425198151 ) ) ;
#1535 = EDGE_LOOP ( 'NONE', ( #1946, #7507, #1297, #7777 ) ) ;
#1536 = DIRECTION ( 'NONE',  ( 0.000000000000000000, 0.000000000000000000, -1.000000000000000000 ) ) ;
#1537 = AXIS2_PLACEMENT_3D ( 'NONE', #5508, #6676, #642 ) ;
#1538 = CARTESIAN_POINT ( 'NONE',  ( -0.07874015748031494566, 0.03149606299212598381, 0.04811742286199992280 ) ) ;
#1539 = DIRECTION ( 'NONE',  ( 0.000000000000000000, 0.000000000000000000, 1.000000000000000000 ) ) ;
#1540 = VECTOR ( 'NONE', #5639, 39.37007874015748143 ) ;
#1541 = DIRECTION ( 'NONE',  ( 0.000000000000000000, 1.000000000000000000, 0.000000000000000000 ) ) ;
#1542 = DIRECTION ( 'NONE',  ( 1.000000000000000000, 0.000000000000000000, 0.000000000000000000 ) ) ;
#1543 = VERTEX_POINT ( 'NONE', #4162 ) ;
#1544 = VERTEX_POINT ( 'NONE', #7138 ) ;
#1545 = CIRCLE ( 'NONE', #3684, 0.03937007874015747977 ) ;
#1546 = DIRECTION ( 'NONE',  ( -0.7071067811865476838, 0.000000000000000000, -0.7071067811865474617 ) ) ;
#1547 = PLANE ( 'NONE',  #2247 ) ;
#1548 = DIRECTION ( 'NONE',  ( 0.000000000000000000, 0.000000000000000000, 1.000000000000000000 ) ) ;
#1549 = CARTESIAN_POINT ( 'NONE',  ( 0.1259842519685039353, 0.005905511811023618496, -0.08267716535433072833 ) ) ;
#1550 = DIRECTION ( 'NONE',  ( 0.000000000000000000, 0.000000000000000000, -1.000000000000000000 ) ) ;
#1551 = VECTOR ( 'NONE', #1462, 39.37007874015748143 ) ;
#1552 = DIRECTION ( 'NONE',  ( 0.7071067811865476838, 0.000000000000000000, 0.7071067811865473507 ) ) ;
#1553 = CARTESIAN_POINT ( 'NONE',  ( -0.04471013516498508616, 0.04563022806078848026, 0.07051423731127501315 ) ) ;
#1554 = ADVANCED_FACE ( 'NONE', ( #1708 ), #1149, .T. ) ;
#1555 = EDGE_CURVE ( 'NONE', #490, #1253, #3675, .T. ) ;
#1556 = ORIENTED_EDGE ( 'NONE', *, *, #299, .T. ) ;
#1557 = EDGE_LOOP ( 'NONE', ( #1711, #7547, #388, #5172, #3078, #4797 ) ) ;
#1558 = FACE_OUTER_BOUND ( 'NONE', #5454, .T. ) ;
#1559 = DIRECTION ( 'NONE',  ( 0.000000000000000000, 1.000000000000000000, 0.000000000000000000 ) ) ;
#1560 = CIRCLE ( 'NONE', #2808, 0.001968503937007879193 ) ;
#1561 = CARTESIAN_POINT ( 'NONE',  ( 0.04495375013881684062, 0.04473455728097480710, 0.07110237588509665807 ) ) ;
#1562 = EDGE_CURVE ( 'NONE', #6701, #5356, #1277, .T. ) ;
#1563 = PRESENTATION_LAYER_ASSIGNMENT (  '', '', ( #5745 ) ) ;
#1564 = ORIENTED_EDGE ( 'NONE', *, *, #1215, .T. ) ;
#1565 = DIRECTION ( 'NONE',  ( 1.000000000000000000, 0.000000000000000000, 0.000000000000000000 ) ) ;
#1566 = ORIENTED_EDGE ( 'NONE', *, *, #3618, .F. ) ;
#1567 = DIRECTION ( 'NONE',  ( 0.000000000000000000, 0.000000000000000000, 1.000000000000000000 ) ) ;
#1568 = LINE ( 'NONE', #6375, #5850 ) ;
#1569 = CARTESIAN_POINT ( 'NONE',  ( 0.07353700698302641225, 0.04023852362646646724, -0.04452819515895925506 ) ) ;
#1570 = CARTESIAN_POINT ( 'NONE',  ( -0.07105072303018986069, 0.04482994461674412456, 0.04493235482577924433 ) ) ;
#1571 = ORIENTED_EDGE ( 'NONE', *, *, #4765, .T. ) ;
#1572 = FACE_OUTER_BOUND ( 'NONE', #6846, .T. ) ;
#1573 = EDGE_CURVE ( 'NONE', #7214, #3466, #4007, .T. ) ;
#1574 = VERTEX_POINT ( 'NONE', #2843 ) ;
#1575 = CARTESIAN_POINT ( 'NONE',  ( 0.08728965698918823846, 0.005905511811023621965, -0.02263779527559055260 ) ) ;
#1576 = CARTESIAN_POINT ( 'NONE',  ( 0.1023622047244094613, 0.03149606299212598381, 0.04894237015283921244 ) ) ;
#1577 = CARTESIAN_POINT ( 'NONE',  ( 0.000000000000000000, 0.005905511811023621965, 0.000000000000000000 ) ) ;
#1578 = LINE ( 'NONE', #4028, #2869 ) ;
#1579 = VERTEX_POINT ( 'NONE', #5880 ) ;
#1580 = ORIENTED_EDGE ( 'NONE', *, *, #3147, .F. ) ;
#1581 = CARTESIAN_POINT ( 'NONE',  ( -0.04811742286199997137, 0.04289462535336164423, -0.06762153619863522924 ) ) ;
#1582 = DIRECTION ( 'NONE',  ( -0.000000000000000000, -1.000000000000000000, -0.000000000000000000 ) ) ;
#1583 = ADVANCED_FACE ( 'NONE', ( #6595 ), #5320, .F. ) ;
#1584 = CARTESIAN_POINT ( 'NONE',  ( -0.06741066546755816735, 0.04328404036760316598, 0.04333705737938876174 ) ) ;
#1585 = CARTESIAN_POINT ( 'NONE',  ( -0.09842519685039370636, 0.01574803149606302313, 0.04894237015283921244 ) ) ;
#1586 = CARTESIAN_POINT ( 'NONE',  ( -0.07108465146045774008, 0.04476728897891096848, 0.04351239624175073234 ) ) ;
#1587 = CARTESIAN_POINT ( 'NONE',  ( -0.08728965698918823846, 0.001968503937007873555, -0.02263779527559055260 ) ) ;
#1588 = EDGE_LOOP ( 'NONE', ( #4187, #3452, #5651, #7248, #3346, #1165, #3774, #3431, #3469, #10, #2486, #3858 ) ) ;
#1589 = ORIENTED_EDGE ( 'NONE', *, *, #3681, .T. ) ;
#1590 = FACE_OUTER_BOUND ( 'NONE', #6230, .T. ) ;
#1591 = CARTESIAN_POINT ( 'NONE',  ( -0.04361388207615868318, 0.04245713312723575078, 0.06786764823645058398 ) ) ;
#1592 = EDGE_CURVE ( 'NONE', #6951, #1, #5283, .T. ) ;
#1593 = EDGE_CURVE ( 'NONE', #1820, #3668, #2911, .T. ) ;
#1594 = CARTESIAN_POINT ( 'NONE',  ( -0.07136064015963096419, 0.04425762060212809490, -0.04506072670400553676 ) ) ;
#1595 = CARTESIAN_POINT ( 'NONE',  ( 0.04694351425132407135, 0.03586353505442701345, 0.07590609139143458806 ) ) ;
#1596 = ORIENTED_EDGE ( 'NONE', *, *, #5244, .F. ) ;
#1597 = CARTESIAN_POINT ( 'NONE',  ( -0.04326426005205155634, 0.04330708661417322081, 0.06702358600413295397 ) ) ;
#1598 = VERTEX_POINT ( 'NONE', #6477 ) ;
#1599 = LINE ( 'NONE', #2160, #2766 ) ;
#1600 = CARTESIAN_POINT ( 'NONE',  ( -0.04483461788561165368, 0.04522749973546136282, -0.07081476518369266004 ) ) ;
#1601 = CARTESIAN_POINT ( 'NONE',  ( 0.1023622047244094613, 0.01181102362204724567, -0.01870078740157483238 ) ) ;
#1602 = EDGE_CURVE ( 'NONE', #5482, #5723, #2969, .T. ) ;
#1603 = EDGE_CURVE ( 'NONE', #6557, #3305, #525, .T. ) ;
#1604 = CARTESIAN_POINT ( 'NONE',  ( -0.07688123291277178251, 0.03219018753526924070, 0.04878144329469053658 ) ) ;
#1605 = EDGE_LOOP ( 'NONE', ( #3839, #5609, #136, #7364, #2231, #1106, #118, #5894, #6331, #6590, #1440, #6472 ) ) ;
#1606 = CARTESIAN_POINT ( 'NONE',  ( -0.04760197484724811717, 0.03150991910380290806, -0.07852425682934156825 ) ) ;
#1607 = ORIENTED_EDGE ( 'NONE', *, *, #1834, .F. ) ;
#1608 = CARTESIAN_POINT ( 'NONE',  ( -0.08728965698918823846, 0.005905511811023621965, -0.02263779527559055260 ) ) ;
#1609 = AXIS2_PLACEMENT_3D ( 'NONE', #7088, #6586, #5988 ) ;
#1610 = ADVANCED_FACE ( 'NONE', ( #7773 ), #2335, .T. ) ;
#1611 = CARTESIAN_POINT ( 'NONE',  ( -0.1117542798527060843, 0.01275443361127101029, 0.06299212598425198151 ) ) ;
#1612 = DIRECTION ( 'NONE',  ( -0.7071067811865475727, 0.000000000000000000, 0.7071067811865474617 ) ) ;
#1613 = LINE ( 'NONE', #5229, #1745 ) ;
#1614 = CIRCLE ( 'NONE', #5530, 0.003937007874015749712 ) ;
#1615 = ORIENTED_EDGE ( 'NONE', *, *, #3117, .F. ) ;
#1616 = CARTESIAN_POINT ( 'NONE',  ( 0.04811742286199982566, 0.04330708661417322775, -0.06722562855845447272 ) ) ;
#1617 = CARTESIAN_POINT ( 'NONE',  ( 0.08659019213609440990, 0.02755905511811023584, -0.06275750304127081236 ) ) ;
#1618 = CARTESIAN_POINT ( 'NONE',  ( -0.04639663789471685368, 0.03003382268297973001, -0.07458542502473741731 ) ) ;
#1619 = CARTESIAN_POINT ( 'NONE',  ( -0.1164233781010027835, 0.005905511811023620231, -0.08267716535433072833 ) ) ;
#1620 = CYLINDRICAL_SURFACE ( 'NONE', #3508, 0.003937007874015741038 ) ;
#1621 = ORIENTED_EDGE ( 'NONE', *, *, #5478, .F. ) ;
#1622 = VECTOR ( 'NONE', #1016, 39.37007874015748143 ) ;
#1623 = ADVANCED_FACE ( 'NONE', ( #2529 ), #599, .T. ) ;
#1624 = VERTEX_POINT ( 'NONE', #177 ) ;
#1625 = DIRECTION ( 'NONE',  ( 0.000000000000000000, 0.000000000000000000, -1.000000000000000000 ) ) ;
#1626 = CARTESIAN_POINT ( 'NONE',  ( 0.06759734944928431910, 0.04289462535336164423, 0.04350603470620604402 ) ) ;
#1627 = CIRCLE ( 'NONE', #6071, 0.04055118110236220763 ) ;
#1628 = DIRECTION ( 'NONE',  ( 0.000000000000000000, 0.000000000000000000, -1.000000000000000000 ) ) ;
#1629 = LINE ( 'NONE', #3610, #3280 ) ;
#1630 = VERTEX_POINT ( 'NONE', #6714 ) ;
#1631 = VECTOR ( 'NONE', #1959, 39.37007874015748143 ) ;
#1632 = ORIENTED_EDGE ( 'NONE', *, *, #3342, .F. ) ;
#1633 = CARTESIAN_POINT ( 'NONE',  ( -0.06692913385826770867, 0.04724409448818898266, -0.04322513669223893018 ) ) ;
#1634 = CARTESIAN_POINT ( 'NONE',  ( -0.04573436257871808103, 0.03486103293681053900, -0.07644895272630079786 ) ) ;
#1635 = CARTESIAN_POINT ( 'NONE',  ( 0.07283464566929134798, 0.005905511811023621965, 0.01870078740157480116 ) ) ;
#1636 = DIRECTION ( 'NONE',  ( 0.000000000000000000, -1.000000000000000000, 0.000000000000000000 ) ) ;
#1637 = AXIS2_PLACEMENT_3D ( 'NONE', #4163, #6597, #564 ) ;
#1638 = ORIENTED_EDGE ( 'NONE', *, *, #909, .T. ) ;
#1639 = CARTESIAN_POINT ( 'NONE',  ( -0.07874015748031494566, 0.03149606299212598381, -0.04811742286199988811 ) ) ;
#1640 = VERTEX_POINT ( 'NONE', #4896 ) ;
#1641 = CARTESIAN_POINT ( 'NONE',  ( -0.04811742286199988811, 0.03149606299212598381, 0.07874015748031495954 ) ) ;
#1642 = ADVANCED_FACE ( 'NONE', ( #6157 ), #3084, .T. ) ;
#1643 = ADVANCED_FACE ( 'NONE', ( #18 ), #7300, .F. ) ;
#1644 = VECTOR ( 'NONE', #1037, 39.37007874015748854 ) ;
#1645 = CARTESIAN_POINT ( 'NONE',  ( 0.09842519685039370636, 0.02755905511811023584, -0.05880887093013063144 ) ) ;
#1646 = ORIENTED_EDGE ( 'NONE', *, *, #120, .F. ) ;
#1647 = DIRECTION ( 'NONE',  ( 0.7071067811865474617, 0.000000000000000000, 0.7071067811865475727 ) ) ;
#1648 = CARTESIAN_POINT ( 'NONE',  ( -0.04811742286199997137, 0.04330708661417322081, -0.06692913385826773642 ) ) ;
#1649 = AXIS2_PLACEMENT_3D ( 'NONE', #5955, #4814, #6438 ) ;
#1650 = EDGE_CURVE ( 'NONE', #5531, #7171, #5433, .T. ) ;
#1651 = ORIENTED_EDGE ( 'NONE', *, *, #4472, .F. ) ;
#1652 = ORIENTED_EDGE ( 'NONE', *, *, #2225, .F. ) ;
#1653 = CARTESIAN_POINT ( 'NONE',  ( -0.05118110236220472370, 0.01574803149606299191, 0.09842519685039370636 ) ) ;
#1654 = VECTOR ( 'NONE', #3568, 39.37007874015748143 ) ;
#1655 = DIRECTION ( 'NONE',  ( -1.000000000000000000, 0.000000000000000000, 0.000000000000000000 ) ) ;
#1656 = CARTESIAN_POINT ( 'NONE',  ( 0.06889763779527559306, 0.009842519685039369942, 0.08267716535433072833 ) ) ;
#1657 = LINE ( 'NONE', #1619, #1995 ) ;
#1658 = CARTESIAN_POINT ( 'NONE',  ( -0.07712063192262251510, 0.02782422051078378006, -0.04745201633871943409 ) ) ;
#1659 = EDGE_LOOP ( 'NONE', ( #1713, #2352, #6784, #3597 ) ) ;
#1660 = AXIS2_PLACEMENT_3D ( 'NONE', #5387, #556, #2959 ) ;
#1661 = EDGE_LOOP ( 'NONE', ( #5278, #559, #5001, #1638 ) ) ;
#1662 = CARTESIAN_POINT ( 'NONE',  ( 0.07703323971656593494, 0.03190884992229307132, 0.04884454121934302812 ) ) ;
#1663 = CARTESIAN_POINT ( 'NONE',  ( -0.04548766261071972988, 0.03408620088688542327, 0.07239135461588483422 ) ) ;
#1664 = LINE ( 'NONE', #2369, #2422 ) ;
#1665 = B_SPLINE_CURVE_WITH_KNOTS ( 'NONE', 3,
 ( #5095, #7506, #952, #5129, #5199, #5935, #2764, #6362, #4577, #3363, #7542, #2278, #4534, #3927, #915, #6943, #3326 ),
 .UNSPECIFIED., .F., .F.,
 ( 4, 1, 2, 2, 2, 2, 2, 2, 4 ),
 ( 0.000000000000000000, 0.06249999999997343791, 0.09374999999995803357, 0.1249999999999426292, 0.1874999999999409639, 0.2187499999999437672, 0.2499999999999465983, 0.4999999999999633626, 1.000000000000000000 ),
 .UNSPECIFIED. ) ;
#1666 = AXIS2_PLACEMENT_3D ( 'NONE', #4113, #2919, #3635 ) ;
#1667 = LINE ( 'NONE', #7809, #6097 ) ;
#1668 = CARTESIAN_POINT ( 'NONE',  ( 0.1117542798527060843, 0.01275443361127101029, 0.08267716535433072833 ) ) ;
#1669 = ORIENTED_EDGE ( 'NONE', *, *, #2170, .F. ) ;
#1670 = CARTESIAN_POINT ( 'NONE',  ( 0.04351193913223752596, 0.04476932692331957175, 0.07108354790047279048 ) ) ;
#1671 = EDGE_LOOP ( 'NONE', ( #1669, #7677, #678, #6559 ) ) ;
#1672 = VECTOR ( 'NONE', #2130, 39.37007874015748143 ) ;
#1673 = CARTESIAN_POINT ( 'NONE',  ( -0.07251958436280114828, 0.03860769112990099922, 0.04189684974448613236 ) ) ;
#1674 = FACE_OUTER_BOUND ( 'NONE', #7044, .T. ) ;
#1675 = EDGE_CURVE ( 'NONE', #5938, #5760, #2484, .T. ) ;
#1676 = FACE_OUTER_BOUND ( 'NONE', #4259, .T. ) ;
#1677 = VECTOR ( 'NONE', #1887, 39.37007874015748143 ) ;
#1678 = ORIENTED_EDGE ( 'NONE', *, *, #1352, .T. ) ;
#1679 = CARTESIAN_POINT ( 'NONE',  ( -0.08659019213609440990, 0.02755905511811023584, 0.05880887093013065225 ) ) ;
#1680 = ORIENTED_EDGE ( 'NONE', *, *, #3526, .F. ) ;
#1681 = DIRECTION ( 'NONE',  ( -0.000000000000000000, -1.000000000000000000, -0.000000000000000000 ) ) ;
#1682 = CARTESIAN_POINT ( 'NONE',  ( 0.07874015748031493178, 0.02755905511811023237, -0.04811742286199993668 ) ) ;
#1683 = DIMENSIONAL_EXPONENTS ( 1.000000000000000000, 0.000000000000000000, 0.000000000000000000, 0.000000000000000000, 0.000000000000000000, 0.000000000000000000, 0.000000000000000000 ) ;
#1684 = CARTESIAN_POINT ( 'NONE',  ( 0.04745700176422933819, 0.03357423899596303357, -0.07714575990919915471 ) ) ;
#1685 = VECTOR ( 'NONE', #6591, 39.37007874015748143 ) ;
#1686 = EDGE_CURVE ( 'NONE', #2963, #2830, #4935, .T. ) ;
#1687 = CARTESIAN_POINT ( 'NONE',  ( 0.06889763779527559306, 0.009842519685039369942, 0.08267716535433072833 ) ) ;
#1688 = EDGE_CURVE ( 'NONE', #4091, #3866, #1952, .T. ) ;
#1689 = ORIENTED_EDGE ( 'NONE', *, *, #4978, .F. ) ;
#1690 = FACE_OUTER_BOUND ( 'NONE', #1859, .T. ) ;
#1691 = CARTESIAN_POINT ( 'NONE',  ( -0.04570727917525944928, 0.04538425365438059772, 0.06977940642378080427 ) ) ;
#1692 = DIRECTION ( 'NONE',  ( 0.000000000000000000, 0.000000000000000000, -1.000000000000000000 ) ) ;
#1693 = VERTEX_POINT ( 'NONE', #6195 ) ;
#1694 = FACE_OUTER_BOUND ( 'NONE', #6416, .T. ) ;
#1695 = LINE ( 'NONE', #5940, #6388 ) ;
#1696 = CARTESIAN_POINT ( 'NONE',  ( -0.06692913385826770867, 0.04330708661417322081, -0.04322513669223893018 ) ) ;
#1697 = EDGE_CURVE ( 'NONE', #4155, #2156, #1022, .T. ) ;
#1698 = CARTESIAN_POINT ( 'NONE',  ( 0.04680839361996228659, 0.02874278456962373746, -0.07558448434275749639 ) ) ;
#1699 = CARTESIAN_POINT ( 'NONE',  ( -0.07353700698302639838, 0.04023852362646646724, 0.04452819515895923425 ) ) ;
#1700 = CARTESIAN_POINT ( 'NONE',  ( 0.06722562855845445884, 0.04330708661417322775, 0.04811742286199988117 ) ) ;
#1701 = B_SPLINE_CURVE_WITH_KNOTS ( 'NONE', 3,
 ( #5986, #554, #5424, #7799, #2359, #4198 ),
 .UNSPECIFIED., .F., .F.,
 ( 4, 2, 4 ),
 ( 0.000000000000000000, 0.5000000000000000000, 1.000000000000000000 ),
 .UNSPECIFIED. ) ;
#1702 = ORIENTED_EDGE ( 'NONE', *, *, #7608, .T. ) ;
#1703 = ORIENTED_EDGE ( 'NONE', *, *, #317, .F. ) ;
#1704 = CARTESIAN_POINT ( 'NONE',  ( -0.09842519685039370636, 0.007874015748031497688, 0.01870078740157480462 ) ) ;
#1705 = DIRECTION ( 'NONE',  ( -0.5370986485132710486, -0.8435194376925865267, -0.000000000000000000 ) ) ;
#1706 = DIRECTION ( 'NONE',  ( -0.7071067811865473507, 0.000000000000000000, 0.7071067811865476838 ) ) ;
#1707 = ADVANCED_FACE ( 'NONE', ( #4328 ), #5587, .T. ) ;
#1708 = FACE_OUTER_BOUND ( 'NONE', #3059, .T. ) ;
#1709 = DIRECTION ( 'NONE',  ( -1.000000000000000000, 0.000000000000000000, 0.000000000000000000 ) ) ;
#1710 = EDGE_LOOP ( 'NONE', ( #6867, #6271, #877, #6771 ) ) ;
#1711 = ORIENTED_EDGE ( 'NONE', *, *, #5467, .F. ) ;
#1712 = LINE ( 'NONE', #4899, #1139 ) ;
#1713 = ORIENTED_EDGE ( 'NONE', *, *, #7573, .T. ) ;
#1714 = CARTESIAN_POINT ( 'NONE',  ( -0.04737142051207810650, 0.03395578833904028260, -0.07693914848957193742 ) ) ;
#1715 = CARTESIAN_POINT ( 'NONE',  ( 0.04777140679307897292, 0.02760978303487622576, 0.07793268416417033218 ) ) ;
#1716 = CARTESIAN_POINT ( 'NONE',  ( -0.07701223264166352778, 0.03192330889089445983, 0.04885379207413172165 ) ) ;
#1717 = ORIENTED_EDGE ( 'NONE', *, *, #5389, .T. ) ;
#1718 = CARTESIAN_POINT ( 'NONE',  ( -0.04595995108315487077, 0.04476932692331955788, 0.07006954814955140831 ) ) ;
#1719 = ORIENTED_EDGE ( 'NONE', *, *, #6498, .T. ) ;
#1720 = FACE_OUTER_BOUND ( 'NONE', #875, .T. ) ;
#1721 = EDGE_CURVE ( 'NONE', #6296, #7158, #6079, .T. ) ;
#1722 = CARTESIAN_POINT ( 'NONE',  ( 0.04504971256151252962, 0.03791342768142927366, -0.07479606136928121374 ) ) ;
#1723 = CARTESIAN_POINT ( 'NONE',  ( 0.06889763779527559306, 0.009842519685039369942, -0.06299212598425198151 ) ) ;
#1724 = DIRECTION ( 'NONE',  ( -0.5370986485132712707, 0.8435194376925865267, 0.000000000000000000 ) ) ;
#1725 = EDGE_LOOP ( 'NONE', ( #2332, #4606, #7124, #5233 ) ) ;
#1726 = LINE ( 'NONE', #395, #4536 ) ;
#1727 = ORIENTED_EDGE ( 'NONE', *, *, #6255, .T. ) ;
#1728 = LINE ( 'NONE', #6580, #5929 ) ;
#1729 = ADVANCED_FACE ( 'NONE', ( #56 ), #5476, .F. ) ;
#1730 = ORIENTED_EDGE ( 'NONE', *, *, #6013, .T. ) ;
#1731 = DIRECTION ( 'NONE',  ( 0.000000000000000000, 0.000000000000000000, 1.000000000000000000 ) ) ;
#1732 = CARTESIAN_POINT ( 'NONE',  ( 0.06889763779527559306, 0.009842519685039369942, 0.06299212598425198151 ) ) ;
#1733 = VECTOR ( 'NONE', #744, 39.37007874015748143 ) ;
#1734 = DIRECTION ( 'NONE',  ( 0.000000000000000000, 0.000000000000000000, 1.000000000000000000 ) ) ;
#1735 = DIRECTION ( 'NONE',  ( 0.000000000000000000, 0.000000000000000000, -1.000000000000000000 ) ) ;
#1736 = CARTESIAN_POINT ( 'NONE',  ( 0.07226434102495171707, 0.03432075690644036114, 0.04811742286199987423 ) ) ;
#1737 = ADVANCED_FACE ( 'NONE', ( #6636 ), #4368, .T. ) ;
#1738 = EDGE_LOOP ( 'NONE', ( #5343, #7050, #1533, #7685 ) ) ;
#1739 = EDGE_CURVE ( 'NONE', #34, #7652, #6120, .T. ) ;
#1740 = DIRECTION ( 'NONE',  ( 0.000000000000000000, 0.000000000000000000, -1.000000000000000000 ) ) ;
#1741 = AXIS2_PLACEMENT_3D ( 'NONE', #460, #2205, #5775 ) ;
#1742 = CARTESIAN_POINT ( 'NONE',  ( 0.07844765140191500841, 0.03149606299212598381, 0.04824207672022415294 ) ) ;
#1743 = CARTESIAN_POINT ( 'NONE',  ( 0.1062992125984252023, 0.009280999427183432571, 0.06299212598425198151 ) ) ;
#1744 = CYLINDRICAL_SURFACE ( 'NONE', #1637, 0.003937007874015743640 ) ;
#1745 = VECTOR ( 'NONE', #3390, 39.37007874015748143 ) ;
#1746 = ORIENTED_EDGE ( 'NONE', *, *, #5666, .F. ) ;
#1747 = CARTESIAN_POINT ( 'NONE',  ( 0.07056394466964324708, 0.04553864599595623674, -0.04347648191620415853 ) ) ;
#1748 = VERTEX_POINT ( 'NONE', #132 ) ;
#1749 = EDGE_CURVE ( 'NONE', #1748, #6631, #7609, .T. ) ;
#1750 = PLANE ( 'NONE',  #3314 ) ;
#1751 = CARTESIAN_POINT ( 'NONE',  ( 0.000000000000000000, 0.04330708661417323468, 0.000000000000000000 ) ) ;
#1752 = CARTESIAN_POINT ( 'NONE',  ( -0.07749561001972887775, 0.03167476049756243889, 0.04864670175086577980 ) ) ;
#1753 = DIRECTION ( 'NONE',  ( -1.000000000000000000, 0.000000000000000000, 0.000000000000000000 ) ) ;
#1754 = CIRCLE ( 'NONE', #7204, 0.006467032068879366782 ) ;
#1755 = ORIENTED_EDGE ( 'NONE', *, *, #5515, .F. ) ;
#1756 = CARTESIAN_POINT ( 'NONE',  ( -0.04788874997535610967, 0.03617010768134488324, 0.07472608059419512394 ) ) ;
#1757 = ORIENTED_EDGE ( 'NONE', *, *, #2944, .F. ) ;
#1758 = CARTESIAN_POINT ( 'NONE',  ( 0.07081476518369270168, 0.04522749973546129343, 0.04483461788561173694 ) ) ;
#1759 = CARTESIAN_POINT ( 'NONE',  ( 0.04758537364245520734, 0.03300191498134701779, -0.07745567703864060516 ) ) ;
#1760 = CARTESIAN_POINT ( 'NONE',  ( 0.09709302605442191036, 0.006011198557957642477, -0.01487728981714212147 ) ) ;
#1761 = AXIS2_PLACEMENT_3D ( 'NONE', #5417, #4310, #5528 ) ;
#1762 = CARTESIAN_POINT ( 'NONE',  ( 0.06751567060058744074, 0.04724409448818896184, 0.04373591931891366441 ) ) ;
#1763 = ORIENTED_EDGE ( 'NONE', *, *, #5016, .F. ) ;
#1764 = LINE ( 'NONE', #5979, #3634 ) ;
#1765 = ORIENTED_EDGE ( 'NONE', *, *, #1215, .F. ) ;
#1766 = CARTESIAN_POINT ( 'NONE',  ( -0.04878144329469041862, 0.03219018753526920601, 0.07688123291277189353 ) ) ;
#1767 = EDGE_LOOP ( 'NONE', ( #3420, #6379, #6092, #5065 ) ) ;
#1768 = AXIS2_PLACEMENT_3D ( 'NONE', #5568, #2554, #1970 ) ;
#1769 = ORIENTED_EDGE ( 'NONE', *, *, #5089, .T. ) ;
#1770 = CARTESIAN_POINT ( 'NONE',  ( 0.07862326107806928699, 0.03149606299212598381, 0.04780982869999913371 ) ) ;
#1771 = DIRECTION ( 'NONE',  ( -0.000000000000000000, -1.000000000000000000, -0.000000000000000000 ) ) ;
#1772 = VECTOR ( 'NONE', #567, 39.37007874015748143 ) ;
#1773 = CARTESIAN_POINT ( 'NONE',  ( 0.05511811023622047168, 0.02755905511811023584, 0.09645669291338584972 ) ) ;
#1774 = CARTESIAN_POINT ( 'NONE',  ( 0.07260030867739562799, 0.04196832454366394849, -0.04557421421691026930 ) ) ;
#1775 = CARTESIAN_POINT ( 'NONE',  ( -0.04762782047181658013, 0.03190852425293756733, 0.07825055509013169319 ) ) ;
#1776 = ORIENTED_EDGE ( 'NONE', *, *, #5348, .F. ) ;
#1777 = VERTEX_POINT ( 'NONE', #4207 ) ;
#1778 = B_SPLINE_CURVE_WITH_KNOTS ( 'NONE', 3,
 ( #5398, #4250, #6082, #7812, #645, #1871, #4290, #6321, #1355, #2075 ),
 .UNSPECIFIED., .F., .F.,
 ( 4, 2, 2, 2, 4 ),
 ( 0.7444130222866868207, 0.8083097667150150878, 0.8722065111433434659, 0.9361032555716717329, 1.000000000000000000 ),
 .UNSPECIFIED. ) ;
#1779 = LINE ( 'NONE', #5472, #4734 ) ;
#1780 = AXIS2_PLACEMENT_3D ( 'NONE', #1825, #4247, #6036 ) ;
#1781 = EDGE_CURVE ( 'NONE', #2082, #6160, #6276, .T. ) ;
#1782 = CARTESIAN_POINT ( 'NONE',  ( -0.1259842519685039353, 0.005905511811023618496, 0.06299212598425198151 ) ) ;
#1783 = EDGE_CURVE ( 'NONE', #479, #3027, #7714, .T. ) ;
#1784 = CIRCLE ( 'NONE', #6232, 0.003937007874015743640 ) ;
#1785 = LINE ( 'NONE', #6037, #1899 ) ;
#1786 = ORIENTED_EDGE ( 'NONE', *, *, #1844, .F. ) ;
#1787 = CARTESIAN_POINT ( 'NONE',  ( 0.07103384050197519839, 0.04486112158441310505, -0.04350125107913491163 ) ) ;
#1788 = VERTEX_POINT ( 'NONE', #4529 ) ;
#1789 = CARTESIAN_POINT ( 'NONE',  ( 0.08728965698918823846, 0.005905511811023621965, 0.02263779527559055260 ) ) ;
#1790 = DIRECTION ( 'NONE',  ( 1.000000000000000000, 0.000000000000000000, 0.000000000000000000 ) ) ;
#1791 = LINE ( 'NONE', #2151, #2666 ) ;
#1792 = VECTOR ( 'NONE', #7682, 39.37007874015748143 ) ;
#1793 = DIRECTION ( 'NONE',  ( -0.000000000000000000, -1.000000000000000000, -0.000000000000000000 ) ) ;
#1794 = LINE ( 'NONE', #6648, #2527 ) ;
#1795 = DIRECTION ( 'NONE',  ( 0.000000000000000000, 0.000000000000000000, 1.000000000000000000 ) ) ;
#1796 = EDGE_CURVE ( 'NONE', #6522, #4267, #521, .T. ) ;
#1797 = ORIENTED_EDGE ( 'NONE', *, *, #7221, .F. ) ;
#1798 = VECTOR ( 'NONE', #784, 39.37007874015748143 ) ;
#1799 = AXIS2_PLACEMENT_3D ( 'NONE', #5156, #2140, #836 ) ;
#1800 = ORIENTED_EDGE ( 'NONE', *, *, #6095, .F. ) ;
#1801 = CARTESIAN_POINT ( 'NONE',  ( 0.07218708583814077706, 0.04273142322981896696, 0.04540305171260850675 ) ) ;
#1802 = CARTESIAN_POINT ( 'NONE',  ( 0.04811742286199984647, 0.03149606299212598381, -0.07874015748031498729 ) ) ;
#1803 = CARTESIAN_POINT ( 'NONE',  ( 0.1023622047244094613, 0.005905511811023620231, 0.01476377952755905838 ) ) ;
#1804 = VECTOR ( 'NONE', #724, 39.37007874015748143 ) ;
#1805 = PLANE ( 'NONE',  #1434 ) ;
#1806 = ADVANCED_FACE ( 'NONE', ( #6939 ), #6863, .F. ) ;
#1807 = ORIENTED_EDGE ( 'NONE', *, *, #1686, .F. ) ;
#1808 = CARTESIAN_POINT ( 'NONE',  ( -0.1164233781010027835, 0.005905511811023620231, -0.06299212598425198151 ) ) ;
#1809 = ORIENTED_EDGE ( 'NONE', *, *, #6156, .F. ) ;
#1810 = CARTESIAN_POINT ( 'NONE',  ( -0.04633343134377389955, 0.03219018753526917132, 0.07789523266369290100 ) ) ;
#1811 = VERTEX_POINT ( 'NONE', #6356 ) ;
#1812 = MECHANICAL_DESIGN_GEOMETRIC_PRESENTATION_REPRESENTATION (  '', ( #2438 ), #5237 ) ;
#1813 = ORIENTED_EDGE ( 'NONE', *, *, #5234, .T. ) ;
#1814 = LINE ( 'NONE', #1135, #4196 ) ;
#1815 = CARTESIAN_POINT ( 'NONE',  ( 0.1023622047244094613, 0.03149606299212598381, 0.04894237015283921244 ) ) ;
#1816 = CARTESIAN_POINT ( 'NONE',  ( -0.09842519685039370636, 0.01181102362204724567, 0.04500536227882344364 ) ) ;
#1817 = CARTESIAN_POINT ( 'NONE',  ( 0.1062992125984252023, 0.009280999427183432571, -0.06299212598425198151 ) ) ;
#1818 = DIRECTION ( 'NONE',  ( 1.000000000000000000, 0.000000000000000000, 0.000000000000000000 ) ) ;
#1819 = CARTESIAN_POINT ( 'NONE',  ( 0.05511811023622045780, 0.03149606299212598381, 0.09645669291338584972 ) ) ;
#1820 = VERTEX_POINT ( 'NONE', #3244 ) ;
#1821 = VERTEX_POINT ( 'NONE', #3359 ) ;
#1822 = CARTESIAN_POINT ( 'NONE',  ( 0.05511811023622047861, 0.03149606299212598381, -0.1023622047244094613 ) ) ;
#1823 = EDGE_CURVE ( 'NONE', #2774, #1693, #3167, .T. ) ;
#1824 = FACE_OUTER_BOUND ( 'NONE', #1415, .T. ) ;
#1825 = CARTESIAN_POINT ( 'NONE',  ( -0.1259842519685039353, -1.574803884209003054E-18, -0.06299212598425198151 ) ) ;
#1826 = DIRECTION ( 'NONE',  ( 0.000000000000000000, 0.000000000000000000, 1.000000000000000000 ) ) ;
#1827 = ORIENTED_EDGE ( 'NONE', *, *, #6115, .T. ) ;
#1828 = CARTESIAN_POINT ( 'NONE',  ( 0.08659019213609440990, 0.03149606299212598381, 0.05880887093013065225 ) ) ;
#1829 = MANIFOLD_SOLID_BREP ( 'Mirror1[3]', #6337 ) ;
#1830 = ORIENTED_EDGE ( 'NONE', *, *, #3941, .F. ) ;
#1831 = DIRECTION ( 'NONE',  ( 0.000000000000000000, 0.000000000000000000, -1.000000000000000000 ) ) ;
#1832 = CARTESIAN_POINT ( 'NONE',  ( -0.05118110236220469594, 0.01181102362204724567, -0.1023622047244094613 ) ) ;
#1833 = ADVANCED_FACE ( 'NONE', ( #4452 ), #7501, .T. ) ;
#1834 = EDGE_CURVE ( 'NONE', #1896, #7305, #1867, .T. ) ;
#1835 = CARTESIAN_POINT ( 'NONE',  ( 0.04685950238347233454, 0.02755905511811023584, -0.07748223700178752393 ) ) ;
#1836 = CARTESIAN_POINT ( 'NONE',  ( -0.07051423731127499928, 0.04563022806078852189, -0.04471013516498521800 ) ) ;
#1837 = FACE_OUTER_BOUND ( 'NONE', #2602, .T. ) ;
#1838 = CARTESIAN_POINT ( 'NONE',  ( 0.04570727917525957418, 0.04538425365438047976, 0.06977940642378083203 ) ) ;
#1839 = ORIENTED_EDGE ( 'NONE', *, *, #391, .T. ) ;
#1840 = CARTESIAN_POINT ( 'NONE',  ( 0.07231672433375196940, 0.04249201979835712933, 0.04402273753570096898 ) ) ;
#1841 = LINE ( 'NONE', #4181, #2022 ) ;
#1842 = EDGE_CURVE ( 'NONE', #2699, #1, #2048, .T. ) ;
#1843 = CARTESIAN_POINT ( 'NONE',  ( 0.04777772901967360791, 0.03193004094268384052, -0.07792006399911291514 ) ) ;
#1844 = EDGE_CURVE ( 'NONE', #5445, #5843, #4712, .T. ) ;
#1845 = DIRECTION ( 'NONE',  ( 0.000000000000000000, 1.000000000000000000, 0.000000000000000000 ) ) ;
#1846 = DIRECTION ( 'NONE',  ( 1.000000000000000000, 0.000000000000000000, 0.000000000000000000 ) ) ;
#1847 = ORIENTED_EDGE ( 'NONE', *, *, #5618, .T. ) ;
#1848 = LINE ( 'NONE', #4188, #6561 ) ;
#1849 = EDGE_LOOP ( 'NONE', ( #1797, #7071, #5253, #3156 ) ) ;
#1850 = CARTESIAN_POINT ( 'NONE',  ( -0.07283464566929134798, 0.005905511811023621965, 0.01870078740157480116 ) ) ;
#1851 = EDGE_LOOP ( 'NONE', ( #1930, #512, #51, #3141 ) ) ;
#1852 = ORIENTED_EDGE ( 'NONE', *, *, #6740, .T. ) ;
#1853 = CARTESIAN_POINT ( 'NONE',  ( -0.04762782047181666339, 0.03190852425293756733, -0.07825055509013162380 ) ) ;
#1854 = EDGE_CURVE ( 'NONE', #2781, #6589, #327, .T. ) ;
#1855 = LINE ( 'NONE', #4274, #792 ) ;
#1856 = DIRECTION ( 'NONE',  ( 0.000000000000000000, 1.000000000000000000, 0.000000000000000000 ) ) ;
#1857 = DIRECTION ( 'NONE',  ( -1.000000000000000000, 2.707733616970879528E-18, 0.000000000000000000 ) ) ;
#1858 = CARTESIAN_POINT ( 'NONE',  ( 0.07136064015963113072, 0.04425762060212819898, -0.04506072670400566860 ) ) ;
#1859 = EDGE_LOOP ( 'NONE', ( #7051, #4398, #2339, #5364 ) ) ;
#1860 =( NAMED_UNIT ( * ) SI_UNIT ( $, .STERADIAN. ) SOLID_ANGLE_UNIT ( ) );
#1861 = ORIENTED_EDGE ( 'NONE', *, *, #594, .F. ) ;
#1862 = LINE ( 'NONE', #4810, #5871 ) ;
#1863 = CARTESIAN_POINT ( 'NONE',  ( -0.04350603470619183316, 0.04289462535336164423, 0.06759734944928413869 ) ) ;
#1864 = VECTOR ( 'NONE', #7199, 39.37007874015748143 ) ;
#1865 = CARTESIAN_POINT ( 'NONE',  ( 0.07844366278012820937, 0.03149606299212599075, -0.04811742286199992974 ) ) ;
#1866 = DIRECTION ( 'NONE',  ( -0.7071067811865479058, 0.000000000000000000, 0.7071067811865471286 ) ) ;
#1867 = B_SPLINE_CURVE_WITH_KNOTS ( 'NONE', 3,
 ( #289, #3884, #3322, #6317, #2687, #5125 ),
 .UNSPECIFIED., .F., .F.,
 ( 4, 2, 4 ),
 ( 0.000000000000000000, 0.5000000000000000000, 1.000000000000000000 ),
 .UNSPECIFIED. ) ;
#1868 = VECTOR ( 'NONE', #2566, 39.37007874015748143 ) ;
#1869 = CARTESIAN_POINT ( 'NONE',  ( -0.07862303733001721473, 0.03149606299212599075, -0.04780916642478028056 ) ) ;
#1870 = ORIENTED_EDGE ( 'NONE', *, *, #4327, .F. ) ;
#1871 = CARTESIAN_POINT ( 'NONE',  ( 0.07676281534302943632, 0.02796622616595383429, 0.04729853379869886770 ) ) ;
#1872 = CIRCLE ( 'NONE', #6691, 0.01072812687502424332 ) ;
#1873 = ORIENTED_EDGE ( 'NONE', *, *, #4318, .T. ) ;
#1874 = CARTESIAN_POINT ( 'NONE',  ( 0.04855399968007857725, 0.03161147145470241671, 0.07771588781672923718 ) ) ;
#1875 = CARTESIAN_POINT ( 'NONE',  ( 0.03976576796609581493, 0.04724409448818895491, 0.07038850258441084473 ) ) ;
#1876 = AXIS2_PLACEMENT_3D ( 'NONE', #4138, #7012, #2947 ) ;
#1877 = CARTESIAN_POINT ( 'NONE',  ( -0.06815208925554432084, 0.04724409448818896184, -0.04330956414419302736 ) ) ;
#1878 = CARTESIAN_POINT ( 'NONE',  ( -0.04811742286199983953, 0.03164780135005641065, 0.07818893826624825905 ) ) ;
#1879 = ORIENTED_EDGE ( 'NONE', *, *, #7221, .T. ) ;
#1880 = EDGE_LOOP ( 'NONE', ( #4938, #5058, #3742, #5170 ) ) ;
#1881 = CARTESIAN_POINT ( 'NONE',  ( -0.07283464566929134798, 0.001968503937007873555, 0.01870078740157480116 ) ) ;
#1882 = DIRECTION ( 'NONE',  ( -1.000000000000000000, 0.000000000000000000, 4.058291587432376212E-16 ) ) ;
#1883 = CARTESIAN_POINT ( 'NONE',  ( 0.04878144329469044638, 0.03219018753526924070, -0.07688123291277187965 ) ) ;
#1884 = B_SPLINE_CURVE_WITH_KNOTS ( 'NONE', 3,
 ( #19, #4897, #6121, #643, #6197, #4248 ),
 .UNSPECIFIED., .F., .F.,
 ( 4, 2, 4 ),
 ( 0.000000000000000000, 0.5000000000000000000, 1.000000000000000000 ),
 .UNSPECIFIED. ) ;
#1885 = FACE_OUTER_BOUND ( 'NONE', #1659, .T. ) ;
#1886 = VECTOR ( 'NONE', #1488, 39.37007874015748143 ) ;
#1887 = DIRECTION ( 'NONE',  ( 0.000000000000000000, 0.000000000000000000, -1.000000000000000000 ) ) ;
#1888 = VERTEX_POINT ( 'NONE', #3476 ) ;
#1889 = ADVANCED_FACE ( 'NONE', ( #557, #405 ), #3400, .F. ) ;
#1890 = DIRECTION ( 'NONE',  ( 0.000000000000000000, 1.000000000000000000, 0.000000000000000000 ) ) ;
#1891 = ADVANCED_FACE ( 'NONE', ( #1141 ), #5834, .T. ) ;
#1892 = ORIENTED_EDGE ( 'NONE', *, *, #3231, .F. ) ;
#1893 = CARTESIAN_POINT ( 'NONE',  ( -0.04620505946554763488, 0.03276251154988524261, 0.07758531553425168648 ) ) ;
#1894 = ORIENTED_EDGE ( 'NONE', *, *, #3770, .T. ) ;
#1895 = COLOUR_RGB ( '',0.7921568627450980005, 0.8196078431372548767, 0.9333333333333333481 ) ;
#1896 = VERTEX_POINT ( 'NONE', #3561 ) ;
#1897 = CARTESIAN_POINT ( 'NONE',  ( 0.1259842519685039353, -1.574803884209003054E-18, -0.08267716535433072833 ) ) ;
#1898 = CARTESIAN_POINT ( 'NONE',  ( -0.04639660822200536439, 0.03190852425293756039, -0.07804775513994748060 ) ) ;
#1899 = VECTOR ( 'NONE', #600, 39.37007874015748143 ) ;
#1900 = CARTESIAN_POINT ( 'NONE',  ( 0.1023622047244094613, 0.02755905511811023584, 0.04894237015283921244 ) ) ;
#1901 = CARTESIAN_POINT ( 'NONE',  ( -0.06933230919256844205, 0.03973534058020296300, -0.04422056450846683501 ) ) ;
#1902 = CARTESIAN_POINT ( 'NONE',  ( 0.06997942780049470901, 0.04498199997437889175, -0.04588147192311468198 ) ) ;
#1903 = EDGE_CURVE ( 'NONE', #5445, #3755, #7048, .T. ) ;
#1904 = AXIS2_PLACEMENT_3D ( 'NONE', #389, #5818, #7703 ) ;
#1905 = ORIENTED_EDGE ( 'NONE', *, *, #7222, .T. ) ;
#1906 = CARTESIAN_POINT ( 'NONE',  ( 0.06496062992125986590, 0.005905511811023621965, -0.02657480314960630405 ) ) ;
#1907 = CIRCLE ( 'NONE', #6723, 0.006467032068879366782 ) ;
#1908 = LINE ( 'NONE', #7420, #533 ) ;
#1909 = DIRECTION ( 'NONE',  ( 1.000000000000000000, 0.000000000000000000, 0.000000000000000000 ) ) ;
#1910 = CARTESIAN_POINT ( 'NONE',  ( -0.04639663789471685368, 0.03003382268297973001, -0.07458542502473741731 ) ) ;
#1911 = ORIENTED_EDGE ( 'NONE', *, *, #2131, .T. ) ;
#1912 = CARTESIAN_POINT ( 'NONE',  ( 0.1117542798527060843, 0.01275443361127101029, 0.08267716535433072833 ) ) ;
#1913 = VECTOR ( 'NONE', #1975, 39.37007874015748143 ) ;
#1914 = VERTEX_POINT ( 'NONE', #5196 ) ;
#1915 = CARTESIAN_POINT ( 'NONE',  ( 0.09645669291338584972, 0.02755905511811023584, -0.05511811023622045780 ) ) ;
#1916 = DIRECTION ( 'NONE',  ( -1.000000000000000000, 0.000000000000000000, 0.000000000000000000 ) ) ;
#1917 = AXIS2_PLACEMENT_3D ( 'NONE', #6262, #6342, #6892 ) ;
#1918 = CARTESIAN_POINT ( 'NONE',  ( -0.07081476518369257678, 0.04522749973546141833, -0.04483461788561174388 ) ) ;
#1919 = CARTESIAN_POINT ( 'NONE',  ( 0.1164233781010027835, 0.006467032068879333823, 0.06299212598425198151 ) ) ;
#1920 = ORIENTED_EDGE ( 'NONE', *, *, #7234, .F. ) ;
#1921 = ORIENTED_EDGE ( 'NONE', *, *, #7212, .T. ) ;
#1922 = DIRECTION ( 'NONE',  ( 0.000000000000000000, 0.000000000000000000, -1.000000000000000000 ) ) ;
#1923 = VECTOR ( 'NONE', #2327, 39.37007874015748143 ) ;
#1924 = DIRECTION ( 'NONE',  ( 1.000000000000000000, 0.000000000000000000, 0.000000000000000000 ) ) ;
#1925 = CARTESIAN_POINT ( 'NONE',  ( 0.06496062992125986590, 0.000000000000000000, 0.02657480314960629711 ) ) ;
#1926 = DIRECTION ( 'NONE',  ( 2.232281561944730346E-16, 1.000000000000000000, 0.000000000000000000 ) ) ;
#1927 = ADVANCED_FACE ( 'NONE', ( #517 ), #4684, .F. ) ;
#1928 = CARTESIAN_POINT ( 'NONE',  ( 0.08728965698918823846, 0.005905511811023621965, 0.02263779527559055260 ) ) ;
#1929 = VECTOR ( 'NONE', #2475, 39.37007874015748143 ) ;
#1930 = ORIENTED_EDGE ( 'NONE', *, *, #5907, .T. ) ;
#1931 = CARTESIAN_POINT ( 'NONE',  ( -0.07818893826624821741, 0.03164780135005641065, -0.04811742286199989505 ) ) ;
#1932 = VERTEX_POINT ( 'NONE', #5904 ) ;
#1933 = CARTESIAN_POINT ( 'NONE',  ( -0.04777772901967217156, 0.03193004094268384746, 0.07792006399911367842 ) ) ;
#1934 = ORIENTED_EDGE ( 'NONE', *, *, #5666, .T. ) ;
#1935 = CARTESIAN_POINT ( 'NONE',  ( -0.04790776944891205619, 0.03149606299212599075, -0.07853050406722698884 ) ) ;
#1936 = CIRCLE ( 'NONE', #3063, 0.006467032068879520305 ) ;
#1937 = LINE ( 'NONE', #706, #1798 ) ;
#1938 = EDGE_CURVE ( 'NONE', #688, #4784, #1657, .T. ) ;
#1939 = EDGE_CURVE ( 'NONE', #1134, #6908, #7612, .T. ) ;
#1940 = DIRECTION ( 'NONE',  ( 0.1935096937407781159, -0.8627297996377595313, -0.4671737270495219807 ) ) ;
#1941 = CARTESIAN_POINT ( 'NONE',  ( -0.05511811023622047861, 0.02755905511811023584, -0.1023622047244094613 ) ) ;
#1942 = CARTESIAN_POINT ( 'NONE',  ( 0.07068289032394863003, 0.04363666782758896662, -0.04621400573016521546 ) ) ;
#1943 = VECTOR ( 'NONE', #4941, 39.37007874015749564 ) ;
#1944 = DIRECTION ( 'NONE',  ( 0.000000000000000000, 0.000000000000000000, 1.000000000000000000 ) ) ;
#1945 = ORIENTED_EDGE ( 'NONE', *, *, #1457, .F. ) ;
#1946 = ORIENTED_EDGE ( 'NONE', *, *, #4294, .F. ) ;
#1947 = CARTESIAN_POINT ( 'NONE',  ( -0.04811742286199998525, 0.02846948526569289747, -0.07543284219591459006 ) ) ;
#1948 = DIRECTION ( 'NONE',  ( -2.282530889443167515E-16, 0.000000000000000000, -1.000000000000000000 ) ) ;
#1949 = EDGE_CURVE ( 'NONE', #3906, #2964, #2184, .T. ) ;
#1950 = AXIS2_PLACEMENT_3D ( 'NONE', #870, #5584, #5048 ) ;
#1951 = DIRECTION ( 'NONE',  ( 2.282530889443167515E-16, 0.000000000000000000, -1.000000000000000000 ) ) ;
#1952 = LINE ( 'NONE', #7339, #6225 ) ;
#1953 = CARTESIAN_POINT ( 'NONE',  ( -0.04596010345299231248, 0.04476864760851667624, 0.07006991600287980348 ) ) ;
#1954 = DIRECTION ( 'NONE',  ( 0.000000000000000000, 0.000000000000000000, 1.000000000000000000 ) ) ;
#1955 = ORIENTED_EDGE ( 'NONE', *, *, #6192, .T. ) ;
#1956 = CARTESIAN_POINT ( 'NONE',  ( 0.000000000000000000, 0.02755905511811023584, 0.000000000000000000 ) ) ;
#1957 = ORIENTED_EDGE ( 'NONE', *, *, #7005, .F. ) ;
#1958 = FACE_OUTER_BOUND ( 'NONE', #2244, .T. ) ;
#1959 = DIRECTION ( 'NONE',  ( -0.000000000000000000, -1.000000000000000000, -0.000000000000000000 ) ) ;
#1960 = CARTESIAN_POINT ( 'NONE',  ( -0.07069972069918711854, 0.04538425365438047282, -0.04348544396992823358 ) ) ;
#1961 = CARTESIAN_POINT ( 'NONE',  ( 0.04349901208602671016, 0.04289462535336164423, 0.06760025801587828120 ) ) ;
#1962 = ORIENTED_EDGE ( 'NONE', *, *, #3083, .T. ) ;
#1963 = ORIENTED_EDGE ( 'NONE', *, *, #583, .T. ) ;
#1964 = CARTESIAN_POINT ( 'NONE',  ( 0.07543495297537934630, 0.03486103293681057369, 0.04818237452963493317 ) ) ;
#1965 = CARTESIAN_POINT ( 'NONE',  ( 0.04811742286199987423, 0.03149606299212598381, -0.07874015748031502893 ) ) ;
#1966 = CARTESIAN_POINT ( 'NONE',  ( 0.05118110236220472370, 0.01574803149606299191, -0.09842519685039370636 ) ) ;
#1967 = ORIENTED_EDGE ( 'NONE', *, *, #6930, .T. ) ;
#1968 = DIRECTION ( 'NONE',  ( 1.000000000000000000, -5.706327223607917555E-17, 0.000000000000000000 ) ) ;
#1969 = ORIENTED_EDGE ( 'NONE', *, *, #3137, .T. ) ;
#1970 = DIRECTION ( 'NONE',  ( 0.000000000000000000, 0.000000000000000000, -1.000000000000000000 ) ) ;
#1971 = EDGE_CURVE ( 'NONE', #6746, #276, #2601, .T. ) ;
#1972 = CARTESIAN_POINT ( 'NONE',  ( -0.07332611692551065097, 0.04476932692331947461, -0.04270338230719546158 ) ) ;
#1973 = DIRECTION ( 'NONE',  ( 1.000000000000000000, 0.000000000000000000, 0.000000000000000000 ) ) ;
#1974 = CARTESIAN_POINT ( 'NONE',  ( 0.04685950238347241781, 0.02755905511811023584, 0.07748223700178744067 ) ) ;
#1975 = DIRECTION ( 'NONE',  ( 0.000000000000000000, 0.000000000000000000, 1.000000000000000000 ) ) ;
#1976 = FACE_OUTER_BOUND ( 'NONE', #549, .T. ) ;
#1977 = CARTESIAN_POINT ( 'NONE',  ( 0.07792006399911290127, 0.03193004094268384052, -0.04777772901967310831 ) ) ;
#1978 = LINE ( 'NONE', #1222, #3004 ) ;
#1979 = VERTEX_POINT ( 'NONE', #3438 ) ;
#1980 = ORIENTED_EDGE ( 'NONE', *, *, #6920, .F. ) ;
#1981 = CARTESIAN_POINT ( 'NONE',  ( -0.1164233781010027835, 0.006467032068879333823, 0.06299212598425198151 ) ) ;
#1982 = CARTESIAN_POINT ( 'NONE',  ( -0.04811742286199986035, 0.03860769112990099922, 0.06994293861179348704 ) ) ;
#1983 = DIRECTION ( 'NONE',  ( -0.4671737270461323588, -0.8627297996423418658, -0.1935096937285320506 ) ) ;
#1984 = DIRECTION ( 'NONE',  ( -1.000000000000000000, 0.000000000000000000, 0.000000000000000000 ) ) ;
#1985 = LENGTH_MEASURE_WITH_UNIT ( LENGTH_MEASURE( 0.02539999999999999897 ), #802 );
#1986 = CARTESIAN_POINT ( 'NONE',  ( -0.04829752925139588898, 0.03434763534871652230, 0.07571296106642742829 ) ) ;
#1987 = DIRECTION ( 'NONE',  ( 0.000000000000000000, 0.000000000000000000, -1.000000000000000000 ) ) ;
#1988 = ORIENTED_EDGE ( 'NONE', *, *, #7314, .F. ) ;
#1989 = EDGE_CURVE ( 'NONE', #5512, #3906, #1025, .T. ) ;
#1990 = EDGE_CURVE ( 'NONE', #5294, #5471, #6430, .T. ) ;
#1991 = ORIENTED_EDGE ( 'NONE', *, *, #403, .T. ) ;
#1992 = DIRECTION ( 'NONE',  ( 0.000000000000000000, 0.000000000000000000, -1.000000000000000000 ) ) ;
#1993 = ORIENTED_EDGE ( 'NONE', *, *, #2828, .F. ) ;
#1994 = FACE_OUTER_BOUND ( 'NONE', #471, .T. ) ;
#1995 = VECTOR ( 'NONE', #5945, 39.37007874015748143 ) ;
#1996 = DIRECTION ( 'NONE',  ( -0.000000000000000000, -1.000000000000000000, -0.000000000000000000 ) ) ;
#1997 = DIRECTION ( 'NONE',  ( 0.000000000000000000, 0.000000000000000000, 1.000000000000000000 ) ) ;
#1998 = LINE ( 'NONE', #366, #4863 ) ;
#1999 = CARTESIAN_POINT ( 'NONE',  ( 0.04413263741782130767, 0.04689584721416590468, 0.06912003441783198809 ) ) ;
#2000 = AXIS2_PLACEMENT_3D ( 'NONE', #2468, #1890, #6732 ) ;
#2001 = ORIENTED_EDGE ( 'NONE', *, *, #5138, .F. ) ;
#2002 = EDGE_CURVE ( 'NONE', #134, #717, #7719, .T. ) ;
#2003 = ORIENTED_EDGE ( 'NONE', *, *, #4549, .F. ) ;
#2004 = CARTESIAN_POINT ( 'NONE',  ( -0.09842519685039370636, 0.02559055118110236532, 0.04894237015283921244 ) ) ;
#2005 = CARTESIAN_POINT ( 'NONE',  ( -0.04366421387883642757, 0.04724456730649650993, -0.06798915995706251991 ) ) ;
#2006 = B_SPLINE_CURVE_WITH_KNOTS ( 'NONE', 3,
 ( #6029, #3475, #4240, #4077, #5425, #1102 ),
 .UNSPECIFIED., .F., .F.,
 ( 4, 2, 4 ),
 ( 0.000000000000000000, 0.5000000000000000000, 1.000000000000000000 ),
 .UNSPECIFIED. ) ;
#2007 = CIRCLE ( 'NONE', #6184, 0.009866500777291436347 ) ;
#2008 = CARTESIAN_POINT ( 'NONE',  ( 0.09842519685039370636, 0.01181102362204724567, 0.01870078740157483238 ) ) ;
#2009 = CARTESIAN_POINT ( 'NONE',  ( -0.07130272458283090642, 0.04249201979835726117, 0.04647074948661759214 ) ) ;
#2010 = ORIENTED_EDGE ( 'NONE', *, *, #154, .F. ) ;
#2011 = CARTESIAN_POINT ( 'NONE',  ( 0.07239135461588555587, 0.03408620088688402855, 0.04548766261072011152 ) ) ;
#2012 = ORIENTED_EDGE ( 'NONE', *, *, #5779, .T. ) ;
#2013 = DIRECTION ( 'NONE',  ( 1.000000000000000000, 0.000000000000000000, 0.000000000000000000 ) ) ;
#2014 = SURFACE_STYLE_FILL_AREA ( #5653 ) ;
#2015 = CARTESIAN_POINT ( 'NONE',  ( -0.06331663509238939780, 0.02755905511811023584, -0.08603106008497583834 ) ) ;
#2016 = CARTESIAN_POINT ( 'NONE',  ( -0.09798960830917084752, 0.006620215824508860099, 0.01477495182005980102 ) ) ;
#2017 = CIRCLE ( 'NONE', #7581, 0.003937007874015749712 ) ;
#2018 = DIRECTION ( 'NONE',  ( -0.000000000000000000, -0.000000000000000000, -1.000000000000000000 ) ) ;
#2019 = LINE ( 'NONE', #787, #7486 ) ;
#2020 = CARTESIAN_POINT ( 'NONE',  ( -0.06835136698354124518, 0.04154684672118030830, -0.04381424494158353555 ) ) ;
#2021 = CARTESIAN_POINT ( 'NONE',  ( 0.07714575990919939064, 0.03357423899596304051, -0.04745700176422898431 ) ) ;
#2022 = VECTOR ( 'NONE', #2980, 39.37007874015748143 ) ;
#2023 = CARTESIAN_POINT ( 'NONE',  ( 0.1023622047244094613, 0.01181102362204724567, 0.04500536227882344364 ) ) ;
#2024 = EDGE_LOOP ( 'NONE', ( #2753, #1769, #6001, #224, #5130, #7362 ) ) ;
#2025 = ORIENTED_EDGE ( 'NONE', *, *, #1650, .T. ) ;
#2026 = FACE_OUTER_BOUND ( 'NONE', #4349, .T. ) ;
#2027 = CARTESIAN_POINT ( 'NONE',  ( -0.04811742286199983260, 0.02755905511811023584, 0.07696118927919452790 ) ) ;
#2028 = CARTESIAN_POINT ( 'NONE',  ( 0.05511811023622047168, 0.02755905511811023584, -0.09645669291338584972 ) ) ;
#2029 = EDGE_CURVE ( 'NONE', #3201, #4155, #3517, .T. ) ;
#2030 = CARTESIAN_POINT ( 'NONE',  ( -0.04495427367712177130, 0.03833892558812827117, 0.07456565152021023268 ) ) ;
#2031 = VECTOR ( 'NONE', #4208, 39.37007874015748143 ) ;
#2032 = CARTESIAN_POINT ( 'NONE',  ( -0.05511811023622046474, 0.02755905511811023584, -0.09842519685039370636 ) ) ;
#2033 = CARTESIAN_POINT ( 'NONE',  ( -0.04608770172981630636, 0.03967902848520026005, 0.07383997719515973668 ) ) ;
#2034 = EDGE_LOOP ( 'NONE', ( #868, #114, #6473, #4885, #5301, #4981, #4750, #322 ) ) ;
#2035 = CARTESIAN_POINT ( 'NONE',  ( 0.09645669291338584972, 0.02755905511811023584, -0.04894237015283919856 ) ) ;
#2036 = ORIENTED_EDGE ( 'NONE', *, *, #2002, .F. ) ;
#2037 = AXIS2_PLACEMENT_3D ( 'NONE', #3783, #1494, #1459 ) ;
#2038 = CARTESIAN_POINT ( 'NONE',  ( -0.05511811023622046474, 0.02755905511811023584, 0.1023622047244094613 ) ) ;
#2039 = CARTESIAN_POINT ( 'NONE',  ( -0.07031325133516852510, 0.03792383456189652585, 0.04462688404783516499 ) ) ;
#2040 = EDGE_CURVE ( 'NONE', #2866, #490, #2996, .T. ) ;
#2041 = EDGE_CURVE ( 'NONE', #4265, #339, #1101, .T. ) ;
#2042 = VECTOR ( 'NONE', #2532, 39.37007874015748143 ) ;
#2043 = CARTESIAN_POINT ( 'NONE',  ( 0.04612842447801420581, 0.04401821717066633360, 0.07047627890432130171 ) ) ;
#2044 = VERTEX_POINT ( 'NONE', #4848 ) ;
#2045 = DIRECTION ( 'NONE',  ( -0.000000000000000000, -1.000000000000000000, -0.000000000000000000 ) ) ;
#2046 = ORIENTED_EDGE ( 'NONE', *, *, #4513, .T. ) ;
#2047 = CARTESIAN_POINT ( 'NONE',  ( -0.04884462017292071079, 0.03190852425293715100, -0.07703375538902737518 ) ) ;
#2048 = CIRCLE ( 'NONE', #6478, 0.003937007874015749712 ) ;
#2049 = CARTESIAN_POINT ( 'NONE',  ( -0.1164233781010027835, 0.005905511811023620231, 0.08267716535433072833 ) ) ;
#2050 = EDGE_CURVE ( 'NONE', #6515, #6531, #1614, .T. ) ;
#2051 = CARTESIAN_POINT ( 'NONE',  ( -0.06692913385826770867, 0.04724409448818895491, 0.04322513669223895794 ) ) ;
#2052 = EDGE_LOOP ( 'NONE', ( #1038, #5854, #305, #343 ) ) ;
#2053 = CARTESIAN_POINT ( 'NONE',  ( 0.06759734944928431910, 0.04289462535336164423, 0.04350603470620604402 ) ) ;
#2054 = AXIS2_PLACEMENT_3D ( 'NONE', #5799, #411, #2806 ) ;
#2055 = ORIENTED_EDGE ( 'NONE', *, *, #1261, .T. ) ;
#2056 = DIRECTION ( 'NONE',  ( 1.000000000000000000, 0.000000000000000000, 0.000000000000000000 ) ) ;
#2057 = CARTESIAN_POINT ( 'NONE',  ( -0.09842519685039370636, 0.007715302024233953657, 0.01476377952755905318 ) ) ;
#2058 = EDGE_CURVE ( 'NONE', #4989, #6589, #1221, .T. ) ;
#2059 = AXIS2_PLACEMENT_3D ( 'NONE', #3643, #2450, #2528 ) ;
#2060 = CARTESIAN_POINT ( 'NONE',  ( -0.09645669291338584972, 0.02755905511811023584, -0.05511811023622045780 ) ) ;
#2061 = CARTESIAN_POINT ( 'NONE',  ( 0.04503320364223379474, 0.03611232829824652379, -0.07129419361062386273 ) ) ;
#2062 = CARTESIAN_POINT ( 'NONE',  ( -0.06702358600413851897, 0.04330708661417322081, -0.04326426005205387393 ) ) ;
#2063 = CARTESIAN_POINT ( 'NONE',  ( -0.09645669291338584972, 0.000000000000000000, -0.05511811023622045780 ) ) ;
#2064 = CARTESIAN_POINT ( 'NONE',  ( 0.08728965698918823846, 0.001968503937007873555, -0.02263779527559055260 ) ) ;
#2065 = ORIENTED_EDGE ( 'NONE', *, *, #6381, .F. ) ;
#2066 = EDGE_LOOP ( 'NONE', ( #627, #7302, #77, #4202 ) ) ;
#2067 = CARTESIAN_POINT ( 'NONE',  ( 0.1259842519685039353, -1.574803884209003054E-18, 0.06299212598425198151 ) ) ;
#2068 = DIRECTION ( 'NONE',  ( 0.000000000000000000, -1.000000000000000000, 0.000000000000000000 ) ) ;
#2069 = CARTESIAN_POINT ( 'NONE',  ( -0.06692913385826770867, 0.04330708661417322081, 0.04322513669223895794 ) ) ;
#2070 = AXIS2_PLACEMENT_3D ( 'NONE', #5564, #150, #4995 ) ;
#2071 = FILL_AREA_STYLE_COLOUR ( '', #3806 ) ;
#2072 = LINE ( 'NONE', #6398, #2128 ) ;
#2073 = CARTESIAN_POINT ( 'NONE',  ( -0.04490561068448199050, 0.04494917878645580261, 0.07098615696155628763 ) ) ;
#2074 = ORIENTED_EDGE ( 'NONE', *, *, #5242, .F. ) ;
#2075 = CARTESIAN_POINT ( 'NONE',  ( 0.07874015748031495954, 0.02755905511811023237, 0.04811742286199988117 ) ) ;
#2076 = ADVANCED_FACE ( 'NONE', ( #4803 ), #832, .T. ) ;
#2077 = ORIENTED_EDGE ( 'NONE', *, *, #4110, .T. ) ;
#2078 = AXIS2_PLACEMENT_3D ( 'NONE', #1822, #680, #6034 ) ;
#2079 = CARTESIAN_POINT ( 'NONE',  ( -0.1062992125984252023, 0.009280999427183432571, -0.06299212598425198151 ) ) ;
#2080 = CARTESIAN_POINT ( 'NONE',  ( -0.06835136691711399259, 0.04154684684385153565, 0.04381424491406846894 ) ) ;
#2081 = CARTESIAN_POINT ( 'NONE',  ( 0.04491104375890725420, 0.04493333741124216907, 0.07099927356351894148 ) ) ;
#2082 = VERTEX_POINT ( 'NONE', #5083 ) ;
#2083 = VERTEX_POINT ( 'NONE', #7492 ) ;
#2084 = CARTESIAN_POINT ( 'NONE',  ( 0.07741014721891273376, 0.03164152125807713489, 0.04868421925268055089 ) ) ;
#2085 = ADVANCED_FACE ( 'NONE', ( #7412 ), #1465, .F. ) ;
#2086 = VERTEX_POINT ( 'NONE', #2063 ) ;
#2087 = ADVANCED_FACE ( 'NONE', ( #5707, #282 ), #2679, .T. ) ;
#2088 = CARTESIAN_POINT ( 'NONE',  ( 0.09842519685039370636, 0.007874015748031495954, 0.01476377952755905665 ) ) ;
#2089 = PLANE ( 'NONE',  #7457 ) ;
#2090 = CARTESIAN_POINT ( 'NONE',  ( -0.07110237588509668583, 0.04473455728097473771, 0.04495375013881691695 ) ) ;
#2091 = ORIENTED_EDGE ( 'NONE', *, *, #4868, .T. ) ;
#2092 = DIRECTION ( 'NONE',  ( -1.000000000000000000, 0.000000000000000000, 0.000000000000000000 ) ) ;
#2093 = VERTEX_POINT ( 'NONE', #4521 ) ;
#2094 = CARTESIAN_POINT ( 'NONE',  ( 0.04639663789471763777, 0.03003382268297973001, 0.07458542502473743119 ) ) ;
#2095 = EDGE_CURVE ( 'NONE', #3017, #5346, #1384, .T. ) ;
#2096 = EDGE_CURVE ( 'NONE', #1255, #6537, #6812, .T. ) ;
#2097 = CARTESIAN_POINT ( 'NONE',  ( 0.05118110236220469594, 0.01181102362204724567, -0.1023622047244094613 ) ) ;
#2098 = CARTESIAN_POINT ( 'NONE',  ( 0.07006954814955136668, 0.04476932692331955788, 0.04595995108315492628 ) ) ;
#2099 = CARTESIAN_POINT ( 'NONE',  ( -0.09645669291338584972, 0.03149606299212598381, -0.05880887093013063144 ) ) ;
#2100 = CARTESIAN_POINT ( 'NONE',  ( -0.09842519685039370636, 0.005905511811023621965, 0.01476377952755905665 ) ) ;
#2101 = EDGE_CURVE ( 'NONE', #654, #4698, #2133, .T. ) ;
#2102 = VERTEX_POINT ( 'NONE', #165 ) ;
#2103 = ORIENTED_EDGE ( 'NONE', *, *, #6739, .F. ) ;
#2104 = LINE ( 'NONE', #2525, #5000 ) ;
#2105 = LINE ( 'NONE', #1469, #249 ) ;
#2106 = CARTESIAN_POINT ( 'NONE',  ( 0.06780420960569140398, 0.04724409448818895491, -0.04398719208720423823 ) ) ;
#2107 = DIRECTION ( 'NONE',  ( 1.000000000000000000, 0.000000000000000000, 0.000000000000000000 ) ) ;
#2108 = CARTESIAN_POINT ( 'NONE',  ( -0.09645669291338584972, 0.03149606299212598381, -0.04894237015283919856 ) ) ;
#2109 = CARTESIAN_POINT ( 'NONE',  ( -0.04594249379886580081, 0.04481996858434152131, 0.07004822375984247340 ) ) ;
#2110 = ORIENTED_EDGE ( 'NONE', *, *, #447, .F. ) ;
#2111 = ORIENTED_EDGE ( 'NONE', *, *, #1842, .F. ) ;
#2112 =( NAMED_UNIT ( * ) SI_UNIT ( $, .STERADIAN. ) SOLID_ANGLE_UNIT ( ) );
#2113 = CARTESIAN_POINT ( 'NONE',  ( 0.09842519685039370636, 0.005905511811023621965, 0.01476377952755905665 ) ) ;
#2114 = CARTESIAN_POINT ( 'NONE',  ( 0.04353832913269308630, 0.03432075690644036114, -0.07416106375100824100 ) ) ;
#2115 = CARTESIAN_POINT ( 'NONE',  ( 0.04573436257871815735, 0.03486103293681063614, 0.07644895272630074234 ) ) ;
#2116 = ORIENTED_EDGE ( 'NONE', *, *, #6394, .T. ) ;
#2117 = CARTESIAN_POINT ( 'NONE',  ( 0.07605478723426226106, 0.03371638490757854906, 0.04843911828608690046 ) ) ;
#2118 = VERTEX_POINT ( 'NONE', #5009 ) ;
#2119 = CARTESIAN_POINT ( 'NONE',  ( 0.09645669291338582196, 0.005905511811023621965, 0.01501381231061532304 ) ) ;
#2120 = CARTESIAN_POINT ( 'NONE',  ( 0.04350603470619383156, 0.04289462535336164423, -0.06759734944928642852 ) ) ;
#2121 =( BOUNDED_SURFACE ( )  B_SPLINE_SURFACE ( 3, 1, ( 
 ( #4805, #518 ),
 ( #4768, #7089 ),
 ( #7684, #7169 ),
 ( #6587, #3562 ),
 ( #5990, #558 ),
 ( #2251, #7803 ),
 ( #1775, #4201 ),
 ( #984, #2802 ),
 ( #3401, #5836 ),
 ( #406, #7649 ) ),
 .UNSPECIFIED., .F., .F., .F. ) 
 B_SPLINE_SURFACE_WITH_KNOTS ( ( 4, 3, 3, 4 ),
 ( 2, 2 ),
 ( 0.000000000000000000, 0.2470520139942820048, 0.9588246643342857034, 1.000000000000000000 ),
 ( 0.000000000000000000, 1.000000000000000000 ),
 .UNSPECIFIED. ) 
 GEOMETRIC_REPRESENTATION_ITEM ( )  RATIONAL_B_SPLINE_SURFACE ( (
 ( 1.000000000000000000, 1.000000000000000000),
 ( 0.9060799708944983211, 0.9060799708944983211),
 ( 0.9060799708944983211, 0.9060799708944983211),
 ( 1.000000000000000000, 1.000000000000000000),
 ( 1.000000000000000000, 1.000000000000000000),
 ( 1.000000000000000000, 1.000000000000000000),
 ( 1.000000000000000000, 1.000000000000000000),
 ( 0.9060799708944987652, 0.9060799708944987652),
 ( 0.9060799708944987652, 0.9060799708944987652),
 ( 1.000000000000000000, 1.000000000000000000) ) ) 
 REPRESENTATION_ITEM ( '' )  SURFACE ( )  );
#2122 = CIRCLE ( 'NONE', #102, 0.003937007874015747977 ) ;
#2123 = CARTESIAN_POINT ( 'NONE',  ( -0.07502173013612492558, 0.03562413162296511338, 0.04801121202533290000 ) ) ;
#2124 = ORIENTED_EDGE ( 'NONE', *, *, #2176, .T. ) ;
#2125 = DIRECTION ( 'NONE',  ( 0.000000000000000000, 0.000000000000000000, -1.000000000000000000 ) ) ;
#2126 = ORIENTED_EDGE ( 'NONE', *, *, #2415, .F. ) ;
#2127 = DIRECTION ( 'NONE',  ( 1.000000000000000000, 0.000000000000000000, 0.000000000000000000 ) ) ;
#2128 = VECTOR ( 'NONE', #2762, 39.37007874015748143 ) ;
#2129 = ADVANCED_FACE ( 'NONE', ( #4396 ), #4638, .F. ) ;
#2130 = DIRECTION ( 'NONE',  ( -0.000000000000000000, -1.000000000000000000, -0.000000000000000000 ) ) ;
#2131 = EDGE_CURVE ( 'NONE', #7554, #1, #5302, .T. ) ;
#2132 = AXIS2_PLACEMENT_3D ( 'NONE', #7536, #250, #7419 ) ;
#2133 = LINE ( 'NONE', #3953, #1733 ) ;
#2134 = DIRECTION ( 'NONE',  ( -1.000000000000000000, 0.000000000000000000, 0.000000000000000000 ) ) ;
#2135 = ORIENTED_EDGE ( 'NONE', *, *, #4642, .T. ) ;
#2136 = VECTOR ( 'NONE', #4877, 39.37007874015748143 ) ;
#2137 = EDGE_LOOP ( 'NONE', ( #2733, #6280, #1513, #2887, #3258, #1757, #1114, #6504 ) ) ;
#2138 = LINE ( 'NONE', #2794, #6261 ) ;
#2139 = CARTESIAN_POINT ( 'NONE',  ( -0.09842519685039370636, 0.01181102362204724567, -0.01870078740157483238 ) ) ;
#2140 = DIRECTION ( 'NONE',  ( -1.000000000000000000, 0.000000000000000000, 0.000000000000000000 ) ) ;
#2141 = EDGE_CURVE ( 'NONE', #2860, #6701, #2274, .T. ) ;
#2142 = AXIS2_PLACEMENT_3D ( 'NONE', #99, #2492, #1916 ) ;
#2143 = DIRECTION ( 'NONE',  ( 0.000000000000000000, 0.000000000000000000, 1.000000000000000000 ) ) ;
#2144 = CARTESIAN_POINT ( 'NONE',  ( 0.06741066546756556421, 0.04328404036758948248, -0.04333705737939762964 ) ) ;
#2145 = LINE ( 'NONE', #6978, #6936 ) ;
#2146 = CARTESIAN_POINT ( 'NONE',  ( -0.04556320007441673481, 0.03562413162296523134, 0.07603572988704589142 ) ) ;
#2147 = ORIENTED_EDGE ( 'NONE', *, *, #964, .T. ) ;
#2148 = CARTESIAN_POINT ( 'NONE',  ( 0.04639660822200680768, 0.03190852425293713018, -0.07804775513994734182 ) ) ;
#2149 = ORIENTED_EDGE ( 'NONE', *, *, #619, .F. ) ;
#2150 = CARTESIAN_POINT ( 'NONE',  ( 0.07703318077500230510, 0.03190958539275176586, 0.04884438215999991478 ) ) ;
#2151 = CARTESIAN_POINT ( 'NONE',  ( 0.09645669291338584972, 0.005905511811023621965, -0.02657480314960630058 ) ) ;
#2152 = VECTOR ( 'NONE', #7098, 39.37007874015748143 ) ;
#2153 = ADVANCED_FACE ( 'NONE', ( #1690 ), #505, .T. ) ;
#2154 = CARTESIAN_POINT ( 'NONE',  ( -0.07667462149314437092, 0.03257173687834651749, -0.04869586204253965184 ) ) ;
#2155 = CARTESIAN_POINT ( 'NONE',  ( 0.04711467675562566737, 0.03510043636827236968, 0.07631931423068934184 ) ) ;
#2156 = VERTEX_POINT ( 'NONE', #3351 ) ;
#2157 = CARTESIAN_POINT ( 'NONE',  ( 0.1259842519685039353, -1.574803884209003054E-18, -0.06299212598425198151 ) ) ;
#2158 = CIRCLE ( 'NONE', #2896, 0.003937007874015741038 ) ;
#2159 = ORIENTED_EDGE ( 'NONE', *, *, #2040, .T. ) ;
#2160 = CARTESIAN_POINT ( 'NONE',  ( 0.09645669291338584972, 0.000000000000000000, 0.05511811023622045780 ) ) ;
#2161 = CARTESIAN_POINT ( 'NONE',  ( 0.09750385054885093994, 0.006207141836632490070, 0.01481786912549926810 ) ) ;
#2162 = CARTESIAN_POINT ( 'NONE',  ( -0.09645669291338584972, 0.005905511811023621965, 0.02657480314960630058 ) ) ;
#2163 = CIRCLE ( 'NONE', #1406, 0.03937007874015747977 ) ;
#2164 = LINE ( 'NONE', #4550, #6127 ) ;
#2165 = EDGE_LOOP ( 'NONE', ( #1386, #1213, #3890, #409 ) ) ;
#2166 = CARTESIAN_POINT ( 'NONE',  ( -0.1164233781010027835, 0.006467032068879333823, -0.06299212598425198151 ) ) ;
#2167 = ORIENTED_EDGE ( 'NONE', *, *, #4418, .T. ) ;
#2168 = CARTESIAN_POINT ( 'NONE',  ( -0.06331663509238939780, 0.03149606299212598381, -0.08603106008497583834 ) ) ;
#2169 = AXIS2_PLACEMENT_3D ( 'NONE', #1782, #5543, #3683 ) ;
#2170 = EDGE_CURVE ( 'NONE', #4165, #1346, #2122, .T. ) ;
#2171 = DIRECTION ( 'NONE',  ( 0.7071067811865473507, 0.000000000000000000, -0.7071067811865475727 ) ) ;
#2172 = AXIS2_PLACEMENT_3D ( 'NONE', #3262, #1529, #3819 ) ;
#2173 = DIRECTION ( 'NONE',  ( 0.000000000000000000, 1.000000000000000000, 0.000000000000000000 ) ) ;
#2174 = CARTESIAN_POINT ( 'NONE',  ( 0.09842519685039370636, 0.007874015748031497688, 0.01870078740157480462 ) ) ;
#2175 = EDGE_LOOP ( 'NONE', ( #5110, #2692, #3069, #4127, #5128 ) ) ;
#2176 = EDGE_CURVE ( 'NONE', #1253, #490, #6437, .T. ) ;
#2177 = ORIENTED_EDGE ( 'NONE', *, *, #5560, .F. ) ;
#2178 = EDGE_CURVE ( 'NONE', #2083, #2691, #1726, .T. ) ;
#2179 = CIRCLE ( 'NONE', #2545, 0.009866500777291436347 ) ;
#2180 = CARTESIAN_POINT ( 'NONE',  ( -0.06808676039024524895, 0.04724409448818896184, -0.04330505414985540147 ) ) ;
#2181 = CARTESIAN_POINT ( 'NONE',  ( 0.09729849568922165071, 0.006081386410419145974, -0.01484201883532208777 ) ) ;
#2182 = CARTESIAN_POINT ( 'NONE',  ( 0.07129419354419597177, 0.03611232842091886830, -0.04503320361471846445 ) ) ;
#2183 = CARTESIAN_POINT ( 'NONE',  ( 0.06496062992125986590, 0.005905511811023621965, 0.02657480314960629711 ) ) ;
#2184 = LINE ( 'NONE', #5239, #2991 ) ;
#2185 = VECTOR ( 'NONE', #1339, 39.37007874015748143 ) ;
#2186 = AXIS2_PLACEMENT_3D ( 'NONE', #2248, #4723, #2994 ) ;
#2187 = DIRECTION ( 'NONE',  ( -1.000000000000000000, 0.000000000000000000, 0.000000000000000000 ) ) ;
#2188 = ORIENTED_EDGE ( 'NONE', *, *, #4120, .F. ) ;
#2189 = ORIENTED_EDGE ( 'NONE', *, *, #693, .T. ) ;
#2190 = ADVANCED_FACE ( 'NONE', ( #1057 ), #2788, .F. ) ;
#2191 = DIRECTION ( 'NONE',  ( 0.000000000000000000, 0.000000000000000000, 1.000000000000000000 ) ) ;
#2192 = CARTESIAN_POINT ( 'NONE',  ( 0.04596040819266720284, 0.04476728897891096848, -0.07007065170953673261 ) ) ;
#2193 = CARTESIAN_POINT ( 'NONE',  ( -0.07745567703864043863, 0.03300191498134700391, -0.04758537364245530449 ) ) ;
#2194 = CARTESIAN_POINT ( 'NONE',  ( 0.04514630795615641456, 0.04387607125905080424, 0.07156725157925832026 ) ) ;
#2195 = AXIS2_PLACEMENT_3D ( 'NONE', #295, #2694, #917 ) ;
#2196 = ORIENTED_EDGE ( 'NONE', *, *, #5906, .F. ) ;
#2197 = CARTESIAN_POINT ( 'NONE',  ( -0.1259842519685039353, 0.005905511811023618496, 0.06299212598425198151 ) ) ;
#2198 = ORIENTED_EDGE ( 'NONE', *, *, #6043, .T. ) ;
#2199 = ADVANCED_FACE ( 'NONE', ( #7041 ), #7078, .F. ) ;
#2200 = LINE ( 'NONE', #2934, #3784 ) ;
#2201 = CARTESIAN_POINT ( 'NONE',  ( -0.04355204064887158166, 0.04459054118528232163, -0.07118036152580110854 ) ) ;
#2202 = DIRECTION ( 'NONE',  ( 0.000000000000000000, 0.000000000000000000, -1.000000000000000000 ) ) ;
#2203 = FACE_OUTER_BOUND ( 'NONE', #4371, .T. ) ;
#2204 = DIRECTION ( 'NONE',  ( 0.000000000000000000, 0.000000000000000000, 1.000000000000000000 ) ) ;
#2205 = DIRECTION ( 'NONE',  ( -1.355252715606880789E-16, 0.000000000000000000, 1.000000000000000000 ) ) ;
#2206 = ORIENTED_EDGE ( 'NONE', *, *, #3829, .F. ) ;
#2207 = CARTESIAN_POINT ( 'NONE',  ( 0.09645669291338580809, 0.02559055118110236532, -0.05880887093013063144 ) ) ;
#2208 = CARTESIAN_POINT ( 'NONE',  ( 0.04843911828608701148, 0.03371638490757847967, -0.07605478723426221943 ) ) ;
#2209 = DIRECTION ( 'NONE',  ( -1.000000000000000000, 0.000000000000000000, 0.000000000000000000 ) ) ;
#2210 = ADVANCED_FACE ( 'NONE', ( #6502 ), #4104, .F. ) ;
#2211 = CARTESIAN_POINT ( 'NONE',  ( -0.04884462017292071079, 0.03190852425293715100, -0.07703375538902737518 ) ) ;
#2212 = CARTESIAN_POINT ( 'NONE',  ( 0.1023622047244094613, 0.005905511811023620231, -0.01476377952755905838 ) ) ;
#2213 = ORIENTED_EDGE ( 'NONE', *, *, #3908, .F. ) ;
#2214 = FILL_AREA_STYLE_COLOUR ( '', #5549 ) ;
#2215 = VERTEX_POINT ( 'NONE', #939 ) ;
#2216 = CYLINDRICAL_SURFACE ( 'NONE', #2569, 0.007874015748031497688 ) ;
#2217 = CARTESIAN_POINT ( 'NONE',  ( 0.07348851559904663600, 0.03206007351633483049, -0.04594212157005200803 ) ) ;
#2218 = CARTESIAN_POINT ( 'NONE',  ( 0.08728965698918823846, 0.005905511811023621965, -0.01870078740157480809 ) ) ;
#2219 = CARTESIAN_POINT ( 'NONE',  ( -0.07574008034511613141, 0.03617010768134482079, 0.04544073802443971549 ) ) ;
#2220 = CARTESIAN_POINT ( 'NONE',  ( 0.05511811023622047168, 0.000000000000000000, 0.09645669291338584972 ) ) ;
#2221 = ORIENTED_EDGE ( 'NONE', *, *, #3135, .T. ) ;
#2222 = ORIENTED_EDGE ( 'NONE', *, *, #2029, .T. ) ;
#2223 = CARTESIAN_POINT ( 'NONE',  ( 0.07006991600287977573, 0.04476864760851666236, 0.04596010345299235411 ) ) ;
#2224 = CARTESIAN_POINT ( 'NONE',  ( -0.1067728658505845696, 0.009582591198791106518, -0.06299212598425198151 ) ) ;
#2225 = EDGE_CURVE ( 'NONE', #5383, #3458, #7640, .T. ) ;
#2226 = DIRECTION ( 'NONE',  ( 0.000000000000000000, 0.000000000000000000, -1.000000000000000000 ) ) ;
#2227 = EDGE_CURVE ( 'NONE', #4891, #4948, #7796, .T. ) ;
#2228 = LINE ( 'NONE', #7691, #3535 ) ;
#2229 = VERTEX_POINT ( 'NONE', #3389 ) ;
#2230 = CARTESIAN_POINT ( 'NONE',  ( -0.06994293861179344540, 0.03860769112990099922, 0.04811742286199992280 ) ) ;
#2231 = ORIENTED_EDGE ( 'NONE', *, *, #3333, .F. ) ;
#2232 = CARTESIAN_POINT ( 'NONE',  ( -0.06990550619951946265, 0.04516878112890138075, -0.04581808871517450282 ) ) ;
#2233 = CARTESIAN_POINT ( 'NONE',  ( -0.04801121202533283755, 0.03562413162296523134, -0.07502173013612485619 ) ) ;
#2234 = DIRECTION ( 'NONE',  ( -1.000000000000000000, 0.000000000000000000, -2.282530889443167515E-16 ) ) ;
#2235 = CARTESIAN_POINT ( 'NONE',  ( -0.07677165354330711677, 0.005905511811023621965, -0.02263779527559056301 ) ) ;
#2236 = ADVANCED_FACE ( 'NONE', ( #1092 ), #2861, .T. ) ;
#2237 = DIRECTION ( 'NONE',  ( 0.7071067811865472397, 0.000000000000000000, -0.7071067811865476838 ) ) ;
#2238 = ORIENTED_EDGE ( 'NONE', *, *, #781, .F. ) ;
#2239 = FACE_OUTER_BOUND ( 'NONE', #6449, .T. ) ;
#2240 = AXIS2_PLACEMENT_3D ( 'NONE', #2242, #1014, #6422 ) ;
#2241 = CARTESIAN_POINT ( 'NONE',  ( -0.07874015748031494566, 0.02755905511811023237, 0.04811742286199992280 ) ) ;
#2242 = CARTESIAN_POINT ( 'NONE',  ( 0.1023622047244094613, 0.03149606299212598381, 0.04894237015283921244 ) ) ;
#2243 = VECTOR ( 'NONE', #4360, 39.37007874015748143 ) ;
#2244 = EDGE_LOOP ( 'NONE', ( #3533, #6540, #7450, #1894 ) ) ;
#2245 = CARTESIAN_POINT ( 'NONE',  ( -0.04025537035627915067, 0.04289462535336164423, -0.07087810497459411108 ) ) ;
#2246 = CARTESIAN_POINT ( 'NONE',  ( -0.06692913385826770867, 0.04724409448818898266, -0.04322513669223893018 ) ) ;
#2247 = AXIS2_PLACEMENT_3D ( 'NONE', #6393, #7828, #4790 ) ;
#2248 = CARTESIAN_POINT ( 'NONE',  ( 0.06584623711124469592, 0.02755905511811023584, 0.09645669291338582196 ) ) ;
#2249 = CARTESIAN_POINT ( 'NONE',  ( 0.04745201633873354086, 0.02782422051078543845, -0.07712063192260104616 ) ) ;
#2250 = CARTESIAN_POINT ( 'NONE',  ( 0.06889763779527559306, 0.01574803149606299191, -0.06299212598425198151 ) ) ;
#2251 = CARTESIAN_POINT ( 'NONE',  ( -0.04598634108360954986, 0.03619545847639819847, 0.07660907570192466987 ) ) ;
#2252 = VERTEX_POINT ( 'NONE', #2316 ) ;
#2253 = DIRECTION ( 'NONE',  ( 0.000000000000000000, 0.000000000000000000, -1.000000000000000000 ) ) ;
#2254 = ADVANCED_FACE ( 'NONE', ( #5823 ), #4757, .F. ) ;
#2255 = DIRECTION ( 'NONE',  ( 0.000000000000000000, 1.000000000000000000, 0.000000000000000000 ) ) ;
#2256 = ORIENTED_EDGE ( 'NONE', *, *, #4217, .T. ) ;
#2257 = LINE ( 'NONE', #2734, #7086 ) ;
#2258 = VECTOR ( 'NONE', #6171, 39.37007874015748143 ) ;
#2259 = ORIENTED_EDGE ( 'NONE', *, *, #6210, .F. ) ;
#2260 = CARTESIAN_POINT ( 'NONE',  ( -0.04025537035627906046, 0.04289462535336164423, 0.07087810497459418047 ) ) ;
#2261 = EDGE_CURVE ( 'NONE', #6441, #4456, #2950, .T. ) ;
#2262 = EDGE_CURVE ( 'NONE', #5208, #7135, #7243, .T. ) ;
#2263 = DIRECTION ( 'NONE',  ( -2.282530889443167515E-16, 0.000000000000000000, 1.000000000000000000 ) ) ;
#2264 = CIRCLE ( 'NONE', #4043, 0.003937007874015741038 ) ;
#2265 = CARTESIAN_POINT ( 'NONE',  ( -0.07667462149314438480, 0.03257173687834659381, 0.04869586204253961020 ) ) ;
#2266 = ORIENTED_EDGE ( 'NONE', *, *, #2571, .T. ) ;
#2267 = CARTESIAN_POINT ( 'NONE',  ( 0.05511811023622046474, 0.03149606299212598381, 0.1023622047244094613 ) ) ;
#2268 = ORIENTED_EDGE ( 'NONE', *, *, #4530, .T. ) ;
#2269 = DIRECTION ( 'NONE',  ( -0.5370986485132710486, -0.8435194376925865267, -0.000000000000000000 ) ) ;
#2270 = CARTESIAN_POINT ( 'NONE',  ( 0.04715539950382380274, 0.03943962505373849181, -0.07295561593985107340 ) ) ;
#2271 = EDGE_CURVE ( 'NONE', #4552, #2701, #6309, .T. ) ;
#2272 = VECTOR ( 'NONE', #6372, 39.37007874015748143 ) ;
#2273 = FACE_OUTER_BOUND ( 'NONE', #3613, .T. ) ;
#2274 = LINE ( 'NONE', #4676, #2738 ) ;
#2275 = CARTESIAN_POINT ( 'NONE',  ( -0.04355204064887151921, 0.04459054118528231470, 0.07118036152580112241 ) ) ;
#2276 = DIRECTION ( 'NONE',  ( 0.000000000000000000, 0.000000000000000000, -1.000000000000000000 ) ) ;
#2277 = AXIS2_PLACEMENT_3D ( 'NONE', #1743, #5248, #2882 ) ;
#2278 = CARTESIAN_POINT ( 'NONE',  ( -0.07036709519942262181, 0.04576048623853574970, 0.04346247515747790613 ) ) ;
#2279 = VERTEX_POINT ( 'NONE', #5494 ) ;
#2280 = EDGE_LOOP ( 'NONE', ( #2652, #2001, #7226, #3392, #6125, #3048 ) ) ;
#2281 = CARTESIAN_POINT ( 'NONE',  ( -0.07416106375100824100, 0.03432075690644036114, -0.04353832913269305854 ) ) ;
#2282 = ADVANCED_FACE ( 'NONE', ( #7321 ), #6660, .T. ) ;
#2283 = CARTESIAN_POINT ( 'NONE',  ( -0.09645669291338584972, 0.000000000000000000, 0.05511811023622045780 ) ) ;
#2284 = TOROIDAL_SURFACE ( 'NONE', #5721, 0.03740157480314960925, 0.001968503937007873988 ) ;
#2285 = CYLINDRICAL_SURFACE ( 'NONE', #4855, 0.003937007874015745375 ) ;
#2286 = CARTESIAN_POINT ( 'NONE',  ( 0.1062992125984252023, 0.009280999427183432571, -0.08267716535433072833 ) ) ;
#2287 = CARTESIAN_POINT ( 'NONE',  ( -0.07804689321891125631, 0.03191011596265880962, 0.04639625120262250157 ) ) ;
#2288 = CARTESIAN_POINT ( 'NONE',  ( 0.06692913385826772255, 0.04330708661417322081, -0.04811742286199995056 ) ) ;
#2289 = ORIENTED_EDGE ( 'NONE', *, *, #5975, .T. ) ;
#2290 = AXIS2_PLACEMENT_3D ( 'NONE', #44, #7292, #1857 ) ;
#2291 = ORIENTED_EDGE ( 'NONE', *, *, #4316, .F. ) ;
#2292 = FACE_BOUND ( 'NONE', #2933, .T. ) ;
#2293 = CARTESIAN_POINT ( 'NONE',  ( 0.04646830765127144686, 0.04250290630268870745, -0.07129682947082106870 ) ) ;
#2294 = CARTESIAN_POINT ( 'NONE',  ( 0.000000000000000000, 0.04724409448818898266, 0.000000000000000000 ) ) ;
#2295 = VECTOR ( 'NONE', #2597, 39.37007874015748143 ) ;
#2296 = CARTESIAN_POINT ( 'NONE',  ( -0.07820048377683187779, 0.03164152125807748878, -0.04677617801571291867 ) ) ;
#2297 = CARTESIAN_POINT ( 'NONE',  ( -0.1164233781010027835, 0.006467032068879333823, 0.08267716535433072833 ) ) ;
#2298 = EDGE_CURVE ( 'NONE', #7775, #134, #1764, .T. ) ;
#2299 = ORIENTED_EDGE ( 'NONE', *, *, #6359, .T. ) ;
#2300 = DIRECTION ( 'NONE',  ( 0.000000000000000000, 0.000000000000000000, 1.000000000000000000 ) ) ;
#2301 = VERTEX_POINT ( 'NONE', #3551 ) ;
#2302 = VECTOR ( 'NONE', #404, 39.37007874015748143 ) ;
#2303 = CARTESIAN_POINT ( 'NONE',  ( -0.04350920467577162887, 0.04481996858434136172, -0.07105612511580311486 ) ) ;
#2304 = PLANE ( 'NONE',  #620 ) ;
#2305 = CARTESIAN_POINT ( 'NONE',  ( -0.1259842519685039353, -1.574803884209003054E-18, 0.06299212598425198151 ) ) ;
#2306 = ORIENTED_EDGE ( 'NONE', *, *, #13, .F. ) ;
#2307 = ORIENTED_EDGE ( 'NONE', *, *, #317, .T. ) ;
#2308 = ADVANCED_FACE ( 'NONE', ( #7832 ), #1212, .F. ) ;
#2309 = ORIENTED_EDGE ( 'NONE', *, *, #7707, .T. ) ;
#2310 = CYLINDRICAL_SURFACE ( 'NONE', #3669, 0.001968503937007879193 ) ;
#2311 = B_SPLINE_CURVE_WITH_KNOTS ( 'NONE', 3,
 ( #6427, #7787, #4835, #1760, #2181, #7748, #980, #3356, #3591, #3958, #2313, #4185, #5789, #4752, #6615, #7154 ),
 .UNSPECIFIED., .F., .F.,
 ( 4, 3, 3, 3, 3, 4 ),
 ( 0.000000000000000000, 1.674721116170030532E-05, 3.351701158524710944E-05, 5.000933852826160435E-05, 6.661034559136828122E-05, 7.862255880489537577E-05 ),
 .UNSPECIFIED. ) ;
#2312 = AXIS2_PLACEMENT_3D ( 'NONE', #473, #4526, #6934 ) ;
#2313 = CARTESIAN_POINT ( 'NONE',  ( 0.09822616277132303897, 0.006984387421492932457, -0.01476539959301803769 ) ) ;
#2314 = CARTESIAN_POINT ( 'NONE',  ( 0.05511811023622047168, 0.000000000000000000, -0.09645669291338584972 ) ) ;
#2315 = EDGE_CURVE ( 'NONE', #1483, #498, #546, .T. ) ;
#2316 = CARTESIAN_POINT ( 'NONE',  ( -0.09645669291338584972, 0.02755905511811023584, -0.05511811023622045780 ) ) ;
#2317 = EDGE_CURVE ( 'NONE', #3878, #755, #5379, .T. ) ;
#2318 = VERTEX_POINT ( 'NONE', #113 ) ;
#2319 = CARTESIAN_POINT ( 'NONE',  ( 0.04468073709386009146, 0.04678773088230655380, 0.06858806478017524799 ) ) ;
#2320 = CARTESIAN_POINT ( 'NONE',  ( 0.04346451389533691201, 0.04573217900884798265, -0.07049932299836615679 ) ) ;
#2321 = ORIENTED_EDGE ( 'NONE', *, *, #2058, .F. ) ;
#2322 = LINE ( 'NONE', #5078, #3139 ) ;
#2323 = ORIENTED_EDGE ( 'NONE', *, *, #2415, .T. ) ;
#2324 = FACE_OUTER_BOUND ( 'NONE', #6775, .T. ) ;
#2325 = CARTESIAN_POINT ( 'NONE',  ( 0.07812299157344640421, 0.03178803361643564585, 0.04658627507408191065 ) ) ;
#2326 = DIRECTION ( 'NONE',  ( 0.000000000000000000, -1.000000000000000000, 0.000000000000000000 ) ) ;
#2327 = DIRECTION ( 'NONE',  ( -0.000000000000000000, -1.000000000000000000, -0.000000000000000000 ) ) ;
#2328 = CARTESIAN_POINT ( 'NONE',  ( 0.08659019213609440990, 0.03149606299212598381, 0.06275750304127082624 ) ) ;
#2329 = EDGE_CURVE ( 'NONE', #7135, #4784, #7792, .T. ) ;
#2330 = FACE_OUTER_BOUND ( 'NONE', #6548, .T. ) ;
#2331 = ORIENTED_EDGE ( 'NONE', *, *, #3040, .F. ) ;
#2332 = ORIENTED_EDGE ( 'NONE', *, *, #2560, .T. ) ;
#2333 = DIRECTION ( 'NONE',  ( 0.000000000000000000, -1.000000000000000000, 0.000000000000000000 ) ) ;
#2334 = DIRECTION ( 'NONE',  ( -0.000000000000000000, -3.614007241618363562E-16, -1.000000000000000000 ) ) ;
#2335 = PLANE ( 'NONE',  #1537 ) ;
#2336 = LINE ( 'NONE', #450, #2031 ) ;
#2337 = ORIENTED_EDGE ( 'NONE', *, *, #2443, .F. ) ;
#2338 = LINE ( 'NONE', #6039, #4580 ) ;
#2339 = ORIENTED_EDGE ( 'NONE', *, *, #4460, .F. ) ;
#2340 = FACE_OUTER_BOUND ( 'NONE', #3510, .T. ) ;
#2341 = CARTESIAN_POINT ( 'NONE',  ( -0.04470738755290774857, 0.03943962505373813099, -0.07396961569077169230 ) ) ;
#2342 = CARTESIAN_POINT ( 'NONE',  ( 0.04681164834294978400, 0.02874278477831681070, 0.07558313591465187775 ) ) ;
#2343 = DIRECTION ( 'NONE',  ( -1.000000000000000000, 0.000000000000000000, 0.000000000000000000 ) ) ;
#2344 = EDGE_LOOP ( 'NONE', ( #4478, #6731, #4678, #7282 ) ) ;
#2345 = DIRECTION ( 'NONE',  ( 5.706327223607917555E-17, -1.000000000000000000, 0.000000000000000000 ) ) ;
#2346 = EDGE_LOOP ( 'NONE', ( #1596, #4719, #2374, #3065 ) ) ;
#2347 = CARTESIAN_POINT ( 'NONE',  ( 0.07010179570624650025, 0.04470977535499396499, 0.04597330845849088160 ) ) ;
#2348 =( NAMED_UNIT ( * ) SI_UNIT ( $, .STERADIAN. ) SOLID_ANGLE_UNIT ( ) );
#2349 = CARTESIAN_POINT ( 'NONE',  ( -0.09842519685039370636, 0.007874015748031497688, 0.01870078740157480462 ) ) ;
#2350 = ORIENTED_EDGE ( 'NONE', *, *, #2710, .F. ) ;
#2351 = LINE ( 'NONE', #6578, #4919 ) ;
#2352 = ORIENTED_EDGE ( 'NONE', *, *, #6453, .F. ) ;
#2353 = CARTESIAN_POINT ( 'NONE',  ( -0.06889763779527559306, 0.01574803149606299191, 0.06299212598425198151 ) ) ;
#2354 = VERTEX_POINT ( 'NONE', #1174 ) ;
#2355 = VERTEX_POINT ( 'NONE', #3594 ) ;
#2356 = CARTESIAN_POINT ( 'NONE',  ( 0.07823471189781476542, 0.03167447331375805586, 0.04686396946803476210 ) ) ;
#2357 = EDGE_CURVE ( 'NONE', #3175, #3087, #2506, .T. ) ;
#2358 = EDGE_CURVE ( 'NONE', #274, #1820, #2351, .T. ) ;
#2359 = CARTESIAN_POINT ( 'NONE',  ( 0.04373591931977705710, 0.04724409448818897572, -0.06751567060154227418 ) ) ;
#2360 = AXIS2_PLACEMENT_3D ( 'NONE', #7157, #6387, #5186 ) ;
#2361 = DIRECTION ( 'NONE',  ( -1.000000000000000000, 0.000000000000000000, 0.000000000000000000 ) ) ;
#2362 = CARTESIAN_POINT ( 'NONE',  ( 0.07272994717300691747, 0.04172892111220229128, -0.04419390004000277317 ) ) ;
#2363 = DIRECTION ( 'NONE',  ( 0.000000000000000000, 0.000000000000000000, 1.000000000000000000 ) ) ;
#2364 = ORIENTED_EDGE ( 'NONE', *, *, #3787, .T. ) ;
#2365 = LINE ( 'NONE', #4771, #7641 ) ;
#2366 = CIRCLE ( 'NONE', #6440, 0.003937007874015760987 ) ;
#2367 = CARTESIAN_POINT ( 'NONE',  ( 0.04647759112099116713, 0.02966181850492179140, -0.07478964346887259640 ) ) ;
#2368 = EDGE_CURVE ( 'NONE', #4792, #7822, #1848, .T. ) ;
#2369 = CARTESIAN_POINT ( 'NONE',  ( -0.07874015748031494566, 0.03149606299212598381, -0.04811742286199990892 ) ) ;
#2370 = LINE ( 'NONE', #4815, #6086 ) ;
#2371 = CIRCLE ( 'NONE', #4417, 0.009866500777291436347 ) ;
#2372 = ORIENTED_EDGE ( 'NONE', *, *, #6541, .F. ) ;
#2373 = CARTESIAN_POINT ( 'NONE',  ( 0.04322513669223892324, 0.04724409448818898266, 0.06692913385826773642 ) ) ;
#2374 = ORIENTED_EDGE ( 'NONE', *, *, #2141, .T. ) ;
#2375 = LINE ( 'NONE', #3797, #4409 ) ;
#2376 = AXIS2_PLACEMENT_3D ( 'NONE', #5412, #7239, #5191 ) ;
#2377 = CARTESIAN_POINT ( 'NONE',  ( 0.04811742286199988811, 0.03149606299212598381, 0.07874015748031495954 ) ) ;
#2378 = CARTESIAN_POINT ( 'NONE',  ( -0.04811742286199997137, 0.03149606299212598381, -0.07874015748031491790 ) ) ;
#2379 = ADVANCED_FACE ( 'NONE', ( #4837 ), #1251, .F. ) ;
#2380 = DIRECTION ( 'NONE',  ( 0.000000000000000000, 0.000000000000000000, 1.000000000000000000 ) ) ;
#2381 = CARTESIAN_POINT ( 'NONE',  ( 0.07677165354330711677, 0.001968503937007873555, 0.01870078740157480116 ) ) ;
#2382 = VECTOR ( 'NONE', #4064, 39.37007874015748143 ) ;
#2383 = ORIENTED_EDGE ( 'NONE', *, *, #3817, .T. ) ;
#2384 = CARTESIAN_POINT ( 'NONE',  ( -0.09842519685039370636, 0.007874015748031495954, -0.01476377952755905838 ) ) ;
#2385 = ORIENTED_EDGE ( 'NONE', *, *, #722, .F. ) ;
#2386 = CARTESIAN_POINT ( 'NONE',  ( 0.07156725157925844516, 0.04387607125905076261, 0.04514630795615643538 ) ) ;
#2387 = DIRECTION ( 'NONE',  ( 0.000000000000000000, 0.000000000000000000, 1.000000000000000000 ) ) ;
#2388 = CARTESIAN_POINT ( 'NONE',  ( 0.09842519685039370636, 0.03149606299212598381, -0.04894237015283919856 ) ) ;
#2389 = VECTOR ( 'NONE', #3534, 39.37007874015748143 ) ;
#2390 = CLOSED_SHELL ( 'NONE', ( #4912, #6360, #5824, #3735, #1137, #7415, #4013, #684, #454, #5964, #7563, #2282, #3838, #1927 ) ) ;
#2391 = CARTESIAN_POINT ( 'NONE',  ( -0.04811742286199997137, 0.04048239269985884348, -0.07340495031363095113 ) ) ;
#2392 = ORIENTED_EDGE ( 'NONE', *, *, #266, .F. ) ;
#2393 = CYLINDRICAL_SURFACE ( 'NONE', #2000, 0.04055118110236220763 ) ;
#2394 = VERTEX_POINT ( 'NONE', #4881 ) ;
#2395 = CARTESIAN_POINT ( 'NONE',  ( -0.1159497248488431664, 0.006165440297272224528, -0.06299212598425198151 ) ) ;
#2396 = ADVANCED_FACE ( 'NONE', ( #7283 ), #5415, .F. ) ;
#2397 = ORIENTED_EDGE ( 'NONE', *, *, #5108, .T. ) ;
#2398 = SURFACE_STYLE_FILL_AREA ( #2955 ) ;
#2399 = AXIS2_PLACEMENT_3D ( 'NONE', #2856, #6532, #6452 ) ;
#2400 = ORIENTED_EDGE ( 'NONE', *, *, #869, .F. ) ;
#2401 = CARTESIAN_POINT ( 'NONE',  ( 0.04811742286199987423, 0.03149606299212598381, -0.07874015748031502893 ) ) ;
#2402 = CARTESIAN_POINT ( 'NONE',  ( -0.04322513669223893018, 0.04724409448818898266, 0.06692913385826773642 ) ) ;
#2403 = AXIS2_PLACEMENT_3D ( 'NONE', #383, #4018, #3790 ) ;
#2404 = CARTESIAN_POINT ( 'NONE',  ( 0.1067728658505845696, 0.009582591198791106518, 0.06299212598425198151 ) ) ;
#2405 = CARTESIAN_POINT ( 'NONE',  ( 0.07010179570624648637, 0.04470977535499398581, -0.04597330845849090936 ) ) ;
#2406 = ADVANCED_FACE ( 'NONE', ( #4959 ), #2393, .F. ) ;
#2407 = EDGE_CURVE ( 'NONE', #5416, #6214, #1294, .T. ) ;
#2408 = ORIENTED_EDGE ( 'NONE', *, *, #825, .T. ) ;
#2409 = VERTEX_POINT ( 'NONE', #7525 ) ;
#2410 = LINE ( 'NONE', #1187, #5486 ) ;
#2411 = CARTESIAN_POINT ( 'NONE',  ( -0.06496062992125986590, 0.005905511811023621965, -0.02657480314960630405 ) ) ;
#2412 = CARTESIAN_POINT ( 'NONE',  ( 0.09842519685039370636, 0.01574803149606299191, 0.04500536227882346446 ) ) ;
#2413 = VECTOR ( 'NONE', #7510, 39.37007874015748143 ) ;
#2414 = CARTESIAN_POINT ( 'NONE',  ( -0.07823438622287197386, 0.03167476049757079332, -0.04686313822163733211 ) ) ;
#2415 = EDGE_CURVE ( 'NONE', #2990, #5992, #6009, .T. ) ;
#2416 = EDGE_CURVE ( 'NONE', #5918, #5750, #5111, .T. ) ;
#2417 = ORIENTED_EDGE ( 'NONE', *, *, #5691, .T. ) ;
#2418 = CARTESIAN_POINT ( 'NONE',  ( 0.04347648191620578917, 0.04553864599600482982, 0.07056394466960261291 ) ) ;
#2419 = ORIENTED_EDGE ( 'NONE', *, *, #7304, .T. ) ;
#2420 = CARTESIAN_POINT ( 'NONE',  ( 0.04881071499967091359, 0.03184908509143905692, 0.07711317941251692731 ) ) ;
#2421 = CARTESIAN_POINT ( 'NONE',  ( -0.04811742286199997137, 0.03149606299212598381, -0.07874015748031494566 ) ) ;
#2422 = VECTOR ( 'NONE', #1706, 39.37007874015748143 ) ;
#2423 = DIRECTION ( 'NONE',  ( 0.000000000000000000, 0.000000000000000000, 1.000000000000000000 ) ) ;
#2424 = CARTESIAN_POINT ( 'NONE',  ( -0.06912003441783215463, 0.04689584721416573815, -0.04413263741782148808 ) ) ;
#2425 = DIRECTION ( 'NONE',  ( 1.000000000000000000, 0.000000000000000000, -0.000000000000000000 ) ) ;
#2426 = ORIENTED_EDGE ( 'NONE', *, *, #6294, .F. ) ;
#2427 = EDGE_CURVE ( 'NONE', #6836, #6142, #7438, .T. ) ;
#2428 = CIRCLE ( 'NONE', #4206, 0.0005615202578557803789 ) ;
#2429 = VERTEX_POINT ( 'NONE', #2552 ) ;
#2430 = CARTESIAN_POINT ( 'NONE',  ( 0.07029176698497072162, 0.04586810874880789535, 0.04461798493860437420 ) ) ;
#2431 = CARTESIAN_POINT ( 'NONE',  ( -0.09100150360959005646, 0.005905511811023621965, 0.02001312335958005048 ) ) ;
#2432 = AXIS2_PLACEMENT_3D ( 'NONE', #4056, #7107, #7781 ) ;
#2433 = CARTESIAN_POINT ( 'NONE',  ( 0.05511811023622047861, 0.02755905511811023584, -0.09645669291338584972 ) ) ;
#2434 = DIRECTION ( 'NONE',  ( 0.000000000000000000, 0.000000000000000000, 1.000000000000000000 ) ) ;
#2435 = ORIENTED_EDGE ( 'NONE', *, *, #3549, .F. ) ;
#2436 = CARTESIAN_POINT ( 'NONE',  ( 0.04811742286199990892, 0.03149606299212598381, -0.07874015748031495954 ) ) ;
#2437 = ORIENTED_EDGE ( 'NONE', *, *, #6774, .F. ) ;
#2438 = STYLED_ITEM ( 'NONE', ( #7344 ), #6987 ) ;
#2439 = VERTEX_POINT ( 'NONE', #5035 ) ;
#2440 = CARTESIAN_POINT ( 'NONE',  ( -0.09711650256036326312, 0.006007148072763298340, -0.01487041229285757972 ) ) ;
#2441 = CARTESIAN_POINT ( 'NONE',  ( 0.04790776944891192435, 0.03149606299212599075, -0.07853050406722711374 ) ) ;
#2442 =( BOUNDED_SURFACE ( )  B_SPLINE_SURFACE ( 3, 1, ( 
 ( #6177, #2707 ),
 ( #4514, #6923 ),
 ( #5566, #3225 ),
 ( #3266, #1493 ),
 ( #5610, #2630 ),
 ( #4387, #1375 ),
 ( #1456, #3865 ),
 ( #275, #1931 ),
 ( #4350, #6772 ),
 ( #4021, #1639 ) ),
 .UNSPECIFIED., .F., .F., .F. ) 
 B_SPLINE_SURFACE_WITH_KNOTS ( ( 4, 3, 3, 4 ),
 ( 2, 2 ),
 ( 0.000000000000000000, 0.2470520139942820048, 0.9588246643342857034, 1.000000000000000000 ),
 ( 0.000000000000000000, 1.000000000000000000 ),
 .UNSPECIFIED. ) 
 GEOMETRIC_REPRESENTATION_ITEM ( )  RATIONAL_B_SPLINE_SURFACE ( (
 ( 1.000000000000000000, 1.000000000000000000),
 ( 0.9060799708944983211, 0.9060799708944983211),
 ( 0.9060799708944983211, 0.9060799708944983211),
 ( 1.000000000000000000, 1.000000000000000000),
 ( 1.000000000000000000, 1.000000000000000000),
 ( 1.000000000000000000, 1.000000000000000000),
 ( 1.000000000000000000, 1.000000000000000000),
 ( 0.9060799708944987652, 0.9060799708944987652),
 ( 0.9060799708944987652, 0.9060799708944987652),
 ( 1.000000000000000000, 1.000000000000000000) ) ) 
 REPRESENTATION_ITEM ( '' )  SURFACE ( )  );
#2443 = EDGE_CURVE ( 'NONE', #2215, #2082, #233, .T. ) ;
#2444 = LINE ( 'NONE', #1304, #4336 ) ;
#2445 = CARTESIAN_POINT ( 'NONE',  ( -0.06786764823645052847, 0.04245713312723581323, -0.04361388207615869012 ) ) ;
#2446 = CARTESIAN_POINT ( 'NONE',  ( 0.07098615696155624599, 0.04494917878645578874, -0.04490561068448205989 ) ) ;
#2447 = CARTESIAN_POINT ( 'NONE',  ( 0.08659019213609440990, 0.03149606299212598381, 0.05880887093013065225 ) ) ;
#2448 = ORIENTED_EDGE ( 'NONE', *, *, #1834, .T. ) ;
#2449 = CARTESIAN_POINT ( 'NONE',  ( -0.04468073709405356170, 0.04678773088215646553, -0.06858806478039114474 ) ) ;
#2450 = DIRECTION ( 'NONE',  ( 0.000000000000000000, -1.000000000000000000, 0.000000000000000000 ) ) ;
#2451 = DIRECTION ( 'NONE',  ( -0.7071067811865471286, 0.000000000000000000, -0.7071067811865479058 ) ) ;
#2452 = CARTESIAN_POINT ( 'NONE',  ( 0.1023622047244094613, 0.01574803149606299191, 0.04500536227882346446 ) ) ;
#2453 = VERTEX_POINT ( 'NONE', #6297 ) ;
#2454 = CARTESIAN_POINT ( 'NONE',  ( 0.04348873897158718471, 0.04531652898059203294, 0.07073673624090198730 ) ) ;
#2455 = ORIENTED_EDGE ( 'NONE', *, *, #3787, .F. ) ;
#2456 = CARTESIAN_POINT ( 'NONE',  ( 0.07496759631371764654, 0.04048239269985884348, 0.04434486169540254041 ) ) ;
#2457 = EDGE_CURVE ( 'NONE', #6270, #550, #6339, .T. ) ;
#2458 = EDGE_CURVE ( 'NONE', #246, #7395, #1335, .T. ) ;
#2459 = CARTESIAN_POINT ( 'NONE',  ( 0.09842519685039370636, 0.01181102362204724567, 0.04500536227882344364 ) ) ;
#2460 = CARTESIAN_POINT ( 'NONE',  ( 0.04322513669223892324, 0.04724409448818895491, 0.06692913385826773642 ) ) ;
#2461 = ORIENTED_EDGE ( 'NONE', *, *, #2368, .F. ) ;
#2462 = CARTESIAN_POINT ( 'NONE',  ( 0.06877425771313816494, 0.04676143729944512439, 0.04483195213017258929 ) ) ;
#2463 = SURFACE_STYLE_FILL_AREA ( #615 ) ;
#2464 = CARTESIAN_POINT ( 'NONE',  ( -0.04595995108315487077, 0.04476932692331955788, 0.07006954814955140831 ) ) ;
#2465 = CARTESIAN_POINT ( 'NONE',  ( 0.1164233781010027835, 0.005905511811023620231, -0.08267716535433072833 ) ) ;
#2466 = EDGE_CURVE ( 'NONE', #3687, #1748, #5650, .T. ) ;
#2467 = ORIENTED_EDGE ( 'NONE', *, *, #5868, .T. ) ;
#2468 = CARTESIAN_POINT ( 'NONE',  ( 0.000000000000000000, 0.04330708661417323468, 0.000000000000000000 ) ) ;
#2469 = ORIENTED_EDGE ( 'NONE', *, *, #7212, .F. ) ;
#2470 = LINE ( 'NONE', #4917, #6592 ) ;
#2471 = ORIENTED_EDGE ( 'NONE', *, *, #1781, .T. ) ;
#2472 = ORIENTED_EDGE ( 'NONE', *, *, #7213, .T. ) ;
#2473 = CARTESIAN_POINT ( 'NONE',  ( -0.09750385054885093994, 0.006207141836632490070, -0.01481786912549926810 ) ) ;
#2474 = DIRECTION ( 'NONE',  ( 0.000000000000000000, 1.000000000000000000, 0.000000000000000000 ) ) ;
#2475 = DIRECTION ( 'NONE',  ( 0.000000000000000000, 0.000000000000000000, -1.000000000000000000 ) ) ;
#2476 = LINE ( 'NONE', #7411, #6988 ) ;
#2477 = CARTESIAN_POINT ( 'NONE',  ( 0.06798915995706542037, 0.04724456730649806424, -0.04366421387882900990 ) ) ;
#2478 = VERTEX_POINT ( 'NONE', #2671 ) ;
#2479 = ORIENTED_EDGE ( 'NONE', *, *, #4421, .F. ) ;
#2480 = DIRECTION ( 'NONE',  ( -1.000000000000000000, 2.707733616970879528E-18, 0.000000000000000000 ) ) ;
#2481 = VECTOR ( 'NONE', #1195, 39.37007874015748143 ) ;
#2482 = DIRECTION ( 'NONE',  ( 0.000000000000000000, 0.000000000000000000, 1.000000000000000000 ) ) ;
#2483 = AXIS2_PLACEMENT_3D ( 'NONE', #3186, #1416, #1968 ) ;
#2484 = LINE ( 'NONE', #682, #3554 ) ;
#2485 = CARTESIAN_POINT ( 'NONE',  ( 0.09842519685039370636, 0.001968503937007873555, -0.01476377952755905665 ) ) ;
#2486 = ORIENTED_EDGE ( 'NONE', *, *, #3085, .T. ) ;
#2487 = CARTESIAN_POINT ( 'NONE',  ( -0.09842519685039370636, 0.01574803149606299191, -0.04500536227882345752 ) ) ;
#2488 = AXIS2_PLACEMENT_3D ( 'NONE', #2267, #7110, #6491 ) ;
#2489 = ADVANCED_FACE ( 'NONE', ( #7483 ), #3142, .T. ) ;
#2490 = ORIENTED_EDGE ( 'NONE', *, *, #3929, .T. ) ;
#2491 =( LENGTH_UNIT ( ) NAMED_UNIT ( * ) SI_UNIT ( $, .METRE. ) );
#2492 = DIRECTION ( 'NONE',  ( 0.000000000000000000, 0.000000000000000000, 1.000000000000000000 ) ) ;
#2493 = VECTOR ( 'NONE', #7642, 39.37007874015748854 ) ;
#2494 = CARTESIAN_POINT ( 'NONE',  ( -0.04811742286199983953, 0.03149606299212599075, 0.07844366278012823712 ) ) ;
#2495 = CARTESIAN_POINT ( 'NONE',  ( 0.04639625120262245994, 0.03191011596265883044, 0.07804689321891129794 ) ) ;
#2496 = VERTEX_POINT ( 'NONE', #6809 ) ;
#2497 = FACE_OUTER_BOUND ( 'NONE', #1557, .T. ) ;
#2498 = ADVANCED_FACE ( 'NONE', ( #777 ), #5144, .T. ) ;
#2499 = ADVANCED_FACE ( 'NONE', ( #3825 ), #2442, .F. ) ;
#2500 = CARTESIAN_POINT ( 'NONE',  ( 0.09842519685039370636, 0.02755905511811023584, -0.04894237015283919856 ) ) ;
#2501 = CARTESIAN_POINT ( 'NONE',  ( 0.04762816426853071217, 0.03281114030980834817, -0.07755898274845426932 ) ) ;
#2502 = DIRECTION ( 'NONE',  ( -0.000000000000000000, -1.000000000000000000, -0.000000000000000000 ) ) ;
#2503 = STYLED_ITEM ( 'NONE', ( #5458 ), #4236 ) ;
#2504 = LINE ( 'NONE', #1928, #5989 ) ;
#2505 = ORIENTED_EDGE ( 'NONE', *, *, #3284, .F. ) ;
#2506 = LINE ( 'NONE', #6695, #4403 ) ;
#2507 = VERTEX_POINT ( 'NONE', #4594 ) ;
#2508 = CARTESIAN_POINT ( 'NONE',  ( 0.1259842519685039353, -1.574803884209003054E-18, -0.08267716535433072833 ) ) ;
#2509 = EDGE_CURVE ( 'NONE', #3305, #1376, #7564, .T. ) ;
#2510 = ORIENTED_EDGE ( 'NONE', *, *, #6500, .F. ) ;
#2511 = MECHANICAL_DESIGN_GEOMETRIC_PRESENTATION_REPRESENTATION (  '', ( #1522 ), #264 ) ;
#2512 = ORIENTED_EDGE ( 'NONE', *, *, #7185, .F. ) ;
#2513 = CARTESIAN_POINT ( 'NONE',  ( -0.09842519685039370636, 0.007653816167834106773, -0.01476377952755905838 ) ) ;
#2514 = CARTESIAN_POINT ( 'NONE',  ( 0.1164233781010027835, 0.005905511811023620231, 0.08267716535433072833 ) ) ;
#2515 = AXIS2_PLACEMENT_3D ( 'NONE', #4257, #3734, #6206 ) ;
#2516 = B_SPLINE_CURVE_WITH_KNOTS ( 'NONE', 3,
 ( #5619, #4440, #2638, #1424, #3834, #6265, #2061, #6305, #862, #4131 ),
 .UNSPECIFIED., .F., .F.,
 ( 4, 3, 3, 4 ),
 ( 2.279341617663510534E-16, 4.000545356693235161E-05, 0.0002000054532038334908, 0.0003789617248658465245 ),
 .UNSPECIFIED. ) ;
#2517 = CARTESIAN_POINT ( 'NONE',  ( 0.07077827342859779880, 0.04315534825624279397, 0.04015553881028271349 ) ) ;
#2518 = CARTESIAN_POINT ( 'NONE',  ( -0.1259842519685039353, 0.005905511811023618496, 0.06299212598425198151 ) ) ;
#2519 = CARTESIAN_POINT ( 'NONE',  ( 0.07156725157925836189, 0.04387607125905080424, -0.04514630795615631048 ) ) ;
#2520 = DIRECTION ( 'NONE',  ( 0.000000000000000000, 0.000000000000000000, -1.000000000000000000 ) ) ;
#2521 = CIRCLE ( 'NONE', #3289, 0.003937007874015749712 ) ;
#2522 = EDGE_CURVE ( 'NONE', #5074, #2531, #4137, .T. ) ;
#2523 = ORIENTED_EDGE ( 'NONE', *, *, #6792, .T. ) ;
#2524 = ORIENTED_EDGE ( 'NONE', *, *, #1603, .T. ) ;
#2525 = CARTESIAN_POINT ( 'NONE',  ( -0.05511811023622046474, 0.03149606299212598381, 0.09645669291338584972 ) ) ;
#2526 = CARTESIAN_POINT ( 'NONE',  ( 0.09645669291338584972, 0.000000000000000000, -0.02657480314960630058 ) ) ;
#2527 = VECTOR ( 'NONE', #6527, 39.37007874015748143 ) ;
#2528 = DIRECTION ( 'NONE',  ( 0.000000000000000000, 0.000000000000000000, -1.000000000000000000 ) ) ;
#2529 = FACE_OUTER_BOUND ( 'NONE', #6162, .T. ) ;
#2530 = CARTESIAN_POINT ( 'NONE',  ( 0.1164233781010027835, 0.006467032068879333823, -0.08267716535433072833 ) ) ;
#2531 = VERTEX_POINT ( 'NONE', #7001 ) ;
#2532 = DIRECTION ( 'NONE',  ( 0.000000000000000000, 0.000000000000000000, 1.000000000000000000 ) ) ;
#2533 = AXIS2_PLACEMENT_3D ( 'NONE', #4857, #7383, #3162 ) ;
#2534 = ORIENTED_EDGE ( 'NONE', *, *, #7165, .F. ) ;
#2535 = CARTESIAN_POINT ( 'NONE',  ( -0.07677165354330711677, 0.001968503937007873555, -0.01870078740157480462 ) ) ;
#2536 = CARTESIAN_POINT ( 'NONE',  ( 0.04790776944891197986, 0.03149606299212599075, 0.07853050406722700272 ) ) ;
#2537 = VECTOR ( 'NONE', #1402, 39.37007874015748143 ) ;
#2538 = EDGE_CURVE ( 'NONE', #3106, #3247, #482, .T. ) ;
#2539 = CARTESIAN_POINT ( 'NONE',  ( -0.06877425771313801228, 0.04676143729944513827, -0.04483195213017269337 ) ) ;
#2540 = DIRECTION ( 'NONE',  ( 0.7071067811865479058, 0.000000000000000000, 0.7071067811865471286 ) ) ;
#2541 = CARTESIAN_POINT ( 'NONE',  ( -0.04595995108315452382, 0.04476932692331949543, -0.07006954814955163036 ) ) ;
#2542 = ORIENTED_EDGE ( 'NONE', *, *, #1562, .F. ) ;
#2543 = ORIENTED_EDGE ( 'NONE', *, *, #7808, .F. ) ;
#2544 = DIRECTION ( 'NONE',  ( 0.000000000000000000, 0.000000000000000000, -1.000000000000000000 ) ) ;
#2545 = AXIS2_PLACEMENT_3D ( 'NONE', #2599, #5043, #1425 ) ;
#2546 = DIRECTION ( 'NONE',  ( 1.000000000000000000, 2.707733616970879528E-18, 0.000000000000000000 ) ) ;
#2547 = ADVANCED_FACE ( 'NONE', ( #1572 ), #7701, .F. ) ;
#2548 = CARTESIAN_POINT ( 'NONE',  ( -0.04811742286199997831, 0.04633366434060631062, -0.07023644914266810590 ) ) ;
#2549 = AXIS2_PLACEMENT_3D ( 'NONE', #1653, #944, #2831 ) ;
#2550 = VECTOR ( 'NONE', #1381, 39.37007874015748143 ) ;
#2551 = ORIENTED_EDGE ( 'NONE', *, *, #1686, .T. ) ;
#2552 = CARTESIAN_POINT ( 'NONE',  ( 4.700907988853028813E-18, 0.09842519685039370636, 0.03740157480314960925 ) ) ;
#2553 = ORIENTED_EDGE ( 'NONE', *, *, #7743, .F. ) ;
#2554 = DIRECTION ( 'NONE',  ( 1.000000000000000000, 0.000000000000000000, 0.000000000000000000 ) ) ;
#2555 = ORIENTED_EDGE ( 'NONE', *, *, #7766, .F. ) ;
#2556 = CARTESIAN_POINT ( 'NONE',  ( -0.06496062992125986590, 0.000000000000000000, -0.02657480314960630405 ) ) ;
#2557 = CIRCLE ( 'NONE', #3701, 0.003937007874015760987 ) ;
#2558 = ADVANCED_FACE ( 'NONE', ( #3987 ), #5179, .F. ) ;
#2559 = LINE ( 'NONE', #6224, #795 ) ;
#2560 = EDGE_CURVE ( 'NONE', #4698, #2478, #6415, .T. ) ;
#2561 = CARTESIAN_POINT ( 'NONE',  ( 0.04351193913223799087, 0.04476932692331948155, -0.07108354790047267946 ) ) ;
#2562 = CARTESIAN_POINT ( 'NONE',  ( -0.04594212157005227865, 0.03206007351633353986, -0.07348851559904734376 ) ) ;
#2563 = CARTESIAN_POINT ( 'NONE',  ( 0.07745567703864041087, 0.03300191498134705942, -0.04758537364245536000 ) ) ;
#2564 = ORIENTED_EDGE ( 'NONE', *, *, #254, .F. ) ;
#2565 = VERTEX_POINT ( 'NONE', #3345 ) ;
#2566 = DIRECTION ( 'NONE',  ( -1.000000000000000000, -0.000000000000000000, -0.000000000000000000 ) ) ;
#2567 = FACE_OUTER_BOUND ( 'NONE', #6641, .T. ) ;
#2568 = CARTESIAN_POINT ( 'NONE',  ( -0.1062992125984252023, 0.009280999427183432571, -0.08267716535433072833 ) ) ;
#2569 = AXIS2_PLACEMENT_3D ( 'NONE', #7715, #7678, #3957 ) ;
#2570 = CARTESIAN_POINT ( 'NONE',  ( 0.07874015748031495954, 0.03149606299212598381, 0.04811742286199987423 ) ) ;
#2571 = EDGE_CURVE ( 'NONE', #3860, #7142, #6450, .T. ) ;
#2572 = CARTESIAN_POINT ( 'NONE',  ( 0.05511811023622047861, 0.03149606299212598381, -0.1023622047244094613 ) ) ;
#2573 = DIRECTION ( 'NONE',  ( 0.000000000000000000, 0.000000000000000000, 1.000000000000000000 ) ) ;
#2574 = DIRECTION ( 'NONE',  ( 0.000000000000000000, 0.000000000000000000, -1.000000000000000000 ) ) ;
#2575 = ORIENTED_EDGE ( 'NONE', *, *, #3222, .T. ) ;
#2576 = PLANE ( 'NONE',  #3160 ) ;
#2577 = ORIENTED_EDGE ( 'NONE', *, *, #1249, .T. ) ;
#2578 = PRESENTATION_STYLE_ASSIGNMENT (( #5594 ) ) ;
#2579 = LINE ( 'NONE', #7580, #6486 ) ;
#2580 = CARTESIAN_POINT ( 'NONE',  ( 0.1117542798527060843, 0.01275443361127101029, -0.08267716535433072833 ) ) ;
#2581 = DIRECTION ( 'NONE',  ( 0.000000000000000000, -1.000000000000000000, 0.000000000000000000 ) ) ;
#2582 = ORIENTED_EDGE ( 'NONE', *, *, #1844, .T. ) ;
#2583 = VERTEX_POINT ( 'NONE', #968 ) ;
#2584 = LINE ( 'NONE', #5030, #3030 ) ;
#2585 = CYLINDRICAL_SURFACE ( 'NONE', #4063, 0.006467032068879520305 ) ;
#2586 = PLANE ( 'NONE',  #3650 ) ;
#2587 = CARTESIAN_POINT ( 'NONE',  ( -0.07010371479774364645, 0.04469496946141580940, 0.04598272780507826896 ) ) ;
#2588 = VERTEX_POINT ( 'NONE', #1679 ) ;
#2589 = CARTESIAN_POINT ( 'NONE',  ( 0.07458553926759391162, 0.03003382268297973001, 0.04639636208735160861 ) ) ;
#2590 = B_SPLINE_CURVE_WITH_KNOTS ( 'NONE', 3,
 ( #6053, #5809, #6955, #5694, #3902, #7521 ),
 .UNSPECIFIED., .F., .F.,
 ( 4, 2, 4 ),
 ( 0.000000000000000000, 0.5000000000000000000, 1.000000000000000000 ),
 .UNSPECIFIED. ) ;
#2591 = ORIENTED_EDGE ( 'NONE', *, *, #6488, .F. ) ;
#2592 = LINE ( 'NONE', #4389, #7597 ) ;
#2593 = FILL_AREA_STYLE_COLOUR ( '', #626 ) ;
#2594 = EDGE_CURVE ( 'NONE', #2954, #4091, #7593, .T. ) ;
#2595 = CARTESIAN_POINT ( 'NONE',  ( -0.07874015748031502893, 0.03149606299212598381, -0.04811742286199984647 ) ) ;
#2596 = CARTESIAN_POINT ( 'NONE',  ( -0.09783934147817224813, 0.006456313182826401570, 0.01478374683623527412 ) ) ;
#2597 = DIRECTION ( 'NONE',  ( -1.000000000000000000, 0.000000000000000000, 0.000000000000000000 ) ) ;
#2598 = CARTESIAN_POINT ( 'NONE',  ( 0.04349625577652609099, 0.04516878170844418339, -0.07086724056898589807 ) ) ;
#2599 = CARTESIAN_POINT ( 'NONE',  ( 0.09645669291338584972, 0.03149606299212598381, 0.05880887093013065225 ) ) ;
#2600 = CARTESIAN_POINT ( 'NONE',  ( 0.07791772565175308918, 0.03216084518934594211, -0.04777676044448215392 ) ) ;
#2601 = B_SPLINE_CURVE_WITH_KNOTS ( 'NONE', 3,
 ( #5873, #2920, #7131, #2287, #7648, #477, #6546, #4612, #443, #4038, #2219, #5353, #7764, #1699, #7017, #1586, #4001, #6470, #4645 ),
 .UNSPECIFIED., .F., .F.,
 ( 4, 3, 3, 3, 3, 3, 4 ),
 ( -4.686221217482466987E-08, 6.617444900424221399E-24, 1.756499305425331364E-05, 9.886359225695684797E-05, 0.0001785335741837356933, 0.0003785335741837354048, 0.0003785935741837350484 ),
 .UNSPECIFIED. ) ;
#2602 = EDGE_LOOP ( 'NONE', ( #348, #625, #4632, #6288 ) ) ;
#2603 = EDGE_CURVE ( 'NONE', #4604, #1483, #4630, .T. ) ;
#2604 = VERTEX_POINT ( 'NONE', #7036 ) ;
#2605 = CARTESIAN_POINT ( 'NONE',  ( 0.07874015748031494566, 0.03149606299212598381, -0.04811742286199990892 ) ) ;
#2606 = ADVANCED_FACE ( 'NONE', ( #3381 ), #3419, .T. ) ;
#2607 = CARTESIAN_POINT ( 'NONE',  ( 0.1164233781010027835, 0.005905511811023620231, 0.06299212598425198151 ) ) ;
#2608 = CARTESIAN_POINT ( 'NONE',  ( 0.07677165354330711677, 0.001968503937007873555, 0.02263779527559055954 ) ) ;
#2609 = CARTESIAN_POINT ( 'NONE',  ( -0.05118110236220472370, 0.01574803149606299191, -0.09842519685039370636 ) ) ;
#2610 = CARTESIAN_POINT ( 'NONE',  ( -0.04557435191066692287, 0.04563202121754637158, 0.06962676035647341610 ) ) ;
#2611 = ORIENTED_EDGE ( 'NONE', *, *, #352, .F. ) ;
#2612 = EDGE_LOOP ( 'NONE', ( #1047, #470, #2979, #7161, #3782, #4892, #75, #1786 ) ) ;
#2613 = FACE_OUTER_BOUND ( 'NONE', #4052, .T. ) ;
#2614 = EDGE_LOOP ( 'NONE', ( #7653, #7102, #5428, #5029, #3275, #3664, #3694 ) ) ;
#2615 = ADVANCED_FACE ( 'NONE', ( #2782 ), #1048, .T. ) ;
#2616 =( NAMED_UNIT ( * ) PLANE_ANGLE_UNIT ( ) SI_UNIT ( $, .RADIAN. ) );
#2617 = CARTESIAN_POINT ( 'NONE',  ( -0.09645669291338584972, 0.000000000000000000, 0.05511811023622045780 ) ) ;
#2618 = CARTESIAN_POINT ( 'NONE',  ( 0.04189684974448606297, 0.03860769112990099922, -0.07251958436280121767 ) ) ;
#2619 = PLANE ( 'NONE',  #2515 ) ;
#2620 = AXIS2_PLACEMENT_3D ( 'NONE', #3626, #5526, #701 ) ;
#2621 = ORIENTED_EDGE ( 'NONE', *, *, #1064, .T. ) ;
#2622 = DIRECTION ( 'NONE',  ( 1.000000000000000000, 2.232281561944730346E-16, 0.000000000000000000 ) ) ;
#2623 = EDGE_CURVE ( 'NONE', #5776, #7010, #499, .T. ) ;
#2624 = DIRECTION ( 'NONE',  ( 0.000000000000000000, 0.000000000000000000, -1.000000000000000000 ) ) ;
#2625 = CARTESIAN_POINT ( 'NONE',  ( 0.08728965698918823846, 0.001968503937007873555, 0.02263779527559055260 ) ) ;
#2626 = VECTOR ( 'NONE', #753, 39.37007874015748143 ) ;
#2627 = CARTESIAN_POINT ( 'NONE',  ( 0.07108391575380104688, 0.04476864760851667624, -0.04351209150207523829 ) ) ;
#2628 = CARTESIAN_POINT ( 'NONE',  ( -0.07029176698497065223, 0.04586810874880794392, 0.04461798493860428400 ) ) ;
#2629 = EDGE_LOOP ( 'NONE', ( #1107, #4900, #7242, #6687 ) ) ;
#2630 = CARTESIAN_POINT ( 'NONE',  ( -0.07340495031363090950, 0.04048239269985884348, -0.04811742286199988811 ) ) ;
#2631 = ORIENTED_EDGE ( 'NONE', *, *, #211, .T. ) ;
#2632 = LINE ( 'NONE', #6925, #511 ) ;
#2633 = VECTOR ( 'NONE', #1948, 39.37007874015748143 ) ;
#2634 = CARTESIAN_POINT ( 'NONE',  ( 0.04483461788561177164, 0.04522749973546130731, -0.07081476518369267392 ) ) ;
#2635 = CARTESIAN_POINT ( 'NONE',  ( 0.1067728658505845696, 0.009582591198791106518, 0.08267716535433072833 ) ) ;
#2636 = VECTOR ( 'NONE', #5368, 39.37007874015748143 ) ;
#2637 = CARTESIAN_POINT ( 'NONE',  ( 0.04381424491406847588, 0.04154684684385127197, 0.06835136691711418688 ) ) ;
#2638 = CARTESIAN_POINT ( 'NONE',  ( 0.04371265120054449588, 0.04199978500123582176, -0.06810609799607270087 ) ) ;
#2639 = DIRECTION ( 'NONE',  ( 0.000000000000000000, 0.000000000000000000, 1.000000000000000000 ) ) ;
#2640 = CARTESIAN_POINT ( 'NONE',  ( 0.07874015748031493178, 0.03149606299212598381, -0.04811742286199995750 ) ) ;
#2641 = VECTOR ( 'NONE', #7229, 39.37007874015748143 ) ;
#2642 = ORIENTED_EDGE ( 'NONE', *, *, #2538, .T. ) ;
#2643 = ORIENTED_EDGE ( 'NONE', *, *, #4820, .F. ) ;
#2644 = CARTESIAN_POINT ( 'NONE',  ( 0.04811742286199990892, 0.04330708661417322081, 0.06692913385826773642 ) ) ;
#2645 = DIRECTION ( 'NONE',  ( 0.000000000000000000, 0.000000000000000000, 1.000000000000000000 ) ) ;
#2646 = CARTESIAN_POINT ( 'NONE',  ( 0.06760025801587443706, 0.04289462535336164423, -0.04349901208603175473 ) ) ;
#2647 = VECTOR ( 'NONE', #5509, 39.37007874015748854 ) ;
#2648 = EDGE_CURVE ( 'NONE', #6557, #7232, #427, .T. ) ;
#2649 = EDGE_CURVE ( 'NONE', #4948, #7669, #341, .T. ) ;
#2650 = DIRECTION ( 'NONE',  ( 0.000000000000000000, 0.000000000000000000, 1.000000000000000000 ) ) ;
#2651 = CARTESIAN_POINT ( 'NONE',  ( -0.04711467675562568125, 0.03510043636827229335, 0.07631931423068953613 ) ) ;
#2652 = ORIENTED_EDGE ( 'NONE', *, *, #6303, .F. ) ;
#2653 = DIRECTION ( 'NONE',  ( -1.000000000000000000, 0.000000000000000000, 0.000000000000000000 ) ) ;
#2654 = VERTEX_POINT ( 'NONE', #7667 ) ;
#2655 = VECTOR ( 'NONE', #7584, 39.37007874015748143 ) ;
#2656 = CARTESIAN_POINT ( 'NONE',  ( 0.05118110236220469594, 0.01181102362204724567, 0.1023622047244094613 ) ) ;
#2657 = CARTESIAN_POINT ( 'NONE',  ( 0.07087810497459409720, 0.04289462535336164423, -0.04025537035627915067 ) ) ;
#2658 = ADVANCED_FACE ( 'NONE', ( #4669 ), #7070, .T. ) ;
#2659 = CARTESIAN_POINT ( 'NONE',  ( -0.07706878698518311588, 0.03371638490757848661, -0.04599110633517079078 ) ) ;
#2660 = EDGE_CURVE ( 'NONE', #7171, #7214, #7149, .T. ) ;
#2661 = CARTESIAN_POINT ( 'NONE',  ( 0.04745700176422883859, 0.03357423899596301969, 0.07714575990919921022 ) ) ;
#2662 = ORIENTED_EDGE ( 'NONE', *, *, #4406, .T. ) ;
#2663 = DIRECTION ( 'NONE',  ( 0.000000000000000000, 1.000000000000000000, 0.000000000000000000 ) ) ;
#2664 = ORIENTED_EDGE ( 'NONE', *, *, #2509, .T. ) ;
#2665 = FACE_OUTER_BOUND ( 'NONE', #5370, .T. ) ;
#2666 = VECTOR ( 'NONE', #1996, 39.37007874015748143 ) ;
#2667 = CARTESIAN_POINT ( 'NONE',  ( -0.09842519685039370636, 0.01574803149606299191, -0.04500536227882345752 ) ) ;
#2668 = CARTESIAN_POINT ( 'NONE',  ( -0.06692913385826770867, 0.04724409448818895491, 0.04322513669223895100 ) ) ;
#2669 = EDGE_CURVE ( 'NONE', #7305, #4808, #5441, .T. ) ;
#2670 = ORIENTED_EDGE ( 'NONE', *, *, #2660, .F. ) ;
#2671 = CARTESIAN_POINT ( 'NONE',  ( -0.08659019213609440990, 0.02755905511811023584, -0.06275750304127081236 ) ) ;
#2672 = VECTOR ( 'NONE', #3152, 39.37007874015748854 ) ;
#2673 = VERTEX_POINT ( 'NONE', #803 ) ;
#2674 = CARTESIAN_POINT ( 'NONE',  ( 0.1062992125984252023, 0.01574803149606299191, -0.06299212598425198151 ) ) ;
#2675 = DIRECTION ( 'NONE',  ( -0.000000000000000000, -1.000000000000000000, -0.000000000000000000 ) ) ;
#2676 = DIRECTION ( 'NONE',  ( 0.000000000000000000, -1.000000000000000000, 0.000000000000000000 ) ) ;
#2677 = VECTOR ( 'NONE', #3350, 39.37007874015748143 ) ;
#2678 = CARTESIAN_POINT ( 'NONE',  ( -0.04529384593833250816, 0.04616705439067980699, 0.06928047423634868529 ) ) ;
#2679 = PLANE ( 'NONE',  #358 ) ;
#2680 = FACE_OUTER_BOUND ( 'NONE', #3796, .T. ) ;
#2681 = AXIS2_PLACEMENT_3D ( 'NONE', #1732, #5351, #7761 ) ;
#2682 = ORIENTED_EDGE ( 'NONE', *, *, #3076, .F. ) ;
#2683 = CARTESIAN_POINT ( 'NONE',  ( -0.04811742286199997137, 0.02755905511811022543, -0.07874015748031498729 ) ) ;
#2684 = DIRECTION ( 'NONE',  ( -1.445602896647343847E-15, 0.000000000000000000, -1.000000000000000000 ) ) ;
#2685 = CYLINDRICAL_SURFACE ( 'NONE', #2928, 0.0005615202578557803789 ) ;
#2686 = CIRCLE ( 'NONE', #6876, 0.003937007874015749712 ) ;
#2687 = CARTESIAN_POINT ( 'NONE',  ( -0.04876820177239894749, 0.03177417318760893117, 0.07721306060470671528 ) ) ;
#2688 = DIRECTION ( 'NONE',  ( 0.000000000000000000, 0.000000000000000000, 1.000000000000000000 ) ) ;
#2689 = CARTESIAN_POINT ( 'NONE',  ( -0.04758537364245530449, 0.03300191498134705942, 0.07745567703864046638 ) ) ;
#2690 = VERTEX_POINT ( 'NONE', #5019 ) ;
#2691 = VERTEX_POINT ( 'NONE', #2384 ) ;
#2692 = ORIENTED_EDGE ( 'NONE', *, *, #4993, .F. ) ;
#2693 = AXIS2_PLACEMENT_3D ( 'NONE', #1478, #1517, #3250 ) ;
#2694 = DIRECTION ( 'NONE',  ( 4.058291587432376212E-16, 0.000000000000000000, -1.000000000000000000 ) ) ;
#2695 = DIRECTION ( 'NONE',  ( -0.000000000000000000, -1.000000000000000000, -0.000000000000000000 ) ) ;
#2696 = DIRECTION ( 'NONE',  ( 1.000000000000000000, 0.000000000000000000, 0.000000000000000000 ) ) ;
#2697 = CARTESIAN_POINT ( 'NONE',  ( -0.07789523266369285937, 0.03219018753526920601, -0.04633343134377398975 ) ) ;
#2698 = CARTESIAN_POINT ( 'NONE',  ( 0.04843911828608699066, 0.03371638490757845885, 0.07605478723426221943 ) ) ;
#2699 = VERTEX_POINT ( 'NONE', #1123 ) ;
#2700 = DIRECTION ( 'NONE',  ( 0.000000000000000000, 0.000000000000000000, 1.000000000000000000 ) ) ;
#2701 = VERTEX_POINT ( 'NONE', #575 ) ;
#2702 = ADVANCED_FACE ( 'NONE', ( #3619 ), #4221, .F. ) ;
#2703 = CARTESIAN_POINT ( 'NONE',  ( -0.04471013516498518331, 0.04563022806078850108, -0.07051423731127495764 ) ) ;
#2704 = EDGE_CURVE ( 'NONE', #3878, #34, #4796, .T. ) ;
#2705 = CARTESIAN_POINT ( 'NONE',  ( 0.07525163254471345375, 0.03707212431579449269, -0.04523841632100161769 ) ) ;
#2706 = CARTESIAN_POINT ( 'NONE',  ( -0.07590609139143464357, 0.03586353505442690243, 0.04694351425132411992 ) ) ;
#2707 = CARTESIAN_POINT ( 'NONE',  ( -0.06692913385826770867, 0.04724409448818895491, -0.04811742286199988811 ) ) ;
#2708 = ORIENTED_EDGE ( 'NONE', *, *, #6707, .F. ) ;
#2709 = DIRECTION ( 'NONE',  ( 0.000000000000000000, 0.000000000000000000, -1.000000000000000000 ) ) ;
#2710 = EDGE_CURVE ( 'NONE', #2583, #3899, #1872, .T. ) ;
#2711 =( BOUNDED_SURFACE ( )  B_SPLINE_SURFACE ( 3, 1, ( 
 ( #4356, #1219 ),
 ( #4317, #1974 ),
 ( #6778, #7329 ),
 ( #632, #1340 ),
 ( #4393, #3034 ),
 ( #3749, #5574 ),
 ( #707, #3110 ),
 ( #2517, #162 ),
 ( #6814, #3991 ),
 ( #4600, #4520 ) ),
 .UNSPECIFIED., .F., .F., .F. ) 
 B_SPLINE_SURFACE_WITH_KNOTS ( ( 4, 3, 3, 4 ),
 ( 2, 2 ),
 ( 0.000000000000000000, 0.2470520139942833093, 0.9588246643342867026, 1.000000000000000000 ),
 ( 0.000000000000000000, 1.000000000000000000 ),
 .UNSPECIFIED. ) 
 GEOMETRIC_REPRESENTATION_ITEM ( )  RATIONAL_B_SPLINE_SURFACE ( (
 ( 1.000000000000000000, 1.000000000000000000),
 ( 0.9060799708944990982, 0.9060799708944990982),
 ( 0.9060799708944990982, 0.9060799708944990982),
 ( 1.000000000000000000, 1.000000000000000000),
 ( 1.000000000000000000, 1.000000000000000000),
 ( 1.000000000000000000, 1.000000000000000000),
 ( 1.000000000000000000, 1.000000000000000000),
 ( 0.9060799708944982100, 0.9060799708944982100),
 ( 0.9060799708944982100, 0.9060799708944982100),
 ( 1.000000000000000000, 1.000000000000000000) ) ) 
 REPRESENTATION_ITEM ( '' )  SURFACE ( )  );
#2712 = LINE ( 'NONE', #4439, #1164 ) ;
#2713 = CARTESIAN_POINT ( 'NONE',  ( 0.07626139865388964489, 0.03333483556450120289, -0.04852469953823780602 ) ) ;
#2714 = DIRECTION ( 'NONE',  ( 0.000000000000000000, 0.000000000000000000, -1.000000000000000000 ) ) ;
#2715 = ORIENTED_EDGE ( 'NONE', *, *, #3916, .T. ) ;
#2716 = ORIENTED_EDGE ( 'NONE', *, *, #3093, .F. ) ;
#2717 = CARTESIAN_POINT ( 'NONE',  ( -0.04811742286199997137, 0.03432075690644036114, -0.07226434102495174483 ) ) ;
#2718 = CARTESIAN_POINT ( 'NONE',  ( 0.08728965698918823846, 0.005905511811023621965, 0.02263779527559055260 ) ) ;
#2719 = CARTESIAN_POINT ( 'NONE',  ( 0.07006954814955161648, 0.04476932692331948155, -0.04595995108315452382 ) ) ;
#2720 = FACE_OUTER_BOUND ( 'NONE', #7543, .T. ) ;
#2721 = CARTESIAN_POINT ( 'NONE',  ( 0.06692913385826772255, 0.04330708661417322081, -0.04322513669223895100 ) ) ;
#2722 = DIRECTION ( 'NONE',  ( -1.000000000000000000, 0.000000000000000000, -1.355252715606880789E-16 ) ) ;
#2723 = CARTESIAN_POINT ( 'NONE',  ( -0.04715539950382498929, 0.03943962505373835303, 0.07295561593985000481 ) ) ;
#2724 = VERTEX_POINT ( 'NONE', #538 ) ;
#2725 = DIRECTION ( 'NONE',  ( 0.000000000000000000, -1.000000000000000000, 0.000000000000000000 ) ) ;
#2726 = ORIENTED_EDGE ( 'NONE', *, *, #920, .F. ) ;
#2727 = CARTESIAN_POINT ( 'NONE',  ( 0.07007028385620835131, 0.04476796829371383624, 0.04596025582282965011 ) ) ;
#2728 = CARTESIAN_POINT ( 'NONE',  ( 0.09842519685039370636, 0.01181102362204724567, 0.04500536227882344364 ) ) ;
#2729 = DIRECTION ( 'NONE',  ( -1.000000000000000000, 0.000000000000000000, 0.000000000000000000 ) ) ;
#2730 = CARTESIAN_POINT ( 'NONE',  ( -0.07727539840481052746, 0.03333483556450121676, -0.04607668758732151593 ) ) ;
#2731 = CARTESIAN_POINT ( 'NONE',  ( 0.04664191199091909101, 0.04172892111220233291, 0.07171594742208617368 ) ) ;
#2732 = ADVANCED_FACE ( 'NONE', ( #1162 ), #4829, .F. ) ;
#2733 = ORIENTED_EDGE ( 'NONE', *, *, #6404, .F. ) ;
#2734 = CARTESIAN_POINT ( 'NONE',  ( 0.06889763779527559306, 0.009842519685039369942, -0.08267716535433072833 ) ) ;
#2735 = ORIENTED_EDGE ( 'NONE', *, *, #7620, .T. ) ;
#2736 = CARTESIAN_POINT ( 'NONE',  ( -0.04322513669223892324, 0.04724409448818895491, -0.06692913385826773642 ) ) ;
#2737 = CARTESIAN_POINT ( 'NONE',  ( 0.07672696081734850515, 0.03434763534871636270, -0.04584951730047949481 ) ) ;
#2738 = VECTOR ( 'NONE', #6459, 39.37007874015748143 ) ;
#2739 = CARTESIAN_POINT ( 'NONE',  ( -0.07603572988704593305, 0.03562413162296510644, 0.04556320007441651276 ) ) ;
#2740 = ORIENTED_EDGE ( 'NONE', *, *, #1158, .F. ) ;
#2741 = EDGE_CURVE ( 'NONE', #1811, #4552, #4495, .T. ) ;
#2742 = DIRECTION ( 'NONE',  ( 0.000000000000000000, -1.000000000000000000, 0.000000000000000000 ) ) ;
#2743 = EDGE_CURVE ( 'NONE', #4445, #5469, #3924, .T. ) ;
#2744 = EDGE_LOOP ( 'NONE', ( #4806, #2221, #6338, #7592, #1807, #5982, #539, #3521, #1124, #3917 ) ) ;
#2745 = PLANE ( 'NONE',  #4696 ) ;
#2746 = AXIS2_PLACEMENT_3D ( 'NONE', #961, #6642, #7452 ) ;
#2747 = AXIS2_PLACEMENT_3D ( 'NONE', #3542, #5970, #6651 ) ;
#2748 = CARTESIAN_POINT ( 'NONE',  ( 0.04471013516498517637, 0.04563022806078850802, -0.07051423731127501315 ) ) ;
#2749 = CARTESIAN_POINT ( 'NONE',  ( -0.04570819940873265680, 0.04550443398855087695, 0.06975835062400716213 ) ) ;
#2750 = CIRCLE ( 'NONE', #5298, 0.0005615202578559341188 ) ;
#2751 = DIRECTION ( 'NONE',  ( 1.000000000000000000, 0.000000000000000000, 0.000000000000000000 ) ) ;
#2752 = ADVANCED_FACE ( 'NONE', ( #214 ), #1511, .T. ) ;
#2753 = ORIENTED_EDGE ( 'NONE', *, *, #667, .F. ) ;
#2754 = ORIENTED_EDGE ( 'NONE', *, *, #770, .T. ) ;
#2755 = CARTESIAN_POINT ( 'NONE',  ( 0.04811742286199984647, 0.04289462535336164423, -0.06762153619863522924 ) ) ;
#2756 = FACE_OUTER_BOUND ( 'NONE', #6650, .T. ) ;
#2757 = CARTESIAN_POINT ( 'NONE',  ( -0.06702358600409583089, 0.04330708661417321387, 0.04326426005203621444 ) ) ;
#2758 = VECTOR ( 'NONE', #4130, 39.37007874015748143 ) ;
#2759 = DIRECTION ( 'NONE',  ( -0.7071067811865476838, 0.000000000000000000, 0.7071067811865473507 ) ) ;
#2760 = CARTESIAN_POINT ( 'NONE',  ( -0.04322513669223895100, 0.04330708661417322081, -0.06692913385826773642 ) ) ;
#2761 = ADVANCED_FACE ( 'NONE', ( #3964 ), #839, .T. ) ;
#2762 = DIRECTION ( 'NONE',  ( -0.000000000000000000, -1.000000000000000000, -0.000000000000000000 ) ) ;
#2763 = ORIENTED_EDGE ( 'NONE', *, *, #6541, .T. ) ;
#2764 = CARTESIAN_POINT ( 'NONE',  ( -0.07073673624087468970, 0.04531652898062936419, 0.04348873897158855167 ) ) ;
#2765 = ORIENTED_EDGE ( 'NONE', *, *, #1323, .F. ) ;
#2766 = VECTOR ( 'NONE', #493, 39.37007874015748143 ) ;
#2767 = CARTESIAN_POINT ( 'NONE',  ( 0.09842519685039370636, 0.01574803149606299191, -0.04500536227882345752 ) ) ;
#2768 = CARTESIAN_POINT ( 'NONE',  ( -0.06962290405268284355, 0.04573217900920230339, 0.04558037639953905346 ) ) ;
#2769 = CARTESIAN_POINT ( 'NONE',  ( -0.07626139865388943673, 0.03333483556450116819, -0.04852469953823802806 ) ) ;
#2770 = CARTESIAN_POINT ( 'NONE',  ( 0.04600005259978801747, 0.04459054118528231470, 0.07016636177488010107 ) ) ;
#2771 = ORIENTED_EDGE ( 'NONE', *, *, #4145, .T. ) ;
#2772 = LINE ( 'NONE', #6523, #5084 ) ;
#2773 = VECTOR ( 'NONE', #2269, 39.37007874015748854 ) ;
#2774 = VERTEX_POINT ( 'NONE', #5793 ) ;
#2775 = CARTESIAN_POINT ( 'NONE',  ( -0.07059815599749874604, 0.04330708661417322775, 0.03997542137918373012 ) ) ;
#2776 = CARTESIAN_POINT ( 'NONE',  ( -0.04504971256151116266, 0.03791342768142903774, -0.07479606136928133864 ) ) ;
#2777 = CARTESIAN_POINT ( 'NONE',  ( -0.07006954814955158872, 0.04476932692331948155, 0.04595995108315455158 ) ) ;
#2778 = AXIS2_PLACEMENT_3D ( 'NONE', #3889, #6161, #4411 ) ;
#2779 = CARTESIAN_POINT ( 'NONE',  ( -0.07822299004213736917, 0.03150992740462096875, -0.04832923757783990498 ) ) ;
#2780 = CARTESIAN_POINT ( 'NONE',  ( -0.07789523266369284549, 0.03219018753526925458, 0.04633343134377406608 ) ) ;
#2781 = VERTEX_POINT ( 'NONE', #7018 ) ;
#2782 = FACE_OUTER_BOUND ( 'NONE', #5497, .T. ) ;
#2783 = ORIENTED_EDGE ( 'NONE', *, *, #7333, .T. ) ;
#2784 = CARTESIAN_POINT ( 'NONE',  ( -0.04751269767087481360, 0.03152368141776158011, 0.07849676599661943588 ) ) ;
#2785 = AXIS2_PLACEMENT_3D ( 'NONE', #6789, #1351, #5018 ) ;
#2786 = PLANE ( 'NONE',  #7251 ) ;
#2787 = AXIS2_PLACEMENT_3D ( 'NONE', #2079, #6912, #1479 ) ;
#2788 = PLANE ( 'NONE',  #6932 ) ;
#2789 = CARTESIAN_POINT ( 'NONE',  ( 0.04398719208643359774, 0.04724409448818896184, 0.06780420960485510073 ) ) ;
#2790 = B_SPLINE_CURVE_WITH_KNOTS ( 'NONE', 3,
 ( #4273, #2513, #7327, #4314, #3747, #7442, #5499, #81, #6182, #2473, #6221, #2440, #1256, #783, #4921, #6106 ),
 .UNSPECIFIED., .F., .F.,
 ( 4, 3, 3, 3, 3, 4 ),
 ( 0.000000000000000000, 1.677920801104235054E-05, 3.356062287276780586E-05, 5.029758303358944848E-05, 6.685065229545433026E-05, 7.861575502731937121E-05 ),
 .UNSPECIFIED. ) ;
#2791 = VERTEX_POINT ( 'NONE', #252 ) ;
#2792 = B_SPLINE_CURVE_WITH_KNOTS ( 'NONE', 3,
 ( #5215, #3417, #2779, #5081, #1463, #3873 ),
 .UNSPECIFIED., .F., .F.,
 ( 4, 2, 4 ),
 ( 0.000000000000000000, 0.5000000000000000000, 1.000000000000000000 ),
 .UNSPECIFIED. ) ;
#2793 = VECTOR ( 'NONE', #4968, 39.37007874015748143 ) ;
#2794 = CARTESIAN_POINT ( 'NONE',  ( -0.07874015748031494566, 0.02755905511811023584, 0.04811742286199992280 ) ) ;
#2795 = EDGE_CURVE ( 'NONE', #5198, #2954, #5159, .T. ) ;
#2796 = ADVANCED_FACE ( 'NONE', ( #3846 ), #3245, .F. ) ;
#2797 = CARTESIAN_POINT ( 'NONE',  ( 0.06760025801587443706, 0.04289462535336164423, -0.04349901208603175473 ) ) ;
#2798 = FACE_OUTER_BOUND ( 'NONE', #1152, .T. ) ;
#2799 = DIRECTION ( 'NONE',  ( 0.000000000000000000, 0.000000000000000000, 1.000000000000000000 ) ) ;
#2800 = VECTOR ( 'NONE', #2474, 39.37007874015748143 ) ;
#2801 = AXIS2_PLACEMENT_3D ( 'NONE', #43, #4965, #3788 ) ;
#2802 = CARTESIAN_POINT ( 'NONE',  ( -0.07835038663612806098, 0.03164780135005641065, 0.04772765201781302424 ) ) ;
#2803 = ORIENTED_EDGE ( 'NONE', *, *, #2704, .T. ) ;
#2804 = ORIENTED_EDGE ( 'NONE', *, *, #5729, .F. ) ;
#2805 = CARTESIAN_POINT ( 'NONE',  ( 0.07571296106642748380, 0.03434763534871636270, 0.04829752925139593756 ) ) ;
#2806 = DIRECTION ( 'NONE',  ( -1.000000000000000000, 0.000000000000000000, 0.000000000000000000 ) ) ;
#2807 = EDGE_CURVE ( 'NONE', #2409, #7205, #7539, .T. ) ;
#2808 = AXIS2_PLACEMENT_3D ( 'NONE', #653, #4218, #6606 ) ;
#2809 = DIRECTION ( 'NONE',  ( 1.000000000000000000, 2.707733616970879528E-18, 0.000000000000000000 ) ) ;
#2810 = CARTESIAN_POINT ( 'NONE',  ( 0.04350370756854296528, 0.04498199997437880848, 0.07096433004428569224 ) ) ;
#2811 = CIRCLE ( 'NONE', #5606, 0.003937007874015762722 ) ;
#2812 = ORIENTED_EDGE ( 'NONE', *, *, #3941, .T. ) ;
#2813 = CARTESIAN_POINT ( 'NONE',  ( -0.07696118927919450015, 0.02755905511811023584, -0.04811742286199990892 ) ) ;
#2814 = VERTEX_POINT ( 'NONE', #4453 ) ;
#2815 = CARTESIAN_POINT ( 'NONE',  ( -0.04015553881028266492, 0.04315534825624279397, 0.07077827342859779880 ) ) ;
#2816 = CARTESIAN_POINT ( 'NONE',  ( -0.04694351425132400890, 0.03586353505442714529, -0.07590609139143476847 ) ) ;
#2817 = DIRECTION ( 'NONE',  ( 0.000000000000000000, 0.000000000000000000, -1.000000000000000000 ) ) ;
#2818 = AXIS2_PLACEMENT_3D ( 'NONE', #6973, #1546, #905 ) ;
#2819 = DIRECTION ( 'NONE',  ( -0.000000000000000000, -1.000000000000000000, -0.000000000000000000 ) ) ;
#2820 = CARTESIAN_POINT ( 'NONE',  ( -0.07776559416808158376, 0.03242959096673103669, 0.04771374552068166630 ) ) ;
#2821 = DIRECTION ( 'NONE',  ( 1.000000000000000000, 0.000000000000000000, 0.000000000000000000 ) ) ;
#2822 = ORIENTED_EDGE ( 'NONE', *, *, #1823, .F. ) ;
#2823 = DIRECTION ( 'NONE',  ( 0.000000000000000000, -1.000000000000000000, -3.614007241618364055E-16 ) ) ;
#2824 = CARTESIAN_POINT ( 'NONE',  ( 0.04557421421691094932, 0.04196832454366405257, -0.07260030867739529492 ) ) ;
#2825 = CARTESIAN_POINT ( 'NONE',  ( -0.07793268416417034605, 0.02760978303487621882, 0.04777140679307603083 ) ) ;
#2826 = DIRECTION ( 'NONE',  ( 0.000000000000000000, 0.000000000000000000, 1.000000000000000000 ) ) ;
#2827 = DIRECTION ( 'NONE',  ( -0.5370986485132712707, 0.8435194376925865267, 0.000000000000000000 ) ) ;
#2828 = EDGE_CURVE ( 'NONE', #5356, #6918, #6865, .T. ) ;
#2829 = ORIENTED_EDGE ( 'NONE', *, *, #3349, .T. ) ;
#2830 = VERTEX_POINT ( 'NONE', #1587 ) ;
#2831 = DIRECTION ( 'NONE',  ( 1.000000000000000000, 0.000000000000000000, 0.000000000000000000 ) ) ;
#2832 = CARTESIAN_POINT ( 'NONE',  ( -0.04351193913223798393, 0.04476932692331947461, 0.07108354790047266558 ) ) ;
#2833 = CARTESIAN_POINT ( 'NONE',  ( 0.04326426005204052350, 0.04330708661417322081, 0.06702358600410632250 ) ) ;
#2834 = DIRECTION ( 'NONE',  ( 0.7071067811865479058, 0.000000000000000000, -0.7071067811865471286 ) ) ;
#2835 = CARTESIAN_POINT ( 'NONE',  ( 0.07543284219591457618, 0.02846948526569289747, 0.04811742286199986035 ) ) ;
#2836 = EDGE_CURVE ( 'NONE', #2453, #4552, #1436, .T. ) ;
#2837 = ADVANCED_FACE ( 'NONE', ( #7503 ), #1473, .T. ) ;
#2838 = ORIENTED_EDGE ( 'NONE', *, *, #3318, .F. ) ;
#2839 = ORIENTED_EDGE ( 'NONE', *, *, #1721, .F. ) ;
#2840 = CARTESIAN_POINT ( 'NONE',  ( 0.07007065170953673261, 0.04476728897891096848, 0.04596040819266722366 ) ) ;
#2841 = CARTESIAN_POINT ( 'NONE',  ( 0.04850398682399761907, 0.03342717965053772916, -0.07621139373825708274 ) ) ;
#2842 = DIRECTION ( 'NONE',  ( 0.5370986485132712707, 0.8435194376925865267, 0.000000000000000000 ) ) ;
#2843 = CARTESIAN_POINT ( 'NONE',  ( 0.05511811023622046474, 0.01574803149606302313, -0.1023622047244094613 ) ) ;
#2844 = FACE_OUTER_BOUND ( 'NONE', #747, .T. ) ;
#2845 = EDGE_CURVE ( 'NONE', #490, #1186, #2072, .T. ) ;
#2846 = ORIENTED_EDGE ( 'NONE', *, *, #4903, .T. ) ;
#2847 = CARTESIAN_POINT ( 'NONE',  ( -0.07226434102495170320, 0.03432075690644036114, 0.04811742286199992280 ) ) ;
#2848 = ORIENTED_EDGE ( 'NONE', *, *, #5515, .T. ) ;
#2849 = DIRECTION ( 'NONE',  ( 0.000000000000000000, -1.000000000000000000, 0.000000000000000000 ) ) ;
#2850 = CARTESIAN_POINT ( 'NONE',  ( 0.05511811023622046474, 0.01574803149606302313, -0.09842519685039370636 ) ) ;
#2851 = CARTESIAN_POINT ( 'NONE',  ( -0.09645669291338584972, 0.02755905511811023584, 0.05511811023622045780 ) ) ;
#2852 = EDGE_LOOP ( 'NONE', ( #2309, #3710, #1503, #6032 ) ) ;
#2853 = CARTESIAN_POINT ( 'NONE',  ( -0.04782364590573028734, 0.03149606299212598381, -0.07862195004451312530 ) ) ;
#2854 = ADVANCED_FACE ( 'NONE', ( #4002 ), #4531, .T. ) ;
#2855 = ORIENTED_EDGE ( 'NONE', *, *, #3042, .T. ) ;
#2856 = CARTESIAN_POINT ( 'NONE',  ( -0.08659019213609440990, 0.03149606299212598381, -0.06275750304127081236 ) ) ;
#2857 = CARTESIAN_POINT ( 'NONE',  ( 0.04711467675562579227, 0.03510043636827234192, -0.07631931423068938347 ) ) ;
#2858 = AXIS2_PLACEMENT_3D ( 'NONE', #6020, #2434, #3066 ) ;
#2859 = CARTESIAN_POINT ( 'NONE',  ( -0.07458542502473738955, 0.03003382268297973001, 0.04639663789471777655 ) ) ;
#2860 = VERTEX_POINT ( 'NONE', #291 ) ;
#2861 = CYLINDRICAL_SURFACE ( 'NONE', #603, 0.003937007874015741038 ) ;
#2862 = CARTESIAN_POINT ( 'NONE',  ( -0.04330956414418887790, 0.04724409448818895491, 0.06815208925554419594 ) ) ;
#2863 = LINE ( 'NONE', #5304, #1622 ) ;
#2864 = AXIS2_PLACEMENT_3D ( 'NONE', #3281, #2688, #4613 ) ;
#2865 = ORIENTED_EDGE ( 'NONE', *, *, #1796, .F. ) ;
#2866 = VERTEX_POINT ( 'NONE', #3323 ) ;
#2867 = FACE_OUTER_BOUND ( 'NONE', #4841, .T. ) ;
#2868 = AXIS2_PLACEMENT_3D ( 'NONE', #5961, #4588, #1567 ) ;
#2869 = VECTOR ( 'NONE', #5826, 39.37007874015748143 ) ;
#2870 = EDGE_CURVE ( 'NONE', #194, #2156, #5126, .T. ) ;
#2871 = CARTESIAN_POINT ( 'NONE',  ( 0.09842519685039370636, 0.005905511811023621965, -0.02263779527559055260 ) ) ;
#2872 = DIRECTION ( 'NONE',  ( -0.000000000000000000, -1.000000000000000000, -0.000000000000000000 ) ) ;
#2873 = CARTESIAN_POINT ( 'NONE',  ( 0.09842519685039370636, 0.007874015748031471668, -0.01476377952755905838 ) ) ;
#2874 = CARTESIAN_POINT ( 'NONE',  ( 0.06748035307233443691, 0.04315534825624279397, -0.04811742286199992280 ) ) ;
#2875 = B_SPLINE_CURVE_WITH_KNOTS ( 'NONE', 3,
 ( #6997, #6411, #3862, #965, #6293, #851, #3264, #3820 ),
 .UNSPECIFIED., .F., .F.,
 ( 4, 2, 2, 4 ),
 ( 0.000000000000000000, 0.2500000000000076605, 0.5000000000000153211, 1.000000000000000000 ),
 .UNSPECIFIED. ) ;
#2876 = ORIENTED_EDGE ( 'NONE', *, *, #1072, .F. ) ;
#2877 = EDGE_LOOP ( 'NONE', ( #4042, #2467, #4578, #2973, #4011, #2897, #79, #6870 ) ) ;
#2878 = CARTESIAN_POINT ( 'NONE',  ( 0.07129682947082106870, 0.04250290630268870745, 0.04646830765127147461 ) ) ;
#2879 = CARTESIAN_POINT ( 'NONE',  ( -0.04371265120054421832, 0.04199978500123704300, 0.06810609799607203474 ) ) ;
#2880 = EDGE_CURVE ( 'NONE', #3866, #4777, #5756, .T. ) ;
#2881 = DIRECTION ( 'NONE',  ( 0.000000000000000000, 0.000000000000000000, 1.000000000000000000 ) ) ;
#2882 = DIRECTION ( 'NONE',  ( -1.000000000000000000, 0.000000000000000000, 0.000000000000000000 ) ) ;
#2883 = CARTESIAN_POINT ( 'NONE',  ( -0.05118110236220469594, 0.01181102362204724567, -0.09842519685039370636 ) ) ;
#2884 = ORIENTED_EDGE ( 'NONE', *, *, #1854, .T. ) ;
#2885 = CARTESIAN_POINT ( 'NONE',  ( -0.04322513669223893018, 0.04330708661417322081, 0.06692913385826773642 ) ) ;
#2886 = CIRCLE ( 'NONE', #5072, 0.003937007874015741038 ) ;
#2887 = ORIENTED_EDGE ( 'NONE', *, *, #6412, .T. ) ;
#2888 = CARTESIAN_POINT ( 'NONE',  ( -0.06858806548851600904, 0.04678773038075172142, -0.04468073775368330836 ) ) ;
#2889 = AXIS2_PLACEMENT_3D ( 'NONE', #4330, #4288, #1987 ) ;
#2890 = CARTESIAN_POINT ( 'NONE',  ( -0.04376599377924857148, 0.04363666782758889029, -0.07169689007486977628 ) ) ;
#2891 = B_SPLINE_CURVE_WITH_KNOTS ( 'NONE', 3,
 ( #7756, #1096, #3509, #2320, #2598, #2561 ),
 .UNSPECIFIED., .F., .F.,
 ( 4, 2, 4 ),
 ( 0.000000000000000000, 0.5000000000000000000, 1.000000000000000000 ),
 .UNSPECIFIED. ) ;
#2892 = CYLINDRICAL_SURFACE ( 'NONE', #1509, 0.006467032068879366782 ) ;
#2893 = EDGE_CURVE ( 'NONE', #3344, #5888, #2145, .T. ) ;
#2894 = EDGE_CURVE ( 'NONE', #3213, #5471, #949, .T. ) ;
#2895 = DIRECTION ( 'NONE',  ( 0.000000000000000000, 1.000000000000000000, 0.000000000000000000 ) ) ;
#2896 = AXIS2_PLACEMENT_3D ( 'NONE', #6179, #4352, #3745 ) ;
#2897 = ORIENTED_EDGE ( 'NONE', *, *, #412, .T. ) ;
#2898 = DIRECTION ( 'NONE',  ( -1.000000000000000000, 0.000000000000000000, 0.000000000000000000 ) ) ;
#2899 =( BOUNDED_SURFACE ( )  B_SPLINE_SURFACE ( 3, 2, ( 
 ( #5490, #4343, #5374 ),
 ( #4908, #7312, #7193 ),
 ( #2462, #5521, #4300 ),
 ( #3621, #2430, #5972 ),
 ( #7784, #1166, #3586 ),
 ( #5408, #1758, #7823 ),
 ( #6688, #1286, #3697 ),
 ( #6136, #104, #4949 ),
 ( #2347, #6049, #4873 ),
 ( #1204, #614, #1125 ),
 ( #4180, #6012, #7276 ),
 ( #540, #4786, #6611 ),
 ( #577, #2386, #4831 ),
 ( #7236, #1801, #1840 ),
 ( #4260, #4223, #6653 ),
 ( #3019, #5137, #3737 ),
 ( #849, #3859, #4990 ),
 ( #7397, #4507, #7548 ),
 ( #1964, #6917, #1484 ),
 ( #2117, #728, #306 ),
 ( #5104, #4380, #6289 ),
 ( #6330, #6878, #3775 ),
 ( #225, #6170, #3260 ),
 ( #6803, #1366, #3132 ),
 ( #6208, #768, #5557 ),
 ( #2084, #3898, #6766 ),
 ( #1448, #5688, #268 ),
 ( #3815, #5644, #3176 ) ),
 .UNSPECIFIED., .F., .F., .F. ) 
 B_SPLINE_SURFACE_WITH_KNOTS ( ( 4, 2, 2, 2, 2, 2, 2, 2, 2, 2, 2, 2, 2, 4 ),
 ( 3, 3 ),
 ( -1.063933455262715327E-06, 1.565402539758874897E-05, 1.983351511080161324E-05, 2.192325996740804707E-05, 2.401300482401448090E-05, 3.237198425044021622E-05, 6.580790195614314396E-05, 0.0001326797373675490130, 0.0002664234081903607511, 0.0003332952436017666336, 0.0003667311613074695749, 0.0003834491201603210456, 0.0004001670790131724620, 0.0005339107498359841730 ),
 ( 0.000000000000000000, 1.000000000000000000 ),
 .UNSPECIFIED. ) 
 GEOMETRIC_REPRESENTATION_ITEM ( )  RATIONAL_B_SPLINE_SURFACE ( (
 ( 1.000000000000000000, 1.000000000000000000, 1.000000000000000000),
 ( 1.000000000000000000, 1.000778839725177338, 1.000000000000000000),
 ( 1.000000000000000000, 0.9831714200816235039, 1.000000000000000000),
 ( 1.000000000000000000, 0.9575031771746039810, 1.000000000000000000),
 ( 1.000000000000000000, 0.9523297387301160599, 1.000000000000000000),
 ( 1.000000000000000000, 0.9451074485486222754, 1.000000000000000000),
 ( 1.000000000000000000, 0.9424202236307438474, 1.000000000000000000),
 ( 1.000000000000000000, 0.9409373826777051031, 1.000000000000000000),
 ( 1.000000000000000000, 0.9416788031542245863, 1.000000000000000000),
 ( 1.000000000000000000, 0.9416788031542245863, 1.000000000000000000),
 ( 1.000000000000000000, 0.9416788031542248083, 1.000000000000000000),
 ( 1.000000000000000000, 0.9416788031542248083, 1.000000000000000000),
 ( 1.000000000000000000, 0.9416788031542239201, 1.000000000000000000),
 ( 1.000000000000000000, 0.9416788031542239201, 1.000000000000000000),
 ( 1.000000000000000000, 0.9416788031542246973, 1.000000000000000000),
 ( 1.000000000000000000, 0.9416788031542246973, 1.000000000000000000),
 ( 1.000000000000000000, 0.9416788031542250303, 1.000000000000000000),
 ( 1.000000000000000000, 0.9416788031542250303, 1.000000000000000000),
 ( 1.000000000000000000, 0.9416788031542249193, 1.000000000000000000),
 ( 1.000000000000000000, 0.9416788031542249193, 1.000000000000000000),
 ( 1.000000000000000000, 0.9416788031542243642, 1.000000000000000000),
 ( 1.000000000000000000, 0.9416788031542243642, 1.000000000000000000),
 ( 1.000000000000000000, 0.9416788031542248083, 1.000000000000000000),
 ( 1.000000000000000000, 0.9416788031542248083, 1.000000000000000000),
 ( 1.000000000000000000, 0.9401967835573220578, 1.000000000000000000),
 ( 1.000000000000000000, 0.9678184218304834996, 1.000000000000000000),
 ( 1.000000000000000000, 1.002301645695551802, 1.000000000000000000),
 ( 1.000000000000000000, 1.000000000000000000, 1.000000000000000000) ) ) 
 REPRESENTATION_ITEM ( '' )  SURFACE ( )  );
#2900 = ORIENTED_EDGE ( 'NONE', *, *, #5560, .T. ) ;
#2901 = CARTESIAN_POINT ( 'NONE',  ( 0.09842519685039370636, 0.01574803149606302313, 0.04894237015283921244 ) ) ;
#2902 = AXIS2_PLACEMENT_3D ( 'NONE', #7056, #5996, #4122 ) ;
#2903 = DIRECTION ( 'NONE',  ( 0.5370986485132710486, -0.8435194376925865267, 0.000000000000000000 ) ) ;
#2904 = ADVANCED_FACE ( 'NONE', ( #7133 ), #1620, .T. ) ;
#2905 = CYLINDRICAL_SURFACE ( 'NONE', #3831, 0.003937007874015741038 ) ;
#2906 = UNCERTAINTY_MEASURE_WITH_UNIT (LENGTH_MEASURE( 1.000000000000000082E-05 ), #4301, 'distance_accuracy_value', 'NONE');
#2907 = EDGE_LOOP ( 'NONE', ( #258, #4168, #7112, #3658 ) ) ;
#2908 = DIRECTION ( 'NONE',  ( -1.000000000000000000, -0.000000000000000000, -0.000000000000000000 ) ) ;
#2909 = EDGE_LOOP ( 'NONE', ( #1776, #6025, #5407, #6409 ) ) ;
#2910 = DIRECTION ( 'NONE',  ( -0.000000000000000000, -1.000000000000000000, -0.000000000000000000 ) ) ;
#2911 = CIRCLE ( 'NONE', #2902, 0.003937007874015747977 ) ;
#2912 = CARTESIAN_POINT ( 'NONE',  ( 0.04686366482223822127, 0.03167457852501288917, -0.07823459254855109901 ) ) ;
#2913 = ORIENTED_EDGE ( 'NONE', *, *, #1675, .F. ) ;
#2914 = ORIENTED_EDGE ( 'NONE', *, *, #1105, .F. ) ;
#2915 = CARTESIAN_POINT ( 'NONE',  ( 0.07332611692551053995, 0.04476932692331947461, -0.04270338230719558648 ) ) ;
#2916 = VECTOR ( 'NONE', #159, 39.37007874015748854 ) ;
#2917 = CARTESIAN_POINT ( 'NONE',  ( -0.04336891308197622641, 0.04678773088189840113, 0.06913144007814003844 ) ) ;
#2918 =( BOUNDED_SURFACE ( )  B_SPLINE_SURFACE ( 3, 1, ( 
 ( #1020, #6582 ),
 ( #4762, #3512 ),
 ( #5900, #3432 ),
 ( #3556, #5984 ),
 ( #2281, #5939 ),
 ( #7082, #5347 ),
 ( #438, #2245 ),
 ( #551, #4679 ),
 ( #7162, #6507 ),
 ( #472, #4886 ) ),
 .UNSPECIFIED., .F., .F., .F. ) 
 B_SPLINE_SURFACE_WITH_KNOTS ( ( 4, 3, 3, 4 ),
 ( 2, 2 ),
 ( 0.000000000000000000, 0.2470520139942833093, 0.9588246643342867026, 1.000000000000000000 ),
 ( 0.000000000000000000, 1.000000000000000000 ),
 .UNSPECIFIED. ) 
 GEOMETRIC_REPRESENTATION_ITEM ( )  RATIONAL_B_SPLINE_SURFACE ( (
 ( 1.000000000000000000, 1.000000000000000000),
 ( 0.9060799708944990982, 0.9060799708944990982),
 ( 0.9060799708944990982, 0.9060799708944990982),
 ( 1.000000000000000000, 1.000000000000000000),
 ( 1.000000000000000000, 1.000000000000000000),
 ( 1.000000000000000000, 1.000000000000000000),
 ( 1.000000000000000000, 1.000000000000000000),
 ( 0.9060799708944982100, 0.9060799708944982100),
 ( 0.9060799708944982100, 0.9060799708944982100),
 ( 1.000000000000000000, 1.000000000000000000) ) ) 
 REPRESENTATION_ITEM ( '' )  SURFACE ( )  );
#2919 = DIRECTION ( 'NONE',  ( 0.000000000000000000, -1.000000000000000000, 0.000000000000000000 ) ) ;
#2920 = CARTESIAN_POINT ( 'NONE',  ( -0.07804733467584279438, 0.03190884992229305051, 0.04639629941512269512 ) ) ;
#2921 = CARTESIAN_POINT ( 'NONE',  ( -0.07874015748031500117, 0.02755905511811022543, -0.04811742286199987423 ) ) ;
#2922 = EDGE_LOOP ( 'NONE', ( #4313, #6663, #2337, #7804 ) ) ;
#2923 = AXIS2_PLACEMENT_3D ( 'NONE', #2294, #7689, #4085 ) ;
#2924 = ORIENTED_EDGE ( 'NONE', *, *, #3725, .T. ) ;
#2925 = CARTESIAN_POINT ( 'NONE',  ( 0.09645669291338584972, 0.02755905511811023584, 0.05511811023622045780 ) ) ;
#2926 = CARTESIAN_POINT ( 'NONE',  ( 0.04595995108315489158, 0.04476932692331955788, -0.07006954814955139443 ) ) ;
#2927 = CARTESIAN_POINT ( 'NONE',  ( 0.09645669291338584972, 0.005905511811023621965, 0.02657480314960630058 ) ) ;
#2928 = AXIS2_PLACEMENT_3D ( 'NONE', #907, #4528, #6316 ) ;
#2929 = CARTESIAN_POINT ( 'NONE',  ( -0.06889763779527559306, 0.009842519685039369942, 0.06299212598425198151 ) ) ;
#2930 = CARTESIAN_POINT ( 'NONE',  ( 0.04811742286199992280, 0.03149606299212598381, 0.07874015748031494566 ) ) ;
#2931 = ORIENTED_EDGE ( 'NONE', *, *, #7185, .T. ) ;
#2932 = CARTESIAN_POINT ( 'NONE',  ( 0.04328485592063360116, 0.04724409448818895491, 0.06773323252439251985 ) ) ;
#2933 = EDGE_LOOP ( 'NONE', ( #181, #97 ) ) ;
#2934 = CARTESIAN_POINT ( 'NONE',  ( 0.1259842519685039353, -1.574803884209003054E-18, -0.06299212598425198151 ) ) ;
#2935 = CARTESIAN_POINT ( 'NONE',  ( -0.04491104375890721950, 0.04493333741124214131, -0.07099927356351894148 ) ) ;
#2936 = CARTESIAN_POINT ( 'NONE',  ( -0.05511811023622046474, 0.01574803149606302313, 0.1023622047244094613 ) ) ;
#2937 = CARTESIAN_POINT ( 'NONE',  ( -0.07703375538902736130, 0.03190852425293714406, 0.04884462017292072467 ) ) ;
#2938 = CARTESIAN_POINT ( 'NONE',  ( -0.07727539840481051359, 0.03333483556450123064, 0.04607668758732141878 ) ) ;
#2939 = ORIENTED_EDGE ( 'NONE', *, *, #439, .F. ) ;
#2940 = CARTESIAN_POINT ( 'NONE',  ( -0.04884462017292178632, 0.03190852425293756733, 0.07703375538902647313 ) ) ;
#2941 = ORIENTED_EDGE ( 'NONE', *, *, #5338, .T. ) ;
#2942 = DIRECTION ( 'NONE',  ( 0.000000000000000000, 0.000000000000000000, 1.000000000000000000 ) ) ;
#2943 = ADVANCED_FACE ( 'NONE', ( #4039 ), #5699, .F. ) ;
#2944 = EDGE_CURVE ( 'NONE', #4779, #2093, #543, .T. ) ;
#2945 = CARTESIAN_POINT ( 'NONE',  ( 0.04556320007441582581, 0.03562413162296506480, -0.07603572988704598856 ) ) ;
#2946 = VECTOR ( 'NONE', #860, 39.37007874015748143 ) ;
#2947 = DIRECTION ( 'NONE',  ( 0.000000000000000000, 0.000000000000000000, -1.000000000000000000 ) ) ;
#2948 = CARTESIAN_POINT ( 'NONE',  ( -0.04647759112099170836, 0.02966181850492187466, 0.07478964346887195802 ) ) ;
#2949 = EDGE_LOOP ( 'NONE', ( #7190, #2291, #2956, #5495 ) ) ;
#2950 = LINE ( 'NONE', #35, #7310 ) ;
#2951 = ORIENTED_EDGE ( 'NONE', *, *, #5779, .F. ) ;
#2952 = LINE ( 'NONE', #396, #2493 ) ;
#2953 = ADVANCED_FACE ( 'NONE', ( #2330 ), #2121, .F. ) ;
#2954 = VERTEX_POINT ( 'NONE', #2220 ) ;
#2955 = FILL_AREA_STYLE ('',( #2214 ) ) ;
#2956 = ORIENTED_EDGE ( 'NONE', *, *, #1989, .F. ) ;
#2957 = DIRECTION ( 'NONE',  ( -1.000000000000000000, 2.232281561944730346E-16, 0.000000000000000000 ) ) ;
#2958 = DIRECTION ( 'NONE',  ( 0.000000000000000000, 1.000000000000000000, 0.000000000000000000 ) ) ;
#2959 = DIRECTION ( 'NONE',  ( 1.445602896647343847E-15, 0.000000000000000000, -1.000000000000000000 ) ) ;
#2960 = CARTESIAN_POINT ( 'NONE',  ( 0.06977940642378083203, 0.04538425365438050058, -0.04570727917525956030 ) ) ;
#2961 = CARTESIAN_POINT ( 'NONE',  ( -0.07478964346887215231, 0.02966181850492179140, -0.04647759112099156265 ) ) ;
#2962 = EDGE_CURVE ( 'NONE', #3795, #6138, #4646, .T. ) ;
#2963 = VERTEX_POINT ( 'NONE', #6708 ) ;
#2964 = VERTEX_POINT ( 'NONE', #2447 ) ;
#2965 = CARTESIAN_POINT ( 'NONE',  ( -0.05511811023622046474, 0.01574803149606302313, -0.09842519685039370636 ) ) ;
#2966 = DIRECTION ( 'NONE',  ( 1.000000000000000000, 0.000000000000000000, 0.000000000000000000 ) ) ;
#2967 =( BOUNDED_SURFACE ( )  B_SPLINE_SURFACE ( 3, 2, ( 
 ( #190, #2736, #5031 ),
 ( #3943, #2005, #4426 ),
 ( #3340, #3861, #5693 ),
 ( #5106, #7519, #3298 ),
 ( #4509, #2703, #5140 ),
 ( #5174, #1600, #4014 ),
 ( #2303, #5212, #5367 ),
 ( #494, #2935, #3493 ),
 ( #456, #4700, #380 ),
 ( #2201, #3413, #5848 ),
 ( #7664, #6445, #5256 ),
 ( #7104, #422, #3454 ),
 ( #2890, #4171, #7062 ),
 ( #4093, #1081, #998 ),
 ( #5920, #4781, #7778 ),
 ( #2341, #5328, #7735 ),
 ( #2776, #4743, #6603 ),
 ( #1041, #2816, #2233 ),
 ( #1634, #6485, #7144 ),
 ( #3376, #1714, #4129 ),
 ( #6564, #3536, #5962 ),
 ( #7184, #139, #3652 ),
 ( #4335, #6644, #3578 ),
 ( #5401, #5551, #607 ),
 ( #1280, #6129, #4942 ),
 ( #7346, #1324, #7391 ),
 ( #6087, #4864, #25 ),
 ( #1197, #2421, #2378 ) ),
 .UNSPECIFIED., .F., .F., .T. ) 
 B_SPLINE_SURFACE_WITH_KNOTS ( ( 4, 2, 2, 2, 2, 2, 2, 2, 2, 2, 2, 2, 2, 4 ),
 ( 3, 3 ),
 ( -1.063933455262902944E-06, 1.565402539758819331E-05, 1.983351511080096949E-05, 2.192325996740735589E-05, 2.401300482401374229E-05, 3.237198425043928788E-05, 6.580790195614147700E-05, 0.0001326797373675458688, 0.0002664234081903546253, 0.0003332952436017590442, 0.0003667311613074612266, 0.0003834491201603123177, 0.0004001670790131634089, 0.0005339107498359721383 ),
 ( 0.000000000000000000, 1.000000000000000000 ),
 .UNSPECIFIED. ) 
 GEOMETRIC_REPRESENTATION_ITEM ( )  RATIONAL_B_SPLINE_SURFACE ( (
 ( 1.000000000000000000, 1.000000000000000000, 1.000000000000000000),
 ( 1.000000000000000000, 1.000778839725177338, 1.000000000000000000),
 ( 1.000000000000000000, 0.9831714200816218385, 1.000000000000000000),
 ( 1.000000000000000000, 0.9575031771746043141, 1.000000000000000000),
 ( 1.000000000000000000, 0.9523297387301187245, 1.000000000000000000),
 ( 1.000000000000000000, 0.9451074485486243848, 1.000000000000000000),
 ( 1.000000000000000000, 0.9424202236307444025, 1.000000000000000000),
 ( 1.000000000000000000, 0.9409373826777052141, 1.000000000000000000),
 ( 1.000000000000000000, 0.9416788031542242532, 1.000000000000000000),
 ( 1.000000000000000000, 0.9416788031542242532, 1.000000000000000000),
 ( 1.000000000000000000, 0.9416788031542250303, 1.000000000000000000),
 ( 1.000000000000000000, 0.9416788031542250303, 1.000000000000000000),
 ( 1.000000000000000000, 0.9416788031542244752, 1.000000000000000000),
 ( 1.000000000000000000, 0.9416788031542244752, 1.000000000000000000),
 ( 1.000000000000000000, 0.9416788031542246973, 1.000000000000000000),
 ( 1.000000000000000000, 0.9416788031542246973, 1.000000000000000000),
 ( 1.000000000000000000, 0.9416788031542253634, 1.000000000000000000),
 ( 1.000000000000000000, 0.9416788031542253634, 1.000000000000000000),
 ( 1.000000000000000000, 0.9416788031542251414, 1.000000000000000000),
 ( 1.000000000000000000, 0.9416788031542251414, 1.000000000000000000),
 ( 1.000000000000000000, 0.9416788031542252524, 1.000000000000000000),
 ( 1.000000000000000000, 0.9416788031542252524, 1.000000000000000000),
 ( 1.000000000000000000, 0.9416788031542241422, 1.000000000000000000),
 ( 1.000000000000000000, 0.9416788031542241422, 1.000000000000000000),
 ( 1.000000000000000000, 0.9401967835573239451, 1.000000000000000000),
 ( 1.000000000000000000, 0.9678184218304651809, 1.000000000000000000),
 ( 1.000000000000000000, 1.002301645695566901, 1.000000000000000000),
 ( 1.000000000000000000, 1.000000000000000000, 1.000000000000000000) ) ) 
 REPRESENTATION_ITEM ( '' )  SURFACE ( )  );
#2968 = DIRECTION ( 'NONE',  ( 1.000000000000000000, 0.000000000000000000, 0.000000000000000000 ) ) ;
#2969 = LINE ( 'NONE', #5394, #7349 ) ;
#2970 = DIRECTION ( 'NONE',  ( -1.000000000000000000, 0.000000000000000000, 0.000000000000000000 ) ) ;
#2971 = VERTEX_POINT ( 'NONE', #1184 ) ;
#2972 = LINE ( 'NONE', #6000, #1772 ) ;
#2973 = ORIENTED_EDGE ( 'NONE', *, *, #3855, .T. ) ;
#2974 = LENGTH_MEASURE_WITH_UNIT ( LENGTH_MEASURE( 0.02539999999999999897 ), #720 );
#2975 = CARTESIAN_POINT ( 'NONE',  ( 0.04811742286199990892, 0.02755905511811023237, 0.07874015748031495954 ) ) ;
#2976 = EDGE_CURVE ( 'NONE', #4792, #6825, #5169, .T. ) ;
#2977 = CARTESIAN_POINT ( 'NONE',  ( 0.1164233781010027974, -1.600692183787654230E-18, 0.08267716535433072833 ) ) ;
#2978 = ORIENTED_EDGE ( 'NONE', *, *, #299, .F. ) ;
#2979 = ORIENTED_EDGE ( 'NONE', *, *, #1411, .T. ) ;
#2980 = DIRECTION ( 'NONE',  ( -0.000000000000000000, -1.000000000000000000, -0.000000000000000000 ) ) ;
#2981 = CARTESIAN_POINT ( 'NONE',  ( 0.04357343596190932367, 0.04449515384951293478, -0.07123201438070798919 ) ) ;
#2982 = PLANE ( 'NONE',  #2376 ) ;
#2983 = EDGE_CURVE ( 'NONE', #7320, #5034, #746, .T. ) ;
#2984 = CARTESIAN_POINT ( 'NONE',  ( -0.09645669291338584972, 0.000000000000000000, 0.05511811023622045780 ) ) ;
#2985 = EDGE_CURVE ( 'NONE', #5512, #7414, #7332, .T. ) ;
#2986 = ORIENTED_EDGE ( 'NONE', *, *, #166, .T. ) ;
#2987 = DIRECTION ( 'NONE',  ( 0.000000000000000000, 0.000000000000000000, 1.000000000000000000 ) ) ;
#2988 = ORIENTED_EDGE ( 'NONE', *, *, #7697, .T. ) ;
#2989 = CARTESIAN_POINT ( 'NONE',  ( -0.04811742286199987423, 0.03149606299212598381, 0.07874015748031500117 ) ) ;
#2990 = VERTEX_POINT ( 'NONE', #7294 ) ;
#2991 = VECTOR ( 'NONE', #6513, 39.37007874015748143 ) ;
#2992 = EDGE_LOOP ( 'NONE', ( #1028, #1250, #2708, #2884 ) ) ;
#2993 = EDGE_CURVE ( 'NONE', #576, #3009, #3638, .T. ) ;
#2994 = DIRECTION ( 'NONE',  ( 0.000000000000000000, 0.000000000000000000, -1.000000000000000000 ) ) ;
#2995 = EDGE_CURVE ( 'NONE', #6908, #6391, #3113, .T. ) ;
#2996 = CIRCLE ( 'NONE', #4789, 0.001968503937007874856 ) ;
#2997 = DIRECTION ( 'NONE',  ( -0.000000000000000000, -0.000000000000000000, -1.000000000000000000 ) ) ;
#2998 = CARTESIAN_POINT ( 'NONE',  ( 0.07383997719516023628, 0.03967902848520064862, -0.04608770172981616758 ) ) ;
#2999 = FACE_OUTER_BOUND ( 'NONE', #4533, .T. ) ;
#3000 = ORIENTED_EDGE ( 'NONE', *, *, #531, .T. ) ;
#3001 = DIRECTION ( 'NONE',  ( 0.000000000000000000, 0.000000000000000000, 1.000000000000000000 ) ) ;
#3002 = ORIENTED_EDGE ( 'NONE', *, *, #120, .T. ) ;
#3003 = CARTESIAN_POINT ( 'NONE',  ( 0.1023622047244094613, 0.01574803149606299191, -0.04500536227882345752 ) ) ;
#3004 = VECTOR ( 'NONE', #3199, 39.37007874015748143 ) ;
#3005 = CARTESIAN_POINT ( 'NONE',  ( -0.07677165354330711677, 0.005905511811023621965, 0.01870078740157480116 ) ) ;
#3006 = EDGE_CURVE ( 'NONE', #4657, #4331, #3753, .T. ) ;
#3007 = DIRECTION ( 'NONE',  ( -1.000000000000000000, 0.000000000000000000, -1.355252715606880789E-16 ) ) ;
#3008 = CARTESIAN_POINT ( 'NONE',  ( -0.07108354790047274885, 0.04476932692331955788, 0.04351193913223758841 ) ) ;
#3009 = VERTEX_POINT ( 'NONE', #3715 ) ;
#3010 = CARTESIAN_POINT ( 'NONE',  ( 0.07046362139427278515, 0.04565550594460506678, -0.04346926451383160278 ) ) ;
#3011 = ORIENTED_EDGE ( 'NONE', *, *, #4686, .F. ) ;
#3012 = FACE_OUTER_BOUND ( 'NONE', #500, .T. ) ;
#3013 = CARTESIAN_POINT ( 'NONE',  ( 0.04434486169540256817, 0.04048239269985884348, 0.07496759631371760491 ) ) ;
#3014 = CARTESIAN_POINT ( 'NONE',  ( -0.07112381294362513096, 0.04469496946141580940, -0.04351999302633953459 ) ) ;
#3015 = DIRECTION ( 'NONE',  ( 1.000000000000000000, 0.000000000000000000, 0.000000000000000000 ) ) ;
#3016 = VECTOR ( 'NONE', #5625, 39.37007874015748143 ) ;
#3017 = VERTEX_POINT ( 'NONE', #6187 ) ;
#3018 = ORIENTED_EDGE ( 'NONE', *, *, #3253, .T. ) ;
#3019 = CARTESIAN_POINT ( 'NONE',  ( 0.07295561593985072646, 0.03943962505373794364, 0.04715539950382457990 ) ) ;
#3020 = FILL_AREA_STYLE_COLOUR ( '', #1895 ) ;
#3021 = ADVANCED_FACE ( 'NONE', ( #2999 ), #4322, .T. ) ;
#3022 = CARTESIAN_POINT ( 'NONE',  ( 0.04885379207413164532, 0.03192330889089455004, -0.07701223264166350002 ) ) ;
#3023 = CARTESIAN_POINT ( 'NONE',  ( -0.07283464566929134798, 0.005905511811023621965, 0.01870078740157480116 ) ) ;
#3024 = CIRCLE ( 'NONE', #4690, 0.01072812687502424332 ) ;
#3025 = DIRECTION ( 'NONE',  ( -0.000000000000000000, -1.000000000000000000, -0.000000000000000000 ) ) ;
#3026 = DIRECTION ( 'NONE',  ( 0.000000000000000000, -1.000000000000000000, 0.000000000000000000 ) ) ;
#3027 = VERTEX_POINT ( 'NONE', #5537 ) ;
#3028 = CARTESIAN_POINT ( 'NONE',  ( -0.04744814616813149144, 0.03149606299212600463, 0.07847086105113942889 ) ) ;
#3029 = ORIENTED_EDGE ( 'NONE', *, *, #2623, .T. ) ;
#3030 = VECTOR ( 'NONE', #2544, 39.37007874015748143 ) ;
#3031 = EDGE_LOOP ( 'NONE', ( #6407, #595, #2670, #5011 ) ) ;
#3032 = CARTESIAN_POINT ( 'NONE',  ( -0.07164642306293839136, 0.04724409448818897572, -0.04102368844462322278 ) ) ;
#3033 = DIRECTION ( 'NONE',  ( 1.000000000000000000, 0.000000000000000000, 1.355252715606880789E-16 ) ) ;
#3034 = CARTESIAN_POINT ( 'NONE',  ( 0.04353832913269314181, 0.03432075690644036114, 0.07416106375100817161 ) ) ;
#3035 = VECTOR ( 'NONE', #3978, 39.37007874015748143 ) ;
#3036 = DIRECTION ( 'NONE',  ( 0.000000000000000000, 0.000000000000000000, -1.000000000000000000 ) ) ;
#3037 = CARTESIAN_POINT ( 'NONE',  ( 0.07069972069918707691, 0.04538425365438053527, -0.04348544396992819888 ) ) ;
#3038 = DIRECTION ( 'NONE',  ( 0.000000000000000000, 0.000000000000000000, 1.000000000000000000 ) ) ;
#3039 = ORIENTED_EDGE ( 'NONE', *, *, #5232, .F. ) ;
#3040 = EDGE_CURVE ( 'NONE', #1811, #2588, #2007, .T. ) ;
#3041 = EDGE_LOOP ( 'NONE', ( #3165, #7783, #4423, #4525 ) ) ;
#3042 = EDGE_CURVE ( 'NONE', #5918, #5538, #2366, .T. ) ;
#3043 = PLANE ( 'NONE',  #6993 ) ;
#3044 = DIRECTION ( 'NONE',  ( 1.000000000000000000, 0.000000000000000000, 1.445602896647344044E-15 ) ) ;
#3045 = DIRECTION ( 'NONE',  ( 0.000000000000000000, 1.000000000000000000, 0.000000000000000000 ) ) ;
#3046 = VECTOR ( 'NONE', #3215, 39.37007874015748143 ) ;
#3047 = CYLINDRICAL_SURFACE ( 'NONE', #2889, 0.03937007874015747977 ) ;
#3048 = ORIENTED_EDGE ( 'NONE', *, *, #1446, .F. ) ;
#3049 = CARTESIAN_POINT ( 'NONE',  ( 0.04347946427394316915, 0.04548827587855704124, 0.07060477092600321580 ) ) ;
#3050 = EDGE_LOOP ( 'NONE', ( #3450, #4252, #2855, #7617 ) ) ;
#3051 = EDGE_CURVE ( 'NONE', #466, #3605, #1978, .T. ) ;
#3052 = SURFACE_SIDE_STYLE ('',( #570 ) ) ;
#3053 = AXIS2_PLACEMENT_3D ( 'NONE', #1349, #5630, #5541 ) ;
#3054 = CARTESIAN_POINT ( 'NONE',  ( 0.07640153241519349880, 0.02846948526569289747, -0.04577879779687854533 ) ) ;
#3055 = CARTESIAN_POINT ( 'NONE',  ( -0.07105072303018987456, 0.04482994461674412456, -0.04493235482577913331 ) ) ;
#3056 = CARTESIAN_POINT ( 'NONE',  ( 0.1062992125984252023, 0.009280999427183432571, 0.06299212598425198151 ) ) ;
#3057 = CARTESIAN_POINT ( 'NONE',  ( 0.04402029570035496941, 0.04250290630268870745, 0.07231082922174209004 ) ) ;
#3058 = AXIS2_PLACEMENT_3D ( 'NONE', #6345, #2018, #861 ) ;
#3059 = EDGE_LOOP ( 'NONE', ( #604, #3131, #2642, #2046 ) ) ;
#3060 = DIRECTION ( 'NONE',  ( 0.000000000000000000, 1.000000000000000000, 0.000000000000000000 ) ) ;
#3061 = DIRECTION ( 'NONE',  ( 0.000000000000000000, 0.000000000000000000, -1.000000000000000000 ) ) ;
#3062 = PLANE ( 'NONE',  #4292 ) ;
#3063 = AXIS2_PLACEMENT_3D ( 'NONE', #3056, #4256, #3693 ) ;
#3064 = DIRECTION ( 'NONE',  ( 0.000000000000000000, 0.000000000000000000, -1.000000000000000000 ) ) ;
#3065 = ORIENTED_EDGE ( 'NONE', *, *, #793, .T. ) ;
#3066 = DIRECTION ( 'NONE',  ( 1.000000000000000000, 0.000000000000000000, 0.000000000000000000 ) ) ;
#3067 = VERTEX_POINT ( 'NONE', #1501 ) ;
#3068 = LINE ( 'NONE', #2395, #5704 ) ;
#3069 = ORIENTED_EDGE ( 'NONE', *, *, #4894, .T. ) ;
#3070 = COLOUR_RGB ( '',0.7921568627450980005, 0.8196078431372548767, 0.9333333333333333481 ) ;
#3071 = ORIENTED_EDGE ( 'NONE', *, *, #2329, .T. ) ;
#3072 = CARTESIAN_POINT ( 'NONE',  ( -0.04102368844462334074, 0.04724409448818897572, -0.07164642306293829421 ) ) ;
#3073 = LINE ( 'NONE', #5420, #5595 ) ;
#3074 = CARTESIAN_POINT ( 'NONE',  ( 0.000000000000000000, 0.04330708661417323468, 0.04055118110236220763 ) ) ;
#3075 = PLANE ( 'NONE',  #5726 ) ;
#3076 = EDGE_CURVE ( 'NONE', #234, #2279, #5708, .T. ) ;
#3077 = CARTESIAN_POINT ( 'NONE',  ( 0.06692913385826773642, 0.04724409448818895491, -0.04322513669223893712 ) ) ;
#3078 = ORIENTED_EDGE ( 'NONE', *, *, #5618, .F. ) ;
#3079 = VERTEX_POINT ( 'NONE', #7449 ) ;
#3080 = DIRECTION ( 'NONE',  ( 0.000000000000000000, 0.000000000000000000, -1.000000000000000000 ) ) ;
#3081 = CARTESIAN_POINT ( 'NONE',  ( 0.1023622047244094613, 0.01181102362204724567, -0.01870078740157483238 ) ) ;
#3082 = CARTESIAN_POINT ( 'NONE',  ( 0.000000000000000000, 0.04330708661417323468, 0.000000000000000000 ) ) ;
#3083 = EDGE_CURVE ( 'NONE', #2429, #1253, #7445, .T. ) ;
#3084 = PLANE ( 'NONE',  #5966 ) ;
#3085 = EDGE_CURVE ( 'NONE', #7080, #4930, #609, .T. ) ;
#3086 = DIRECTION ( 'NONE',  ( 0.000000000000000000, 0.000000000000000000, -1.000000000000000000 ) ) ;
#3087 = VERTEX_POINT ( 'NONE', #6308 ) ;
#3088 = LINE ( 'NONE', #529, #7602 ) ;
#3089 = VERTEX_POINT ( 'NONE', #2023 ) ;
#3090 = SURFACE_STYLE_USAGE ( .BOTH. , #3052 ) ;
#3091 = CARTESIAN_POINT ( 'NONE',  ( 0.07038850258441088636, 0.04724409448818895491, 0.03976576796609578718 ) ) ;
#3092 = DIRECTION ( 'NONE',  ( 0.000000000000000000, 0.000000000000000000, 1.000000000000000000 ) ) ;
#3093 = EDGE_CURVE ( 'NONE', #5525, #6434, #6389, .T. ) ;
#3094 = CARTESIAN_POINT ( 'NONE',  ( 0.04351239624175071846, 0.04476728897891096848, 0.07108465146045776784 ) ) ;
#3095 = ORIENTED_EDGE ( 'NONE', *, *, #3817, .F. ) ;
#3096 = CARTESIAN_POINT ( 'NONE',  ( -0.09645669291338582196, 0.005905511811023621965, 0.01501381231061532304 ) ) ;
#3097 = CARTESIAN_POINT ( 'NONE',  ( -0.07874015748031494566, 0.02755905511811023584, -0.04811742286199990892 ) ) ;
#3098 = CARTESIAN_POINT ( 'NONE',  ( 0.06889763779527559306, 0.009842519685039369942, -0.06299212598425198151 ) ) ;
#3099 = DIRECTION ( 'NONE',  ( 1.000000000000000000, 0.000000000000000000, 0.000000000000000000 ) ) ;
#3100 = CARTESIAN_POINT ( 'NONE',  ( 0.04811742286199984647, 0.03619545847639819847, -0.07572635272678920892 ) ) ;
#3101 = ADVANCED_FACE ( 'NONE', ( #2680 ), #7493, .F. ) ;
#3102 = VERTEX_POINT ( 'NONE', #1385 ) ;
#3103 = DIRECTION ( 'NONE',  ( 0.000000000000000000, 0.000000000000000000, 1.000000000000000000 ) ) ;
#3104 = ORIENTED_EDGE ( 'NONE', *, *, #1224, .T. ) ;
#3105 = CARTESIAN_POINT ( 'NONE',  ( -0.04790303862405388691, 0.03149606347844544768, 0.07822258814247443071 ) ) ;
#3106 = VERTEX_POINT ( 'NONE', #865 ) ;
#3107 = ORIENTED_EDGE ( 'NONE', *, *, #6095, .T. ) ;
#3108 = CARTESIAN_POINT ( 'NONE',  ( -0.1117542798527060843, 0.01275443361127101029, 0.08267716535433072833 ) ) ;
#3109 = CARTESIAN_POINT ( 'NONE',  ( -0.09766931059580068186, 0.006323349405354799016, 0.01480014511942988331 ) ) ;
#3110 = CARTESIAN_POINT ( 'NONE',  ( 0.04025537035627910903, 0.04289462535336164423, 0.07087810497459413883 ) ) ;
#3111 = LINE ( 'NONE', #2518, #2793 ) ;
#3112 = CARTESIAN_POINT ( 'NONE',  ( 0.06877425771313806779, 0.04676143729944517297, -0.04483195213017259623 ) ) ;
#3113 = LINE ( 'NONE', #5010, #2243 ) ;
#3114 = ORIENTED_EDGE ( 'NONE', *, *, #6793, .F. ) ;
#3115 = ORIENTED_EDGE ( 'NONE', *, *, #2358, .F. ) ;
#3116 = FACE_OUTER_BOUND ( 'NONE', #596, .T. ) ;
#3117 = EDGE_CURVE ( 'NONE', #6652, #3860, #941, .T. ) ;
#3118 = AXIS2_PLACEMENT_3D ( 'NONE', #3665, #664, #76 ) ;
#3119 = CARTESIAN_POINT ( 'NONE',  ( 0.06889763779527559306, 0.01574803149606299191, -0.06299212598425198151 ) ) ;
#3120 = CARTESIAN_POINT ( 'NONE',  ( -0.09842519685039370636, 0.001968503937007873555, -0.01476377952755905665 ) ) ;
#3121 = ORIENTED_EDGE ( 'NONE', *, *, #1466, .F. ) ;
#3122 = LINE ( 'NONE', #6756, #3415 ) ;
#3123 = VECTOR ( 'NONE', #86, 39.37007874015748143 ) ;
#3124 = ORIENTED_EDGE ( 'NONE', *, *, #3672, .T. ) ;
#3125 = DIRECTION ( 'NONE',  ( -1.000000000000000000, 0.000000000000000000, 0.000000000000000000 ) ) ;
#3126 = ADVANCED_FACE ( 'NONE', ( #4489 ), #6898, .T. ) ;
#3127 = LINE ( 'NONE', #3653, #7466 ) ;
#3128 = AXIS2_PLACEMENT_3D ( 'NONE', #2100, #3793, #6348 ) ;
#3129 = CARTESIAN_POINT ( 'NONE',  ( -0.04811742286199986035, 0.04476932692331947461, 0.07108354790047266558 ) ) ;
#3130 = CARTESIAN_POINT ( 'NONE',  ( 0.04564305972787777166, 0.03526809104689515584, 0.07622852814551885070 ) ) ;
#3131 = ORIENTED_EDGE ( 'NONE', *, *, #4614, .F. ) ;
#3132 = CARTESIAN_POINT ( 'NONE',  ( 0.07789523266369287324, 0.03219018753526925458, 0.04633343134377392036 ) ) ;
#3133 = VECTOR ( 'NONE', #534, 39.37007874015748143 ) ;
#3134 = DIRECTION ( 'NONE',  ( 0.000000000000000000, 1.000000000000000000, 0.000000000000000000 ) ) ;
#3135 = EDGE_CURVE ( 'NONE', #7334, #2083, #4562, .T. ) ;
#3136 = CYLINDRICAL_SURFACE ( 'NONE', #4590, 0.007874015748031499423 ) ;
#3137 = EDGE_CURVE ( 'NONE', #3988, #818, #4148, .T. ) ;
#3138 = CARTESIAN_POINT ( 'NONE',  ( -0.07458542502473738955, 0.03003382268297973001, 0.04639663789471777655 ) ) ;
#3139 = VECTOR ( 'NONE', #3990, 39.37007874015748854 ) ;
#3140 = CARTESIAN_POINT ( 'NONE',  ( 0.04811742286199984647, 0.04724409448818895491, -0.06692913385826773642 ) ) ;
#3141 = ORIENTED_EDGE ( 'NONE', *, *, #5668, .T. ) ;
#3142 = PLANE ( 'NONE',  #5917 ) ;
#3143 = VERTEX_POINT ( 'NONE', #4523 ) ;
#3144 = DIRECTION ( 'NONE',  ( -1.000000000000000000, 0.000000000000000000, 0.000000000000000000 ) ) ;
#3145 = SURFACE_SIDE_STYLE ('',( #2398 ) ) ;
#3146 = ORIENTED_EDGE ( 'NONE', *, *, #4251, .F. ) ;
#3147 = EDGE_CURVE ( 'NONE', #5414, #3087, #2750, .T. ) ;
#3148 = CARTESIAN_POINT ( 'NONE',  ( -0.09729849568922165071, 0.006081386410419145974, 0.01484201883532208777 ) ) ;
#3149 = AXIS2_PLACEMENT_3D ( 'NONE', #2452, #133, #2574 ) ;
#3150 = CARTESIAN_POINT ( 'NONE',  ( -0.07677165354330711677, 0.005905511811023621965, 0.02263779527559055954 ) ) ;
#3151 = DIRECTION ( 'NONE',  ( 1.355252715606880789E-16, 0.000000000000000000, -1.000000000000000000 ) ) ;
#3152 = DIRECTION ( 'NONE',  ( 0.4671737270485419868, -0.8627297996359495347, 0.1935096937512141846 ) ) ;
#3153 = DIRECTION ( 'NONE',  ( 0.000000000000000000, 0.000000000000000000, 1.000000000000000000 ) ) ;
#3154 = CARTESIAN_POINT ( 'NONE',  ( 0.06331663509238938392, 0.03149606299212598381, 0.08603106008497583834 ) ) ;
#3155 = VECTOR ( 'NONE', #3189, 39.37007874015748143 ) ;
#3156 = ORIENTED_EDGE ( 'NONE', *, *, #7481, .T. ) ;
#3157 = CYLINDRICAL_SURFACE ( 'NONE', #1258, 0.009866500777291436347 ) ;
#3158 = CARTESIAN_POINT ( 'NONE',  ( -0.04811742286199986035, 0.03003382268297973001, 0.07458574343811001650 ) ) ;
#3159 = CARTESIAN_POINT ( 'NONE',  ( -0.09100150360959005646, 0.005905511811023621965, -0.02001312335958005048 ) ) ;
#3160 = AXIS2_PLACEMENT_3D ( 'NONE', #3805, #7342, #7424 ) ;
#3161 = CARTESIAN_POINT ( 'NONE',  ( 0.06870810205938815418, 0.04724409448818897572, -0.04811742286199997831 ) ) ;
#3162 = DIRECTION ( 'NONE',  ( 1.000000000000000000, 0.000000000000000000, 0.000000000000000000 ) ) ;
#3163 = CARTESIAN_POINT ( 'NONE',  ( -0.04646830765127143992, 0.04250290630268870745, 0.07129682947082108257 ) ) ;
#3164 = FACE_OUTER_BOUND ( 'NONE', #7134, .T. ) ;
#3165 = ORIENTED_EDGE ( 'NONE', *, *, #6156, .T. ) ;
#3166 = CARTESIAN_POINT ( 'NONE',  ( -0.1062992125984252023, 0.009280999427183432571, -0.06299212598425198151 ) ) ;
#3167 = CIRCLE ( 'NONE', #7230, 0.0005615202578557803789 ) ;
#3168 = VERTEX_POINT ( 'NONE', #2064 ) ;
#3169 = DIRECTION ( 'NONE',  ( 1.000000000000000000, 0.000000000000000000, 0.000000000000000000 ) ) ;
#3170 = CARTESIAN_POINT ( 'NONE',  ( 0.07332611692551060933, 0.04476932692331947461, 0.04270338230719551015 ) ) ;
#3171 = AXIS2_PLACEMENT_3D ( 'NONE', #5280, #7725, #6553 ) ;
#3172 = CARTESIAN_POINT ( 'NONE',  ( -0.07049778985967462830, 0.04563202121754622587, -0.04347150067081170105 ) ) ;
#3173 = FACE_OUTER_BOUND ( 'NONE', #5758, .T. ) ;
#3174 = FACE_OUTER_BOUND ( 'NONE', #2066, .T. ) ;
#3175 = VERTEX_POINT ( 'NONE', #3954 ) ;
#3176 = CARTESIAN_POINT ( 'NONE',  ( 0.07874015748031495954, 0.03149606299212599075, 0.04811742286199987423 ) ) ;
#3177 = VECTOR ( 'NONE', #7130, 39.37007874015748143 ) ;
#3178 = LINE ( 'NONE', #771, #6956 ) ;
#3179 = CARTESIAN_POINT ( 'NONE',  ( 0.06692913385826772255, 0.04724409448818898266, 0.04322513669223895794 ) ) ;
#3180 = DIRECTION ( 'NONE',  ( -1.000000000000000000, 2.232281561944730346E-16, 0.000000000000000000 ) ) ;
#3181 = CARTESIAN_POINT ( 'NONE',  ( -0.07081476518369261841, 0.04522749973546132118, 0.04483461788561164674 ) ) ;
#3182 = AXIS2_PLACEMENT_3D ( 'NONE', #6813, #5079, #1380 ) ;
#3183 = AXIS2_PLACEMENT_3D ( 'NONE', #6146, #1856, #6668 ) ;
#3184 = ORIENTED_EDGE ( 'NONE', *, *, #3231, .T. ) ;
#3185 = ADVANCED_FACE ( 'NONE', ( #791 ), #3352, .F. ) ;
#3186 = CARTESIAN_POINT ( 'NONE',  ( 0.06889763779527559306, 0.009842519685039369942, -0.06299212598425198151 ) ) ;
#3187 = ADVANCED_FACE ( 'NONE', ( #7601 ), #4397, .F. ) ;
#3188 = ORIENTED_EDGE ( 'NONE', *, *, #4361, .T. ) ;
#3189 = DIRECTION ( 'NONE',  ( 1.000000000000000000, 0.000000000000000000, 0.000000000000000000 ) ) ;
#3190 = CARTESIAN_POINT ( 'NONE',  ( 0.09842519685039370636, 0.03149606299212598381, -0.04894237015283919856 ) ) ;
#3191 = AXIS2_PLACEMENT_3D ( 'NONE', #2183, #326, #2143 ) ;
#3192 = LINE ( 'NONE', #2514, #2185 ) ;
#3193 = CARTESIAN_POINT ( 'NONE',  ( -0.06331663509238938392, 0.03149606299212598381, 0.08603106008497583834 ) ) ;
#3194 = DIRECTION ( 'NONE',  ( -1.000000000000000000, 0.000000000000000000, -1.355252715606880789E-16 ) ) ;
#3195 = CARTESIAN_POINT ( 'NONE',  ( -0.06889763779527559306, 0.009842519685039369942, -0.08267716535433072833 ) ) ;
#3196 = CARTESIAN_POINT ( 'NONE',  ( 0.07466642287367000752, 0.03815283111289075740, -0.04643002673841879063 ) ) ;
#3197 = EDGE_CURVE ( 'NONE', #1693, #7614, #4677, .T. ) ;
#3198 = AXIS2_PLACEMENT_3D ( 'NONE', #1704, #5316, #2191 ) ;
#3199 = DIRECTION ( 'NONE',  ( 0.7071067811865476838, 0.000000000000000000, -0.7071067811865473507 ) ) ;
#3200 = ORIENTED_EDGE ( 'NONE', *, *, #6222, .F. ) ;
#3201 = VERTEX_POINT ( 'NONE', #5934 ) ;
#3202 = DIRECTION ( 'NONE',  ( 0.000000000000000000, 0.000000000000000000, -1.000000000000000000 ) ) ;
#3203 = DIRECTION ( 'NONE',  ( 1.000000000000000000, 0.000000000000000000, 0.000000000000000000 ) ) ;
#3204 = CARTESIAN_POINT ( 'NONE',  ( -0.07456565152021019105, 0.03833892558812826423, -0.04495427367712175742 ) ) ;
#3205 = CIRCLE ( 'NONE', #6638, 0.009866500777291436347 ) ;
#3206 = CARTESIAN_POINT ( 'NONE',  ( 0.06870810205938815418, 0.04724409448818897572, 0.04811742286199988117 ) ) ;
#3207 =( NAMED_UNIT ( * ) PLANE_ANGLE_UNIT ( ) SI_UNIT ( $, .RADIAN. ) );
#3208 = EDGE_CURVE ( 'NONE', #654, #7795, #2952, .T. ) ;
#3209 = DIRECTION ( 'NONE',  ( 0.000000000000000000, 0.000000000000000000, -1.000000000000000000 ) ) ;
#3210 = CARTESIAN_POINT ( 'NONE',  ( -0.04402273753570135756, 0.04249201979835715709, 0.07231672433375195552 ) ) ;
#3211 = ORIENTED_EDGE ( 'NONE', *, *, #55, .F. ) ;
#3212 = CARTESIAN_POINT ( 'NONE',  ( 0.1259842519685039353, 0.005905511811023618496, 0.06299212598425198151 ) ) ;
#3213 = VERTEX_POINT ( 'NONE', #2212 ) ;
#3214 = CARTESIAN_POINT ( 'NONE',  ( 0.06889763779527559306, 0.009842519685039369942, 0.06299212598425198151 ) ) ;
#3215 = DIRECTION ( 'NONE',  ( -0.000000000000000000, -1.000000000000000000, -0.000000000000000000 ) ) ;
#3216 = LINE ( 'NONE', #5640, #3016 ) ;
#3217 = CARTESIAN_POINT ( 'NONE',  ( 0.04461798493860436726, 0.04586810874880788841, 0.07029176698497074938 ) ) ;
#3218 = ORIENTED_EDGE ( 'NONE', *, *, #5254, .T. ) ;
#3219 = DIRECTION ( 'NONE',  ( -2.232281561944730346E-16, 1.000000000000000000, 0.000000000000000000 ) ) ;
#3220 = CYLINDRICAL_SURFACE ( 'NONE', #2172, 0.006467032068879520305 ) ;
#3221 = LINE ( 'NONE', #310, #1246 ) ;
#3222 = EDGE_CURVE ( 'NONE', #479, #2354, #974, .T. ) ;
#3223 = CARTESIAN_POINT ( 'NONE',  ( -0.07096433004428567837, 0.04498199997437880848, 0.04350370756854297222 ) ) ;
#3224 = ORIENTED_EDGE ( 'NONE', *, *, #7679, .T. ) ;
#3225 = CARTESIAN_POINT ( 'NONE',  ( -0.07023644914266807815, 0.04633366434060631062, -0.04811742286199988117 ) ) ;
#3226 = ORIENTED_EDGE ( 'NONE', *, *, #7280, .T. ) ;
#3227 = DIRECTION ( 'NONE',  ( -0.5370986485132710486, -0.8435194376925865267, 0.000000000000000000 ) ) ;
#3228 = B_SPLINE_CURVE_WITH_KNOTS ( 'NONE', 3,
 ( #4889, #3751, #828, #4358, #6780, #6185, #6705, #743, #2562, #5008 ),
 .UNSPECIFIED., .F., .F.,
 ( 4, 3, 3, 4 ),
 ( 2.277470861499823325E-16, 4.000545369166058228E-05, 0.0002000054533285552840, 0.0003789617286055712545 ),
 .UNSPECIFIED. ) ;
#3229 = CARTESIAN_POINT ( 'NONE',  ( -0.08659019213609440990, 0.03149606299212598381, -0.06275750304127081236 ) ) ;
#3230 = EDGE_CURVE ( 'NONE', #2724, #1788, #6218, .T. ) ;
#3231 = EDGE_CURVE ( 'NONE', #6400, #7020, #1094, .T. ) ;
#3232 = CARTESIAN_POINT ( 'NONE',  ( 0.04422056448095174758, 0.03973534070287397524, 0.06933230912614135599 ) ) ;
#3233 = PLANE ( 'NONE',  #2403 ) ;
#3234 = DIRECTION ( 'NONE',  ( -1.000000000000000000, 0.000000000000000000, 1.217487476229714096E-15 ) ) ;
#3235 = CARTESIAN_POINT ( 'NONE',  ( 0.07822258814333923893, 0.03149606347722959387, -0.04790303862183444006 ) ) ;
#3236 = CARTESIAN_POINT ( 'NONE',  ( 0.06889763779527559306, 0.009842519685039369942, 0.08267716535433072833 ) ) ;
#3237 = EDGE_LOOP ( 'NONE', ( #218, #4617, #5665, #7246 ) ) ;
#3238 = ORIENTED_EDGE ( 'NONE', *, *, #878, .T. ) ;
#3239 = CARTESIAN_POINT ( 'NONE',  ( 0.04884462017292071079, 0.03190852425293715100, 0.07703375538902736130 ) ) ;
#3240 = EDGE_CURVE ( 'NONE', #7484, #6198, #6503, .T. ) ;
#3241 = LINE ( 'NONE', #3159, #1112 ) ;
#3242 = EDGE_CURVE ( 'NONE', #7795, #2478, #4639, .T. ) ;
#3243 = CARTESIAN_POINT ( 'NONE',  ( 0.000000000000000000, 0.02755905511811023584, 0.000000000000000000 ) ) ;
#3244 = CARTESIAN_POINT ( 'NONE',  ( 0.09842519685039370636, 0.001968503937007873555, 0.01476377952755905665 ) ) ;
#3245 = CYLINDRICAL_SURFACE ( 'NONE', #2864, 0.001968503937007879193 ) ;
#3246 = CARTESIAN_POINT ( 'NONE',  ( -0.04322513669223891630, 0.04724409448818895491, 0.06692913385826773642 ) ) ;
#3247 = VERTEX_POINT ( 'NONE', #1058 ) ;
#3248 = DIRECTION ( 'NONE',  ( 1.000000000000000000, 0.000000000000000000, 0.000000000000000000 ) ) ;
#3249 = EDGE_LOOP ( 'NONE', ( #4209, #4307, #3677, #7377 ) ) ;
#3250 = DIRECTION ( 'NONE',  ( 0.000000000000000000, 0.000000000000000000, -1.000000000000000000 ) ) ;
#3251 = VECTOR ( 'NONE', #1263, 39.37007874015748143 ) ;
#3252 = DIRECTION ( 'NONE',  ( -0.000000000000000000, -0.000000000000000000, -1.000000000000000000 ) ) ;
#3253 = EDGE_CURVE ( 'NONE', #5971, #813, #1613, .T. ) ;
#3254 = CARTESIAN_POINT ( 'NONE',  ( -0.07348851559904658048, 0.03206007351633491376, 0.04594212157005200803 ) ) ;
#3255 = CARTESIAN_POINT ( 'NONE',  ( -0.07021801462978691233, 0.04449515384951296254, -0.04602144791282573866 ) ) ;
#3256 = CARTESIAN_POINT ( 'NONE',  ( 0.04608770172981649371, 0.03967902848520026698, 0.07383997719515987546 ) ) ;
#3257 = VECTOR ( 'NONE', #2125, 39.37007874015748143 ) ;
#3258 = ORIENTED_EDGE ( 'NONE', *, *, #7498, .F. ) ;
#3259 = EDGE_LOOP ( 'NONE', ( #702, #5711, #6679, #6623, #7526, #1852, #435 ) ) ;
#3260 = CARTESIAN_POINT ( 'NONE',  ( 0.07768862124406543390, 0.03257173687834658687, 0.04624785009162313276 ) ) ;
#3261 = ORIENTED_EDGE ( 'NONE', *, *, #971, .F. ) ;
#3262 = CARTESIAN_POINT ( 'NONE',  ( -0.1062992125984252023, 0.009280999427183432571, 0.06299212598425198151 ) ) ;
#3263 = AXIS2_PLACEMENT_3D ( 'NONE', #1506, #6353, #2645 ) ;
#3264 = CARTESIAN_POINT ( 'NONE',  ( 0.07844492334051365867, 0.03149606299212599075, -0.04825027367405473194 ) ) ;
#3265 = CARTESIAN_POINT ( 'NONE',  ( -0.06937002354045339325, 0.04676143729944551991, 0.04339364618986885080 ) ) ;
#3266 = CARTESIAN_POINT ( 'NONE',  ( -0.07108354790047263783, 0.04476932692331947461, 0.04811742286199992280 ) ) ;
#3267 = ORIENTED_EDGE ( 'NONE', *, *, #740, .F. ) ;
#3268 = LINE ( 'NONE', #6962, #1133 ) ;
#3269 = EDGE_CURVE ( 'NONE', #4490, #5531, #1578, .T. ) ;
#3270 = LINE ( 'NONE', #5703, #1427 ) ;
#3271 = VECTOR ( 'NONE', #1582, 39.37007874015748143 ) ;
#3272 = CYLINDRICAL_SURFACE ( 'NONE', #6872, 0.003937007874015749712 ) ;
#3273 = CARTESIAN_POINT ( 'NONE',  ( 0.07605478723426205290, 0.03371638490757852824, -0.04843911828608712250 ) ) ;
#3274 = EDGE_CURVE ( 'NONE', #5294, #568, #5267, .T. ) ;
#3275 = ORIENTED_EDGE ( 'NONE', *, *, #3690, .T. ) ;
#3276 = ORIENTED_EDGE ( 'NONE', *, *, #6158, .F. ) ;
#3277 = CARTESIAN_POINT ( 'NONE',  ( 0.09842519685039370636, 0.03149606299212598381, 0.04894237015283921244 ) ) ;
#3278 = DIRECTION ( 'NONE',  ( 0.7071067811865473507, 0.000000000000000000, -0.7071067811865476838 ) ) ;
#3279 = CARTESIAN_POINT ( 'NONE',  ( 0.07031325133516862225, 0.03792383456189649116, -0.04462688404783510254 ) ) ;
#3280 = VECTOR ( 'NONE', #5913, 39.37007874015748143 ) ;
#3281 = CARTESIAN_POINT ( 'NONE',  ( 0.09645669291338582196, 0.007874015748031495954, 0.04500536227882346446 ) ) ;
#3282 = CARTESIAN_POINT ( 'NONE',  ( -0.04607668758732159919, 0.03333483556450116125, 0.07727539840481058298 ) ) ;
#3283 = EDGE_CURVE ( 'NONE', #6531, #7320, #2863, .T. ) ;
#3284 = EDGE_CURVE ( 'NONE', #7669, #3824, #7711, .T. ) ;
#3285 = EDGE_LOOP ( 'NONE', ( #4379, #6373, #7495, #6577 ) ) ;
#3286 = LINE ( 'NONE', #4372, #7225 ) ;
#3287 = ORIENTED_EDGE ( 'NONE', *, *, #731, .T. ) ;
#3288 =( CONVERSION_BASED_UNIT ( 'INCH', #3930 ) LENGTH_UNIT ( ) NAMED_UNIT ( #7760 ) );
#3289 = AXIS2_PLACEMENT_3D ( 'NONE', #1377, #2056, #2709 ) ;
#3290 = CARTESIAN_POINT ( 'NONE',  ( 0.03997542137918366767, 0.04330708661417322775, -0.07059815599749881543 ) ) ;
#3291 = CARTESIAN_POINT ( 'NONE',  ( -0.07768862124406542002, 0.03257173687834656606, -0.04624785009162318827 ) ) ;
#3292 = CARTESIAN_POINT ( 'NONE',  ( 0.04504971256151096837, 0.03791342768142902386, 0.07479606136928135252 ) ) ;
#3293 = ADVANCED_FACE ( 'NONE', ( #5344 ), #4716, .F. ) ;
#3294 = ORIENTED_EDGE ( 'NONE', *, *, #7357, .T. ) ;
#3295 = CARTESIAN_POINT ( 'NONE',  ( 0.04639660822200680768, 0.03190852425293713018, -0.07804775513994734182 ) ) ;
#3296 = ORIENTED_EDGE ( 'NONE', *, *, #7690, .T. ) ;
#3297 = LINE ( 'NONE', #308, #6718 ) ;
#3298 = CARTESIAN_POINT ( 'NONE',  ( -0.04557435191066702002, 0.04563202121754617036, -0.06962676035647352712 ) ) ;
#3299 = VECTOR ( 'NONE', #1301, 39.37007874015748143 ) ;
#3300 = CARTESIAN_POINT ( 'NONE',  ( 0.07574008034511615917, 0.03617010768134477222, -0.04544073802443970161 ) ) ;
#3301 = CARTESIAN_POINT ( 'NONE',  ( -0.07260030867739593330, 0.04196832454366426074, 0.04557421421691051910 ) ) ;
#3302 = ORIENTED_EDGE ( 'NONE', *, *, #6294, .T. ) ;
#3303 = CARTESIAN_POINT ( 'NONE',  ( 0.1023622047244094613, 0.03149606299212598381, 0.04894237015283921244 ) ) ;
#3304 = VECTOR ( 'NONE', #4199, 39.37007874015748143 ) ;
#3305 = VERTEX_POINT ( 'NONE', #7754 ) ;
#3306 = CARTESIAN_POINT ( 'NONE',  ( 0.1109683108467216656, 0.002993597884792337672, -0.06299212598425198151 ) ) ;
#3307 = CARTESIAN_POINT ( 'NONE',  ( -0.07824095621868581985, 0.03165402063090271695, 0.04685511417332901413 ) ) ;
#3308 = VECTOR ( 'NONE', #7537, 39.37007874015748143 ) ;
#3309 = DIRECTION ( 'NONE',  ( -0.4671737270565684552, -0.8627297996415922432, 0.1935096937066798917 ) ) ;
#3310 = UNCERTAINTY_MEASURE_WITH_UNIT (LENGTH_MEASURE( 1.000000000000000082E-05 ), #3891, 'distance_accuracy_value', 'NONE');
#3311 = DIRECTION ( 'NONE',  ( 1.445602896647343847E-15, 0.000000000000000000, 1.000000000000000000 ) ) ;
#3312 = CARTESIAN_POINT ( 'NONE',  ( -0.1164233781010027835, 0.006467032068879333823, -0.06299212598425198151 ) ) ;
#3313 = ORIENTED_EDGE ( 'NONE', *, *, #2262, .T. ) ;
#3314 = AXIS2_PLACEMENT_3D ( 'NONE', #1915, #4334, #4214 ) ;
#3315 = ORIENTED_EDGE ( 'NONE', *, *, #6268, .T. ) ;
#3316 = CARTESIAN_POINT ( 'NONE',  ( 0.09842519685039370636, 0.01574803149606299191, -0.04894237015283919856 ) ) ;
#3317 = PLANE ( 'NONE',  #6191 ) ;
#3318 = EDGE_CURVE ( 'NONE', #7343, #1914, #5863, .T. ) ;
#3319 = CARTESIAN_POINT ( 'NONE',  ( 0.1067728658505845696, 0.009582591198791106518, -0.06299212598425198151 ) ) ;
#3320 = VECTOR ( 'NONE', #4044, 39.37007874015748143 ) ;
#3321 = LINE ( 'NONE', #5754, #297 ) ;
#3322 = CARTESIAN_POINT ( 'NONE',  ( -0.04832814749176395086, 0.03150944199819079306, 0.07822517568594854198 ) ) ;
#3323 = CARTESIAN_POINT ( 'NONE',  ( 0.000000000000000000, 0.09842519685039370636, -0.03740157480314960925 ) ) ;
#3324 = CARTESIAN_POINT ( 'NONE',  ( -0.04514630795615613701, 0.04387607125905081812, 0.07156725157925832026 ) ) ;
#3325 = ORIENTED_EDGE ( 'NONE', *, *, #1310, .T. ) ;
#3326 = CARTESIAN_POINT ( 'NONE',  ( -0.06692913385826770867, 0.04724409448818898266, 0.04322513669223895794 ) ) ;
#3327 = ORIENTED_EDGE ( 'NONE', *, *, #5907, .F. ) ;
#3328 = AXIS2_PLACEMENT_3D ( 'NONE', #199, #4964, #7408 ) ;
#3329 = CARTESIAN_POINT ( 'NONE',  ( 0.08659019213609440990, 0.03149606299212598381, -0.06275750304127081236 ) ) ;
#3330 = LINE ( 'NONE', #4501, #3046 ) ;
#3331 = CARTESIAN_POINT ( 'NONE',  ( -0.1164233781010027835, 0.006467032068879333823, -0.06299212598425198151 ) ) ;
#3332 = EDGE_CURVE ( 'NONE', #2229, #7343, #2371, .T. ) ;
#3333 = EDGE_CURVE ( 'NONE', #6959, #5208, #1728, .T. ) ;
#3334 = CARTESIAN_POINT ( 'NONE',  ( -0.07479606136928111659, 0.03791342768142937081, -0.04504971256151158593 ) ) ;
#3335 = CARTESIAN_POINT ( 'NONE',  ( 0.04594249379886581469, 0.04481996858434148662, 0.07004822375984250116 ) ) ;
#3336 = ORIENTED_EDGE ( 'NONE', *, *, #769, .F. ) ;
#3337 = CARTESIAN_POINT ( 'NONE',  ( -0.07458574343810998875, 0.03003382268297973001, -0.04811742286199988811 ) ) ;
#3338 = ORIENTED_EDGE ( 'NONE', *, *, #4673, .F. ) ;
#3339 = DIRECTION ( 'NONE',  ( -0.000000000000000000, -1.000000000000000000, -0.000000000000000000 ) ) ;
#3340 = CARTESIAN_POINT ( 'NONE',  ( -0.04339364618986847610, 0.04676143729944515909, -0.06937002354045380959 ) ) ;
#3341 = CARTESIAN_POINT ( 'NONE',  ( 0.04326426005205724623, 0.04330708661417322081, -0.06702358600414667911 ) ) ;
#3342 = EDGE_CURVE ( 'NONE', #5846, #2086, #4602, .T. ) ;
#3343 = CARTESIAN_POINT ( 'NONE',  ( -0.07706878698518307425, 0.03371638490757852824, 0.04599110633517069363 ) ) ;
#3344 = VERTEX_POINT ( 'NONE', #1432 ) ;
#3345 = CARTESIAN_POINT ( 'NONE',  ( 0.07006954814955161648, 0.04476932692331948155, -0.04595995108315452382 ) ) ;
#3346 = ORIENTED_EDGE ( 'NONE', *, *, #5348, .T. ) ;
#3347 = CARTESIAN_POINT ( 'NONE',  ( 0.1023622047244094613, 0.007874015748031471668, 0.01476377952755905838 ) ) ;
#3348 = DIMENSIONAL_EXPONENTS ( 1.000000000000000000, 0.000000000000000000, 0.000000000000000000, 0.000000000000000000, 0.000000000000000000, 0.000000000000000000, 0.000000000000000000 ) ;
#3349 = EDGE_CURVE ( 'NONE', #818, #1293, #4492, .T. ) ;
#3350 = DIRECTION ( 'NONE',  ( -1.000000000000000000, -0.000000000000000000, -0.000000000000000000 ) ) ;
#3351 = CARTESIAN_POINT ( 'NONE',  ( -0.1062992125984252023, 0.01574803149606299191, -0.08267716535433072833 ) ) ;
#3352 = CYLINDRICAL_SURFACE ( 'NONE', #5175, 0.001968503937007879193 ) ;
#3353 = ORIENTED_EDGE ( 'NONE', *, *, #1555, .F. ) ;
#3354 = ORIENTED_EDGE ( 'NONE', *, *, #5147, .F. ) ;
#3355 = CARTESIAN_POINT ( 'NONE',  ( -0.04811742286199997137, 0.03860769112990099922, -0.06994293861179348704 ) ) ;
#3356 = CARTESIAN_POINT ( 'NONE',  ( 0.09783934147817224813, 0.006456313182826401570, -0.01478374683623527412 ) ) ;
#3357 = DIRECTION ( 'NONE',  ( -0.7071067811865473507, 0.000000000000000000, -0.7071067811865475727 ) ) ;
#3358 = DIRECTION ( 'NONE',  ( -1.000000000000000000, 0.000000000000000000, 0.000000000000000000 ) ) ;
#3359 = CARTESIAN_POINT ( 'NONE',  ( 0.09100150360959005646, 0.001968503937007873555, -0.02001312335958005048 ) ) ;
#3360 = CARTESIAN_POINT ( 'NONE',  ( -0.06889763779527559306, 0.009842519685039369942, -0.06299212598425198151 ) ) ;
#3361 = CARTESIAN_POINT ( 'NONE',  ( -0.04506072670400549512, 0.04425762060212810878, 0.07136064015963101970 ) ) ;
#3362 = ORIENTED_EDGE ( 'NONE', *, *, #6963, .T. ) ;
#3363 = CARTESIAN_POINT ( 'NONE',  ( -0.07056394466956129874, 0.04553864599605425556, 0.04347648191620768349 ) ) ;
#3364 = ADVANCED_FACE ( 'NONE', ( #3881 ), #5015, .T. ) ;
#3365 = ORIENTED_EDGE ( 'NONE', *, *, #2458, .T. ) ;
#3366 = CARTESIAN_POINT ( 'NONE',  ( 0.07703289346799023496, 0.03191011596265885819, 0.04884426315353895126 ) ) ;
#3367 = CARTESIAN_POINT ( 'NONE',  ( -0.07006954814955158872, 0.04476932692331948155, 0.04595995108315455158 ) ) ;
#3368 = CARTESIAN_POINT ( 'NONE',  ( -0.07603572988704596081, 0.03562413162296502317, -0.04556320007441630460 ) ) ;
#3369 = CARTESIAN_POINT ( 'NONE',  ( 0.04588147192311456402, 0.04498199997437911379, 0.06997942780049463962 ) ) ;
#3370 = ORIENTED_EDGE ( 'NONE', *, *, #3472, .F. ) ;
#3371 = ORIENTED_EDGE ( 'NONE', *, *, #4318, .F. ) ;
#3372 = DIRECTION ( 'NONE',  ( 1.000000000000000000, -5.706327223607917555E-17, 0.000000000000000000 ) ) ;
#3373 = AXIS2_PLACEMENT_3D ( 'NONE', #2250, #4114, #1735 ) ;
#3374 = EDGE_LOOP ( 'NONE', ( #7043, #3002, #4140, #4748, #7702, #2631, #4230, #6463, #7058, #6259, #6181, #6238 ) ) ;
#3375 = LINE ( 'NONE', #7143, #2389 ) ;
#3376 = CARTESIAN_POINT ( 'NONE',  ( -0.04599110633517058955, 0.03371638490757852130, -0.07706878698518314363 ) ) ;
#3377 = CARTESIAN_POINT ( 'NONE',  ( -0.08659019213609440990, 0.02755905511811023584, 0.06275750304127082624 ) ) ;
#3378 = AXIS2_PLACEMENT_3D ( 'NONE', #5228, #3467, #5932 ) ;
#3379 = CYLINDRICAL_SURFACE ( 'NONE', #7125, 0.003937007874015743640 ) ;
#3380 = ORIENTED_EDGE ( 'NONE', *, *, #6268, .F. ) ;
#3381 = FACE_OUTER_BOUND ( 'NONE', #5931, .T. ) ;
#3382 = ORIENTED_EDGE ( 'NONE', *, *, #2894, .T. ) ;
#3383 = CARTESIAN_POINT ( 'NONE',  ( -0.04639660822200678686, 0.03190852425293712324, 0.07804775513994732794 ) ) ;
#3384 = AXIS2_PLACEMENT_3D ( 'NONE', #1981, #3576, #6002 ) ;
#3385 = EDGE_CURVE ( 'NONE', #5315, #6570, #835, .T. ) ;
#3386 = ADVANCED_FACE ( 'NONE', ( #750 ), #5087, .T. ) ;
#3387 = VECTOR ( 'NONE', #5889, 39.37007874015748143 ) ;
#3388 = CYLINDRICAL_SURFACE ( 'NONE', #7511, 0.006467032068879520305 ) ;
#3389 = CARTESIAN_POINT ( 'NONE',  ( 0.09645669291338584972, 0.03149606299212598381, -0.04894237015283919856 ) ) ;
#3390 = DIRECTION ( 'NONE',  ( 0.000000000000000000, 0.000000000000000000, 1.000000000000000000 ) ) ;
#3391 = EDGE_CURVE ( 'NONE', #7430, #568, #5808, .T. ) ;
#3392 = ORIENTED_EDGE ( 'NONE', *, *, #1971, .F. ) ;
#3393 = VECTOR ( 'NONE', #3180, 39.37007874015748143 ) ;
#3394 = VERTEX_POINT ( 'NONE', #4449 ) ;
#3395 = DIRECTION ( 'NONE',  ( -2.168404344971012812E-15, 0.000000000000000000, -1.000000000000000000 ) ) ;
#3396 = DIRECTION ( 'NONE',  ( 1.000000000000000000, 0.000000000000000000, -4.058291587432376212E-16 ) ) ;
#3397 = CARTESIAN_POINT ( 'NONE',  ( 0.1259842519685039353, 0.005905511811023618496, -0.06299212598425198151 ) ) ;
#3398 = AXIS2_PLACEMENT_3D ( 'NONE', #1330, #3738, #696 ) ;
#3399 = CARTESIAN_POINT ( 'NONE',  ( -0.1259842519685039353, -1.574803884209003054E-18, -0.06299212598425198151 ) ) ;
#3400 = PLANE ( 'NONE',  #6123 ) ;
#3401 = CARTESIAN_POINT ( 'NONE',  ( -0.04790776944891192435, 0.03149606299212599075, 0.07853050406722707211 ) ) ;
#3402 = ORIENTED_EDGE ( 'NONE', *, *, #497, .F. ) ;
#3403 = CIRCLE ( 'NONE', #2868, 0.003937007874015741038 ) ;
#3404 = CARTESIAN_POINT ( 'NONE',  ( 0.07621139373825711050, 0.03342717965053766671, 0.04850398682399765377 ) ) ;
#3405 = CARTESIAN_POINT ( 'NONE',  ( -0.04422056450846689746, 0.03973534058020249810, 0.06933230919256873348 ) ) ;
#3406 = PRODUCT_RELATED_PRODUCT_CATEGORY ( 'part', '', ( #4953 ) ) ;
#3407 = CARTESIAN_POINT ( 'NONE',  ( 0.06584623711124472367, 0.03149606299212598381, -0.09645669291338582196 ) ) ;
#3408 = CARTESIAN_POINT ( 'NONE',  ( 0.04777772901967105440, 0.03193004094268354215, 0.07792006399911514947 ) ) ;
#3409 = VERTEX_POINT ( 'NONE', #4527 ) ;
#3410 = CARTESIAN_POINT ( 'NONE',  ( -0.04348649108168272520, 0.04328404036757053930, 0.06734876800141882669 ) ) ;
#3411 = CIRCLE ( 'NONE', #7345, 0.007874015748031499423 ) ;
#3412 = ORIENTED_EDGE ( 'NONE', *, *, #5787, .F. ) ;
#3413 = CARTESIAN_POINT ( 'NONE',  ( -0.04493235482577916107, 0.04482994461674410375, -0.07105072303018981905 ) ) ;
#3414 = DIRECTION ( 'NONE',  ( -0.000000000000000000, -1.000000000000000000, -0.000000000000000000 ) ) ;
#3415 = VECTOR ( 'NONE', #217, 39.37007874015748143 ) ;
#3416 = EDGE_CURVE ( 'NONE', #7334, #4265, #6065, .T. ) ;
#3417 = CARTESIAN_POINT ( 'NONE',  ( -0.07844787313475064250, 0.03149606299212598381, -0.04824198151853981847 ) ) ;
#3418 = CARTESIAN_POINT ( 'NONE',  ( -0.05511811023622046474, 0.02755905511811023584, 0.1023622047244094613 ) ) ;
#3419 = PLANE ( 'NONE',  #7317 ) ;
#3420 = ORIENTED_EDGE ( 'NONE', *, *, #5005, .T. ) ;
#3421 = CARTESIAN_POINT ( 'NONE',  ( 0.1164233781010027974, -1.600692183787654230E-18, 0.06299212598425198151 ) ) ;
#3422 = CARTESIAN_POINT ( 'NONE',  ( 0.07558313591416232491, 0.02874278477875797516, -0.04681164834284032988 ) ) ;
#3423 = AXIS2_PLACEMENT_3D ( 'NONE', #5717, #7421, #1435 ) ;
#3424 = CARTESIAN_POINT ( 'NONE',  ( 0.04493235482577929985, 0.04482994461674407599, -0.07105072303018981905 ) ) ;
#3425 = EDGE_CURVE ( 'NONE', #1624, #2774, #3842, .T. ) ;
#3426 = LINE ( 'NONE', #1172, #6995 ) ;
#3427 = EDGE_CURVE ( 'NONE', #2355, #4445, #2105, .T. ) ;
#3428 = VECTOR ( 'NONE', #1182, 39.37007874015748143 ) ;
#3429 = CARTESIAN_POINT ( 'NONE',  ( 0.1023622047244094613, 0.007874015748031497688, 0.01870078740157480462 ) ) ;
#3430 = DIRECTION ( 'NONE',  ( 1.000000000000000000, 0.000000000000000000, 0.000000000000000000 ) ) ;
#3431 = ORIENTED_EDGE ( 'NONE', *, *, #4847, .T. ) ;
#3432 = CARTESIAN_POINT ( 'NONE',  ( -0.04577879779687853840, 0.02846948526569289747, -0.07640153241519349880 ) ) ;
#3433 = AXIS2_PLACEMENT_3D ( 'NONE', #5911, #2334, #4773 ) ;
#3434 = CARTESIAN_POINT ( 'NONE',  ( -0.07049932299838639060, 0.04573217900882539655, -0.04346451389532991760 ) ) ;
#3435 = PLANE ( 'NONE',  #5475 ) ;
#3436 = EDGE_CURVE ( 'NONE', #4282, #5482, #1348, .T. ) ;
#3437 = DIRECTION ( 'NONE',  ( 0.000000000000000000, 0.000000000000000000, 1.000000000000000000 ) ) ;
#3438 = CARTESIAN_POINT ( 'NONE',  ( 0.09842519685039370636, 0.01181102362204724567, -0.04500536227882345752 ) ) ;
#3439 = AXIS2_PLACEMENT_3D ( 'NONE', #2871, #2958, #1181 ) ;
#3440 = CARTESIAN_POINT ( 'NONE',  ( 0.07874015748031495954, 0.02755905511811022543, 0.04811742286199987423 ) ) ;
#3441 = VERTEX_POINT ( 'NONE', #3757 ) ;
#3442 = ORIENTED_EDGE ( 'NONE', *, *, #192, .T. ) ;
#3443 = LINE ( 'NONE', #3329, #808 ) ;
#3444 = CIRCLE ( 'NONE', #4727, 0.006467032068879366782 ) ;
#3445 = B_SPLINE_CURVE_WITH_KNOTS ( 'NONE', 3,
 ( #5736, #4473, #6333, #4591, #346, #6376, #7478, #889, #2737, #5214, #3300, #2705, #6883, #1569, #3983, #5176, #4628, #2627, #7630 ),
 .UNSPECIFIED., .F., .F.,
 ( 4, 3, 3, 3, 3, 3, 4 ),
 ( -4.686221217514133446E-08, -1.323488980084844280E-23, 1.756499305425090468E-05, 9.886359225695448983E-05, 0.0001785335741837352325, 0.0003785335741837350795, 0.0003785935741837348316 ),
 .UNSPECIFIED. ) ;
#3446 = CARTESIAN_POINT ( 'NONE',  ( -0.1023622047244094613, 0.03149606299212598381, -0.04894237015283919856 ) ) ;
#3447 = CARTESIAN_POINT ( 'NONE',  ( -0.08659019213609440990, 0.03149606299212598381, -0.05880887093013063144 ) ) ;
#3448 = DIMENSIONAL_EXPONENTS ( 1.000000000000000000, 0.000000000000000000, 0.000000000000000000, 0.000000000000000000, 0.000000000000000000, 0.000000000000000000, 0.000000000000000000 ) ;
#3449 =( GEOMETRIC_REPRESENTATION_CONTEXT ( 3 ) GLOBAL_UNCERTAINTY_ASSIGNED_CONTEXT ( ( #3310 ) ) GLOBAL_UNIT_ASSIGNED_CONTEXT ( ( #3891, #2616, #1357 ) ) REPRESENTATION_CONTEXT ( 'NONE', 'WORKASPACE' ) );
#3450 = ORIENTED_EDGE ( 'NONE', *, *, #6792, .F. ) ;
#3451 = LINE ( 'NONE', #4659, #640 ) ;
#3452 = ORIENTED_EDGE ( 'NONE', *, *, #7606, .T. ) ;
#3453 = LINE ( 'NONE', #5885, #5554 ) ;
#3454 = CARTESIAN_POINT ( 'NONE',  ( -0.04612842447801428908, 0.04401821717066633360, -0.07047627890432126008 ) ) ;
#3455 = DIRECTION ( 'NONE',  ( 0.000000000000000000, 1.000000000000000000, 0.000000000000000000 ) ) ;
#3456 = CARTESIAN_POINT ( 'NONE',  ( 0.09842519685039370636, 0.001968503937007873555, 0.01476377952755905665 ) ) ;
#3457 = LINE ( 'NONE', #7067, #5354 ) ;
#3458 = VERTEX_POINT ( 'NONE', #4402 ) ;
#3459 = CARTESIAN_POINT ( 'NONE',  ( -0.07355165176928900317, 0.03833892558812856954, -0.04740228562803813772 ) ) ;
#3460 = EDGE_LOOP ( 'NONE', ( #3481, #1300, #4388, #4081, #1702, #3294, #3728, #3744 ) ) ;
#3461 = CARTESIAN_POINT ( 'NONE',  ( -0.04647668145010994817, 0.03184913153517647533, 0.07807991667804159430 ) ) ;
#3462 = CARTESIAN_POINT ( 'NONE',  ( 0.07712341129315797295, 0.02782460327892594121, -0.04744235358433070843 ) ) ;
#3463 = ADVANCED_FACE ( 'NONE', ( #6903 ), #6935, .F. ) ;
#3464 = CARTESIAN_POINT ( 'NONE',  ( 0.04621400573016510444, 0.04363666782758902213, -0.07068289032394868554 ) ) ;
#3465 = DIRECTION ( 'NONE',  ( 1.000000000000000000, 0.000000000000000000, 0.000000000000000000 ) ) ;
#3466 = VERTEX_POINT ( 'NONE', #5670 ) ;
#3467 = DIRECTION ( 'NONE',  ( 2.707733616970879528E-18, -1.000000000000000000, 0.000000000000000000 ) ) ;
#3468 = CARTESIAN_POINT ( 'NONE',  ( -0.08659019213609440990, 0.03149606299212598381, -0.06275750304127081236 ) ) ;
#3469 = ORIENTED_EDGE ( 'NONE', *, *, #3240, .T. ) ;
#3470 = EDGE_CURVE ( 'NONE', #2507, #3630, #3241, .T. ) ;
#3471 = ORIENTED_EDGE ( 'NONE', *, *, #4745, .T. ) ;
#3472 = EDGE_CURVE ( 'NONE', #7414, #407, #5585, .T. ) ;
#3473 = DIRECTION ( 'NONE',  ( -1.000000000000000000, 0.000000000000000000, 0.000000000000000000 ) ) ;
#3474 = CARTESIAN_POINT ( 'NONE',  ( 0.05511811023622047861, 0.03149606299212598381, -0.09645669291338584972 ) ) ;
#3475 = CARTESIAN_POINT ( 'NONE',  ( -0.04349625579935358088, 0.04516878112902080605, -0.07086724088274734545 ) ) ;
#3476 = CARTESIAN_POINT ( 'NONE',  ( -0.1023622047244094613, 0.007874015748031471668, -0.01476377952755905838 ) ) ;
#3477 = B_SPLINE_CURVE_WITH_KNOTS ( 'NONE', 3,
 ( #3961, #2833, #6429, #1961 ),
 .UNSPECIFIED., .F., .F.,
 ( 4, 4 ),
 ( 0.000000000000000000, 0.1223648851125920534 ),
 .UNSPECIFIED. ) ;
#3478 = DIRECTION ( 'NONE',  ( 0.000000000000000000, 1.000000000000000000, -3.614007241618364055E-16 ) ) ;
#3479 = ORIENTED_EDGE ( 'NONE', *, *, #5183, .F. ) ;
#3480 = ADVANCED_FACE ( 'NONE', ( #871 ), #3317, .F. ) ;
#3481 = ORIENTED_EDGE ( 'NONE', *, *, #920, .T. ) ;
#3482 = EDGE_CURVE ( 'NONE', #902, #576, #3799, .T. ) ;
#3483 = CARTESIAN_POINT ( 'NONE',  ( 0.07423763279379243241, 0.03707212431579447881, 0.04768642827191807432 ) ) ;
#3484 = CARTESIAN_POINT ( 'NONE',  ( 0.04697620710987568393, 0.04023852362646644643, -0.07252300723210539091 ) ) ;
#3485 = DIRECTION ( 'NONE',  ( 0.000000000000000000, 0.000000000000000000, -1.000000000000000000 ) ) ;
#3486 = CARTESIAN_POINT ( 'NONE',  ( 0.04351193913223752596, 0.04476932692331957175, 0.07108354790047279048 ) ) ;
#3487 = DIRECTION ( 'NONE',  ( -0.000000000000000000, -0.000000000000000000, -1.000000000000000000 ) ) ;
#3488 = ORIENTED_EDGE ( 'NONE', *, *, #1013, .T. ) ;
#3489 = CARTESIAN_POINT ( 'NONE',  ( -0.06692913385826770867, 0.04330708661417322081, 0.04811742286199992280 ) ) ;
#3490 = ORIENTED_EDGE ( 'NONE', *, *, #1224, .F. ) ;
#3491 = ADVANCED_FACE ( 'NONE', ( #5049 ), #5123, .T. ) ;
#3492 = CARTESIAN_POINT ( 'NONE',  ( -0.1164233781010027974, -1.600692183787654230E-18, -0.06299212598425198151 ) ) ;
#3493 = CARTESIAN_POINT ( 'NONE',  ( -0.04598272780507823426, 0.04469496946141581634, -0.07010371479774368808 ) ) ;
#3494 = CARTESIAN_POINT ( 'NONE',  ( -0.07677165354330711677, 0.001968503937007873555, 0.02263779527559055954 ) ) ;
#3495 = CARTESIAN_POINT ( 'NONE',  ( -0.07626139865388954775, 0.03333483556450125840, 0.04852469953823784071 ) ) ;
#3496 = ORIENTED_EDGE ( 'NONE', *, *, #412, .F. ) ;
#3497 = VERTEX_POINT ( 'NONE', #2526 ) ;
#3498 = CARTESIAN_POINT ( 'NONE',  ( 0.07677165354330711677, 0.001968503937007873555, -0.01870078740157480462 ) ) ;
#3499 = ORIENTED_EDGE ( 'NONE', *, *, #6645, .T. ) ;
#3500 = CARTESIAN_POINT ( 'NONE',  ( 4.966087413865252318E-18, 0.04330708661417323468, -0.04055118110236220763 ) ) ;
#3501 = DIRECTION ( 'NONE',  ( -1.000000000000000000, 0.000000000000000000, -1.445602896647344044E-15 ) ) ;
#3502 = CARTESIAN_POINT ( 'NONE',  ( 0.04491104375890722644, 0.04493333741124213437, -0.07099927356351894148 ) ) ;
#3503 = AXIS2_PLACEMENT_3D ( 'NONE', #1534, #4704, #349 ) ;
#3504 = CARTESIAN_POINT ( 'NONE',  ( -0.04729853379859202261, 0.02796622616612029141, 0.07676281534275357366 ) ) ;
#3505 = DIRECTION ( 'NONE',  ( 0.000000000000000000, 0.000000000000000000, -1.000000000000000000 ) ) ;
#3506 = EDGE_LOOP ( 'NONE', ( #3620, #1746, #2159, #5624 ) ) ;
#3507 = CARTESIAN_POINT ( 'NONE',  ( 0.1259842519685039353, 0.005905511811023618496, 0.08267716535433072833 ) ) ;
#3508 = AXIS2_PLACEMENT_3D ( 'NONE', #1068, #478, #2363 ) ;
#3509 = CARTESIAN_POINT ( 'NONE',  ( 0.04336891308200387790, 0.04678773088183504902, -0.06913144007826220461 ) ) ;
#3510 = EDGE_LOOP ( 'NONE', ( #7437, #2400, #2074, #2167 ) ) ;
#3511 = EDGE_LOOP ( 'NONE', ( #3976, #7341, #6329, #1945 ) ) ;
#3512 = CARTESIAN_POINT ( 'NONE',  ( -0.04685950238347243862, 0.02755905511811023584, -0.07748223700178739903 ) ) ;
#3513 = CARTESIAN_POINT ( 'NONE',  ( 0.06889763779527559306, 0.01574803149606299191, 0.08267716535433072833 ) ) ;
#3514 = VECTOR ( 'NONE', #7159, 39.37007874015748143 ) ;
#3515 = PLANE ( 'NONE',  #7376 ) ;
#3516 = CARTESIAN_POINT ( 'NONE',  ( -0.06889763779527559306, 0.01574803149606299191, 0.06299212598425198151 ) ) ;
#3517 = LINE ( 'NONE', #4767, #3251 ) ;
#3518 = CIRCLE ( 'NONE', #5067, 0.003937007874015741038 ) ;
#3519 = CARTESIAN_POINT ( 'NONE',  ( -0.07593936677891714726, 0.02844911768440773134, -0.04695695470829602119 ) ) ;
#3520 = ORIENTED_EDGE ( 'NONE', *, *, #6167, .F. ) ;
#3521 = ORIENTED_EDGE ( 'NONE', *, *, #3137, .F. ) ;
#3522 = LINE ( 'NONE', #2925, #7522 ) ;
#3523 = CARTESIAN_POINT ( 'NONE',  ( 0.04809107167879426992, 0.03526809104689512808, -0.07521452839459784323 ) ) ;
#3524 = PRESENTATION_LAYER_ASSIGNMENT (  '', '', ( #4812 ) ) ;
#3525 = DIRECTION ( 'NONE',  ( 0.000000000000000000, -1.000000000000000000, 0.000000000000000000 ) ) ;
#3526 = EDGE_CURVE ( 'NONE', #6048, #6451, #799, .T. ) ;
#3527 = DIRECTION ( 'NONE',  ( 1.000000000000000000, 0.000000000000000000, 0.000000000000000000 ) ) ;
#3528 = EDGE_CURVE ( 'NONE', #3899, #5700, #5679, .T. ) ;
#3529 = CARTESIAN_POINT ( 'NONE',  ( 0.04840025161949660509, 0.03149606299212594912, 0.07807648606036621253 ) ) ;
#3530 = ORIENTED_EDGE ( 'NONE', *, *, #2261, .F. ) ;
#3531 = CARTESIAN_POINT ( 'NONE',  ( 0.07108354790047277660, 0.04476932692331955788, -0.04351193913223753984 ) ) ;
#3532 = VECTOR ( 'NONE', #3339, 39.37007874015748143 ) ;
#3533 = ORIENTED_EDGE ( 'NONE', *, *, #4707, .F. ) ;
#3534 = DIRECTION ( 'NONE',  ( 0.000000000000000000, 0.000000000000000000, 1.000000000000000000 ) ) ;
#3535 = VECTOR ( 'NONE', #6479, 39.37007874015748143 ) ;
#3536 = CARTESIAN_POINT ( 'NONE',  ( -0.04745700176422910921, 0.03357423899596292255, -0.07714575990919943227 ) ) ;
#3537 = CARTESIAN_POINT ( 'NONE',  ( 0.08659019213609440990, 0.03149606299212598381, 0.06275750304127082624 ) ) ;
#3538 = CARTESIAN_POINT ( 'NONE',  ( -0.07758531553425167260, 0.03276251154988524261, 0.04620505946554774590 ) ) ;
#3539 = ADVANCED_FACE ( 'NONE', ( #3547 ), #1547, .F. ) ;
#3540 = VECTOR ( 'NONE', #5496, 39.37007874015748143 ) ;
#3541 = ORIENTED_EDGE ( 'NONE', *, *, #2623, .F. ) ;
#3542 = CARTESIAN_POINT ( 'NONE',  ( -0.05118110236220472370, 0.01574803149606299191, -0.09842519685039370636 ) ) ;
#3543 = ORIENTED_EDGE ( 'NONE', *, *, #2357, .F. ) ;
#3544 = LINE ( 'NONE', #6726, #16 ) ;
#3545 = CARTESIAN_POINT ( 'NONE',  ( 0.04694351425132354400, 0.03586353505442696488, -0.07590609139143499051 ) ) ;
#3546 = VECTOR ( 'NONE', #417, 39.37007874015748143 ) ;
#3547 = FACE_OUTER_BOUND ( 'NONE', #1661, .T. ) ;
#3548 = DIRECTION ( 'NONE',  ( -0.000000000000000000, -0.000000000000000000, -1.000000000000000000 ) ) ;
#3549 = EDGE_CURVE ( 'NONE', #663, #3168, #5974, .T. ) ;
#3550 = UNCERTAINTY_MEASURE_WITH_UNIT (LENGTH_MEASURE( 1.000000000000000082E-05 ), #3288, 'distance_accuracy_value', 'NONE');
#3551 = CARTESIAN_POINT ( 'NONE',  ( 0.1259842519685039353, -1.574803884209003054E-18, -0.06299212598425198151 ) ) ;
#3552 = ORIENTED_EDGE ( 'NONE', *, *, #2571, .F. ) ;
#3553 = DIRECTION ( 'NONE',  ( 0.1935096937285250840, 0.8627297996392252477, 0.4671737270518910301 ) ) ;
#3554 = VECTOR ( 'NONE', #1230, 39.37007874015748143 ) ;
#3555 = ORIENTED_EDGE ( 'NONE', *, *, #2466, .T. ) ;
#3556 = CARTESIAN_POINT ( 'NONE',  ( -0.07580254313921527820, 0.03003382268297973001, -0.04517980852090008881 ) ) ;
#3557 = CARTESIAN_POINT ( 'NONE',  ( 0.1117542798527060843, 0.01275443361127101029, 0.06299212598425198151 ) ) ;
#3558 = CIRCLE ( 'NONE', #4463, 0.003937007874015749712 ) ;
#3559 = DIRECTION ( 'NONE',  ( -0.7071067811865479058, 0.000000000000000000, -0.7071067811865471286 ) ) ;
#3560 = LINE ( 'NONE', #633, #1792 ) ;
#3561 = CARTESIAN_POINT ( 'NONE',  ( -0.04811742286199988811, 0.03149606299212598381, 0.07874015748031495954 ) ) ;
#3562 = CARTESIAN_POINT ( 'NONE',  ( -0.07332611692551056770, 0.04476932692331947461, 0.04270338230719556566 ) ) ;
#3563 = ORIENTED_EDGE ( 'NONE', *, *, #1063, .F. ) ;
#3564 = VECTOR ( 'NONE', #1951, 39.37007874015748143 ) ;
#3565 = EDGE_LOOP ( 'NONE', ( #112, #7375, #4323, #951, #1988, #5882, #270, #1132 ) ) ;
#3566 = CARTESIAN_POINT ( 'NONE',  ( 0.08659019213609440990, 0.03149606299212598381, -0.05880887093013063144 ) ) ;
#3567 = EDGE_CURVE ( 'NONE', #6697, #2654, #324, .T. ) ;
#3568 = DIRECTION ( 'NONE',  ( 1.000000000000000000, 0.000000000000000000, 0.000000000000000000 ) ) ;
#3569 = CARTESIAN_POINT ( 'NONE',  ( 0.000000000000000000, 0.09842519685039370636, 0.000000000000000000 ) ) ;
#3570 = DIRECTION ( 'NONE',  ( -0.000000000000000000, -1.000000000000000000, -0.000000000000000000 ) ) ;
#3571 = LINE ( 'NONE', #5285, #2152 ) ;
#3572 = ORIENTED_EDGE ( 'NONE', *, *, #4164, .T. ) ;
#3573 = CARTESIAN_POINT ( 'NONE',  ( 0.07036709519938851021, 0.04576048623857124908, -0.04346247515747388851 ) ) ;
#3574 = ORIENTED_EDGE ( 'NONE', *, *, #5803, .T. ) ;
#3575 = CIRCLE ( 'NONE', #3695, 0.006467032068879520305 ) ;
#3576 = DIRECTION ( 'NONE',  ( 0.000000000000000000, 0.000000000000000000, 1.000000000000000000 ) ) ;
#3577 = DIRECTION ( 'NONE',  ( 0.000000000000000000, 0.000000000000000000, -1.000000000000000000 ) ) ;
#3578 = CARTESIAN_POINT ( 'NONE',  ( -0.04869586204253957551, 0.03257173687834654524, -0.07667462149314446807 ) ) ;
#3579 = EDGE_CURVE ( 'NONE', #5531, #3866, #4608, .T. ) ;
#3580 = CARTESIAN_POINT ( 'NONE',  ( -0.1164233781010027835, 0.005905511811023553444, 0.06299212598425198151 ) ) ;
#3581 = FACE_OUTER_BOUND ( 'NONE', #7473, .T. ) ;
#3582 = AXIS2_PLACEMENT_3D ( 'NONE', #5164, #1031, #481 ) ;
#3583 = EDGE_LOOP ( 'NONE', ( #7037, #1892, #841, #6693 ) ) ;
#3584 = CARTESIAN_POINT ( 'NONE',  ( -0.04748410656847996264, 0.03797414095024418540, 0.07374918499338971312 ) ) ;
#3585 = ORIENTED_EDGE ( 'NONE', *, *, #7357, .F. ) ;
#3586 = CARTESIAN_POINT ( 'NONE',  ( 0.07069972069918707691, 0.04538425365438054221, 0.04348544396992817113 ) ) ;
#3587 = DIRECTION ( 'NONE',  ( 0.000000000000000000, -3.614007241618363562E-16, -1.000000000000000000 ) ) ;
#3588 = CARTESIAN_POINT ( 'NONE',  ( 0.04540305171260882594, 0.04273142322981864083, -0.07218708583814067992 ) ) ;
#3589 = ADVANCED_FACE ( 'NONE', ( #2756 ), #6574, .T. ) ;
#3590 = AXIS2_PLACEMENT_3D ( 'NONE', #4156, #3001, #50 ) ;
#3591 = CARTESIAN_POINT ( 'NONE',  ( 0.09798960830917084752, 0.006620215824508860099, -0.01477495182005980102 ) ) ;
#3592 = DIRECTION ( 'NONE',  ( 0.000000000000000000, 0.000000000000000000, -1.000000000000000000 ) ) ;
#3593 = ORIENTED_EDGE ( 'NONE', *, *, #7368, .F. ) ;
#3594 = CARTESIAN_POINT ( 'NONE',  ( -0.06889763779527559306, 0.01574803149606299191, -0.06299212598425198151 ) ) ;
#3595 = ORIENTED_EDGE ( 'NONE', *, *, #1939, .F. ) ;
#3596 = CARTESIAN_POINT ( 'NONE',  ( -0.04771374552068146507, 0.03242959096673101588, 0.07776559416808179193 ) ) ;
#3597 = ORIENTED_EDGE ( 'NONE', *, *, #5054, .T. ) ;
#3598 = VERTEX_POINT ( 'NONE', #6657 ) ;
#3599 = EDGE_CURVE ( 'NONE', #6757, #498, #5376, .T. ) ;
#3600 = LINE ( 'NONE', #3513, #7627 ) ;
#3601 = CYLINDRICAL_SURFACE ( 'NONE', #7628, 0.009866500777291436347 ) ;
#3602 = PRODUCT_DEFINITION_SHAPE ( 'NONE', 'NONE',  #3997 ) ;
#3603 = CARTESIAN_POINT ( 'NONE',  ( -0.05118110236220469594, 0.01181102362204724567, -0.09842519685039370636 ) ) ;
#3604 = DIRECTION ( 'NONE',  ( 0.000000000000000000, 0.000000000000000000, 1.000000000000000000 ) ) ;
#3605 = VERTEX_POINT ( 'NONE', #7568 ) ;
#3606 = ORIENTED_EDGE ( 'NONE', *, *, #5631, .T. ) ;
#3607 = CARTESIAN_POINT ( 'NONE',  ( 0.07038850258441088636, 0.04330708661417322081, 0.03976576796609578718 ) ) ;
#3608 = DIRECTION ( 'NONE',  ( 0.000000000000000000, 0.000000000000000000, -1.000000000000000000 ) ) ;
#3609 = DIRECTION ( 'NONE',  ( 0.000000000000000000, 0.000000000000000000, -1.000000000000000000 ) ) ;
#3610 = CARTESIAN_POINT ( 'NONE',  ( 0.07677165354330711677, 0.005905511811023621965, -0.02263779527559056301 ) ) ;
#3611 = ORIENTED_EDGE ( 'NONE', *, *, #4216, .T. ) ;
#3612 = DIRECTION ( 'NONE',  ( 0.000000000000000000, -1.000000000000000000, 0.000000000000000000 ) ) ;
#3613 = EDGE_LOOP ( 'NONE', ( #49, #589, #369, #656 ) ) ;
#3614 = FACE_OUTER_BOUND ( 'NONE', #6323, .T. ) ;
#3615 = CARTESIAN_POINT ( 'NONE',  ( -0.05118110236220472370, 0.01574803149606299191, -0.1023622047244094613 ) ) ;
#3616 = CARTESIAN_POINT ( 'NONE',  ( 0.04811742286199990892, 0.03619545847639819847, 0.07572635272678920892 ) ) ;
#3617 = ORIENTED_EDGE ( 'NONE', *, *, #6370, .F. ) ;
#3618 = EDGE_CURVE ( 'NONE', #4311, #6945, #3998, .T. ) ;
#3619 = FACE_OUTER_BOUND ( 'NONE', #5797, .T. ) ;
#3620 = ORIENTED_EDGE ( 'NONE', *, *, #3083, .F. ) ;
#3621 = CARTESIAN_POINT ( 'NONE',  ( 0.06962676035647345774, 0.04563202121754632995, 0.04557435191066692287 ) ) ;
#3622 = CARTESIAN_POINT ( 'NONE',  ( -0.09645669291338584972, 0.000000000000000000, -0.02657480314960630058 ) ) ;
#3623 = DIRECTION ( 'NONE',  ( -0.7071067811865476838, -0.000000000000000000, -0.7071067811865473507 ) ) ;
#3624 = FACE_OUTER_BOUND ( 'NONE', #1217, .T. ) ;
#3625 = EDGE_CURVE ( 'NONE', #4445, #5045, #4568, .T. ) ;
#3626 = CARTESIAN_POINT ( 'NONE',  ( 0.06889763779527559306, 0.01574803149606299191, 0.06299212598425198151 ) ) ;
#3627 = EDGE_CURVE ( 'NONE', #4739, #5294, #2311, .T. ) ;
#3628 = ORIENTED_EDGE ( 'NONE', *, *, #3828, .F. ) ;
#3629 = CARTESIAN_POINT ( 'NONE',  ( -0.04777676044448224413, 0.03216084518934593517, 0.07791772565175299203 ) ) ;
#3630 = VERTEX_POINT ( 'NONE', #363 ) ;
#3631 = ORIENTED_EDGE ( 'NONE', *, *, #5380, .T. ) ;
#3632 = PLANE ( 'NONE',  #4226 ) ;
#3633 = FACE_BOUND ( 'NONE', #1173, .T. ) ;
#3634 = VECTOR ( 'NONE', #6139, 39.37007874015748143 ) ;
#3635 = DIRECTION ( 'NONE',  ( 0.000000000000000000, 0.000000000000000000, -1.000000000000000000 ) ) ;
#3636 = DIRECTION ( 'NONE',  ( 0.000000000000000000, 0.000000000000000000, 1.000000000000000000 ) ) ;
#3637 = ADVANCED_FACE ( 'NONE', ( #580 ), #2982, .F. ) ;
#3638 = LINE ( 'NONE', #1819, #3123 ) ;
#3639 = ORIENTED_EDGE ( 'NONE', *, *, #5147, .T. ) ;
#3640 = LINE ( 'NONE', #6076, #433 ) ;
#3641 = VECTOR ( 'NONE', #7556, 39.37007874015749564 ) ;
#3642 = DIRECTION ( 'NONE',  ( -0.000000000000000000, -1.000000000000000000, -0.000000000000000000 ) ) ;
#3643 = CARTESIAN_POINT ( 'NONE',  ( -0.05118110236220469594, 0.01181102362204724567, 0.09842519685039370636 ) ) ;
#3644 = DIRECTION ( 'NONE',  ( 0.000000000000000000, 0.000000000000000000, 1.000000000000000000 ) ) ;
#3645 = DIRECTION ( 'NONE',  ( 0.000000000000000000, 0.000000000000000000, -1.000000000000000000 ) ) ;
#3646 = ORIENTED_EDGE ( 'NONE', *, *, #2962, .T. ) ;
#3647 = CARTESIAN_POINT ( 'NONE',  ( 0.09842519685039370636, 0.01574803149606299191, -0.04894237015283919856 ) ) ;
#3648 = ORIENTED_EDGE ( 'NONE', *, *, #5906, .T. ) ;
#3649 = DIRECTION ( 'NONE',  ( 1.000000000000000000, 0.000000000000000000, 0.000000000000000000 ) ) ;
#3650 = AXIS2_PLACEMENT_3D ( 'NONE', #7318, #1926, #6840 ) ;
#3651 = CARTESIAN_POINT ( 'NONE',  ( -0.1023622047244094613, 0.005905511811023621965, 0.01476377952755905838 ) ) ;
#3652 = CARTESIAN_POINT ( 'NONE',  ( -0.04865307141646414008, 0.03276251154988524261, -0.07657131578333073452 ) ) ;
#3653 = CARTESIAN_POINT ( 'NONE',  ( 0.06331663509238939780, 0.03149606299212598381, -0.08603106008497583834 ) ) ;
#3654 = CARTESIAN_POINT ( 'NONE',  ( -0.07098615696155627375, 0.04494917878645577486, -0.04490561068448205295 ) ) ;
#3655 = PLANE ( 'NONE',  #6505 ) ;
#3656 = MECHANICAL_DESIGN_GEOMETRIC_PRESENTATION_REPRESENTATION (  '', ( #4812 ), #4682 ) ;
#3657 = CARTESIAN_POINT ( 'NONE',  ( 0.04351224387191313797, 0.04476796829371383624, 0.07108428360712937266 ) ) ;
#3658 = ORIENTED_EDGE ( 'NONE', *, *, #4395, .T. ) ;
#3659 = LINE ( 'NONE', #7352, #390 ) ;
#3660 = CARTESIAN_POINT ( 'NONE',  ( 0.04840025162037993323, 0.03149606299212597688, -0.07807648606074417408 ) ) ;
#3661 = B_SPLINE_CURVE_WITH_KNOTS ( 'NONE', 3,
 ( #6064, #4887, #2325, #2356, #4799, #5500, #1770, #4238 ),
 .UNSPECIFIED., .F., .F.,
 ( 4, 2, 2, 4 ),
 ( 0.000000000000000000, 0.2499999999999975020, 0.4999999999999950040, 1.000000000000000000 ),
 .UNSPECIFIED. ) ;
#3662 = CIRCLE ( 'NONE', #6588, 0.006467032068879366782 ) ;
#3663 = CARTESIAN_POINT ( 'NONE',  ( 0.08659019213609440990, 0.02755905511811023584, -0.05880887093013063144 ) ) ;
#3664 = ORIENTED_EDGE ( 'NONE', *, *, #4294, .T. ) ;
#3665 = CARTESIAN_POINT ( 'NONE',  ( -0.09645669291338584972, 0.02755905511811023584, 0.05511811023622045780 ) ) ;
#3666 = ORIENTED_EDGE ( 'NONE', *, *, #922, .F. ) ;
#3667 = CARTESIAN_POINT ( 'NONE',  ( -0.04762816426853085788, 0.03281114030980838286, 0.07755898274845404727 ) ) ;
#3668 = VERTEX_POINT ( 'NONE', #1803 ) ;
#3669 = AXIS2_PLACEMENT_3D ( 'NONE', #2207, #4633, #7072 ) ;
#3670 = EDGE_LOOP ( 'NONE', ( #6424, #2012, #2839, #2289, #1070, #2876, #6886 ) ) ;
#3671 = CARTESIAN_POINT ( 'NONE',  ( 0.07038850258441081698, 0.04724409448818895491, -0.03976576796609586351 ) ) ;
#3672 = EDGE_CURVE ( 'NONE', #7343, #6537, #618, .T. ) ;
#3673 = EDGE_CURVE ( 'NONE', #1932, #3878, #7400, .T. ) ;
#3674 = DIRECTION ( 'NONE',  ( 0.000000000000000000, 0.000000000000000000, 1.000000000000000000 ) ) ;
#3675 = CIRCLE ( 'NONE', #279, 0.03937007874015747977 ) ;
#3676 = CARTESIAN_POINT ( 'NONE',  ( -0.07031325140159565279, 0.03792383443922561076, -0.04462688407535013446 ) ) ;
#3677 = ORIENTED_EDGE ( 'NONE', *, *, #1650, .F. ) ;
#3678 = ORIENTED_EDGE ( 'NONE', *, *, #7606, .F. ) ;
#3679 = VECTOR ( 'NONE', #3036, 39.37007874015748143 ) ;
#3680 = DIRECTION ( 'NONE',  ( 0.000000000000000000, 0.000000000000000000, 1.000000000000000000 ) ) ;
#3681 = EDGE_CURVE ( 'NONE', #6953, #1640, #72, .T. ) ;
#3682 = CARTESIAN_POINT ( 'NONE',  ( 0.07572635272678919505, 0.03619545847639819847, 0.04811742286199987423 ) ) ;
#3683 = DIRECTION ( 'NONE',  ( 0.000000000000000000, 0.000000000000000000, -1.000000000000000000 ) ) ;
#3684 = AXIS2_PLACEMENT_3D ( 'NONE', #6635, #6518, #4854 ) ;
#3685 = CARTESIAN_POINT ( 'NONE',  ( -0.09842519685039370636, 0.005905511811023621965, 0.02263779527559055260 ) ) ;
#3686 = EDGE_LOOP ( 'NONE', ( #6980, #4916, #4616, #459 ) ) ;
#3687 = VERTEX_POINT ( 'NONE', #3023 ) ;
#3688 = CARTESIAN_POINT ( 'NONE',  ( 0.07073673624092885470, 0.04531652898055527762, -0.04348873897158599816 ) ) ;
#3689 = EDGE_LOOP ( 'NONE', ( #6632, #6755, #2392, #7660 ) ) ;
#3690 = EDGE_CURVE ( 'NONE', #7578, #3705, #5605, .T. ) ;
#3691 = CIRCLE ( 'NONE', #5734, 0.007874015748031499423 ) ;
#3692 = DIRECTION ( 'NONE',  ( 1.000000000000000000, 0.000000000000000000, 0.000000000000000000 ) ) ;
#3693 = DIRECTION ( 'NONE',  ( -1.000000000000000000, 0.000000000000000000, 0.000000000000000000 ) ) ;
#3694 = ORIENTED_EDGE ( 'NONE', *, *, #2993, .F. ) ;
#3695 = AXIS2_PLACEMENT_3D ( 'NONE', #4746, #2204, #1753 ) ;
#3696 = ORIENTED_EDGE ( 'NONE', *, *, #4305, .F. ) ;
#3697 = CARTESIAN_POINT ( 'NONE',  ( 0.07105612511580304547, 0.04481996858434143804, 0.04350920467577169826 ) ) ;
#3698 = DIRECTION ( 'NONE',  ( 0.000000000000000000, -3.614007241618363562E-16, 1.000000000000000000 ) ) ;
#3699 = FACE_OUTER_BOUND ( 'NONE', #5915, .T. ) ;
#3700 = CYLINDRICAL_SURFACE ( 'NONE', #990, 0.0005615202578557803789 ) ;
#3701 = AXIS2_PLACEMENT_3D ( 'NONE', #2381, #5444, #5518 ) ;
#3702 = CARTESIAN_POINT ( 'NONE',  ( -0.04811742286199997137, 0.03190852425293756733, -0.07804775513994748060 ) ) ;
#3703 = ORIENTED_EDGE ( 'NONE', *, *, #2976, .F. ) ;
#3704 = DIRECTION ( 'NONE',  ( 0.000000000000000000, 0.000000000000000000, 1.000000000000000000 ) ) ;
#3705 = VERTEX_POINT ( 'NONE', #3740 ) ;
#3706 = DIRECTION ( 'NONE',  ( -0.8435194376925866377, 0.5370986485132713817, 0.000000000000000000 ) ) ;
#3707 = ORIENTED_EDGE ( 'NONE', *, *, #436, .F. ) ;
#3708 = AXIS2_PLACEMENT_3D ( 'NONE', #137, #3169, #5638 ) ;
#3709 =( LENGTH_UNIT ( ) NAMED_UNIT ( * ) SI_UNIT ( $, .METRE. ) );
#3710 = ORIENTED_EDGE ( 'NONE', *, *, #2457, .F. ) ;
#3711 = CARTESIAN_POINT ( 'NONE',  ( -0.09840572019792191705, 0.007555440227003116897, 0.01476371139611890211 ) ) ;
#3712 = CARTESIAN_POINT ( 'NONE',  ( 0.1259842519685039353, 0.005905511811023618496, 0.08267716535433072833 ) ) ;
#3713 = CARTESIAN_POINT ( 'NONE',  ( -0.06584623711124472367, 0.02755905511811023584, -0.09645669291338582196 ) ) ;
#3714 = CARTESIAN_POINT ( 'NONE',  ( 0.07051423731127494376, 0.04563022806078852883, -0.04471013516498518331 ) ) ;
#3715 = CARTESIAN_POINT ( 'NONE',  ( 0.05511811023622045780, 0.02755905511811023584, 0.09645669291338584972 ) ) ;
#3716 = EDGE_CURVE ( 'NONE', #4331, #4989, #1245, .T. ) ;
#3717 =( BOUNDED_SURFACE ( )  B_SPLINE_SURFACE ( 3, 2, ( 
 ( #6131, #6798, #4255 ),
 ( #4866, #763, #1877 ),
 ( #2539, #2424, #6833 ),
 ( #5517, #1404, #3172 ),
 ( #1282, #1836, #1960 ),
 ( #4944, #1918, #723 ),
 ( #5598, #186, #5026 ),
 ( #4419, #4338, #3014 ),
 ( #6684, #3654, #6089 ),
 ( #652, #3055, #4464 ),
 ( #3255, #5641, #222 ),
 ( #921, #1594, #3856 ),
 ( #3973, #811, #1521 ),
 ( #4503, #337, #5134 ),
 ( #5062, #263, #6914 ),
 ( #955, #6874, #1481 ),
 ( #1443, #6327, #3334 ),
 ( #6286, #882, #3368 ),
 ( #5764, #846, #5205 ),
 ( #5800, #7025, #2659 ),
 ( #2769, #7622, #2730 ),
 ( #5685, #2193, #5167 ),
 ( #2154, #4621, #3291 ),
 ( #5728, #301, #2697 ),
 ( #4539, #6949, #3935 ),
 ( #6368, #991, #2296 ),
 ( #4692, #7727, #6520 ),
 ( #4086, #6555, #1110 ) ),
 .UNSPECIFIED., .F., .F., .F. ) 
 B_SPLINE_SURFACE_WITH_KNOTS ( ( 4, 2, 2, 2, 2, 2, 2, 2, 2, 2, 2, 2, 2, 4 ),
 ( 3, 3 ),
 ( -1.063933455262971554E-06, 1.565402539758809844E-05, 1.983351511080086785E-05, 2.192325996740725086E-05, 2.401300482401363387E-05, 3.237198425043916590E-05, 6.580790195614130082E-05, 0.0001326797373675455706, 0.0002664234081903541374, 0.0003332952436017583937, 0.0003667311613074605760, 0.0003834491201603116130, 0.0004001670790131627042, 0.0005339107498359712710 ),
 ( 0.000000000000000000, 1.000000000000000000 ),
 .UNSPECIFIED. ) 
 GEOMETRIC_REPRESENTATION_ITEM ( )  RATIONAL_B_SPLINE_SURFACE ( (
 ( 1.000000000000000000, 1.000000000000000000, 1.000000000000000000),
 ( 1.000000000000000000, 1.000778839725180225, 1.000000000000000000),
 ( 1.000000000000000000, 0.9831714200816167315, 1.000000000000000000),
 ( 1.000000000000000000, 0.9575031771746064235, 1.000000000000000000),
 ( 1.000000000000000000, 0.9523297387301170591, 1.000000000000000000),
 ( 1.000000000000000000, 0.9451074485486246068, 1.000000000000000000),
 ( 1.000000000000000000, 0.9424202236307455127, 1.000000000000000000),
 ( 1.000000000000000000, 0.9409373826777038818, 1.000000000000000000),
 ( 1.000000000000000000, 0.9416788031542244752, 1.000000000000000000),
 ( 1.000000000000000000, 0.9416788031542244752, 1.000000000000000000),
 ( 1.000000000000000000, 0.9416788031542246973, 1.000000000000000000),
 ( 1.000000000000000000, 0.9416788031542246973, 1.000000000000000000),
 ( 1.000000000000000000, 0.9416788031542250303, 1.000000000000000000),
 ( 1.000000000000000000, 0.9416788031542250303, 1.000000000000000000),
 ( 1.000000000000000000, 0.9416788031542246973, 1.000000000000000000),
 ( 1.000000000000000000, 0.9416788031542246973, 1.000000000000000000),
 ( 1.000000000000000000, 0.9416788031542246973, 1.000000000000000000),
 ( 1.000000000000000000, 0.9416788031542246973, 1.000000000000000000),
 ( 1.000000000000000000, 0.9416788031542250303, 1.000000000000000000),
 ( 1.000000000000000000, 0.9416788031542250303, 1.000000000000000000),
 ( 1.000000000000000000, 0.9416788031542250303, 1.000000000000000000),
 ( 1.000000000000000000, 0.9416788031542250303, 1.000000000000000000),
 ( 1.000000000000000000, 0.9416788031542250303, 1.000000000000000000),
 ( 1.000000000000000000, 0.9416788031542250303, 1.000000000000000000),
 ( 1.000000000000000000, 0.9401967835573264987, 1.000000000000000000),
 ( 1.000000000000000000, 0.9678184218304536346, 1.000000000000000000),
 ( 1.000000000000000000, 1.002301645695574894, 1.000000000000000000),
 ( 1.000000000000000000, 1.000000000000000000, 1.000000000000000000) ) ) 
 REPRESENTATION_ITEM ( '' )  SURFACE ( )  );
#3718 = EDGE_LOOP ( 'NONE', ( #2804, #428, #1727, #2715, #1830, #5120, #3354, #3666 ) ) ;
#3719 = CARTESIAN_POINT ( 'NONE',  ( 0.1259842519685039353, 0.005905511811023618496, -0.08267716535433072833 ) ) ;
#3720 = CARTESIAN_POINT ( 'NONE',  ( 0.06692913385826773642, 0.04724409448818898266, -0.04322513669223895100 ) ) ;
#3721 = LINE ( 'NONE', #3119, #5105 ) ;
#3722 = CARTESIAN_POINT ( 'NONE',  ( 0.08659019213609440990, 0.03149606299212598381, 0.06275750304127082624 ) ) ;
#3723 = FACE_OUTER_BOUND ( 'NONE', #6151, .T. ) ;
#3724 = ADVANCED_FACE ( 'NONE', ( #698 ), #3062, .T. ) ;
#3725 = EDGE_CURVE ( 'NONE', #4542, #1979, #110, .T. ) ;
#3726 = VERTEX_POINT ( 'NONE', #6806 ) ;
#3727 = LINE ( 'NONE', #135, #7724 ) ;
#3728 = ORIENTED_EDGE ( 'NONE', *, *, #7164, .T. ) ;
#3729 = FACE_OUTER_BOUND ( 'NONE', #6664, .T. ) ;
#3730 = CARTESIAN_POINT ( 'NONE',  ( 0.05511811023622046474, 0.03149606299212598381, 0.09842519685039372024 ) ) ;
#3731 = CARTESIAN_POINT ( 'NONE',  ( 0.07853050406722707211, 0.03149606299212599075, 0.04790776944891195904 ) ) ;
#3732 = FACE_OUTER_BOUND ( 'NONE', #5322, .T. ) ;
#3733 = CARTESIAN_POINT ( 'NONE',  ( -0.08659019213609440990, 0.02755905511811023584, 0.06275750304127082624 ) ) ;
#3734 = DIRECTION ( 'NONE',  ( 1.000000000000000000, 0.000000000000000000, 0.000000000000000000 ) ) ;
#3735 = ADVANCED_FACE ( 'NONE', ( #191 ), #2586, .T. ) ;
#3736 = ORIENTED_EDGE ( 'NONE', *, *, #6972, .T. ) ;
#3737 = CARTESIAN_POINT ( 'NONE',  ( 0.07396961569077156740, 0.03943962505373837385, 0.04470738755290849104 ) ) ;
#3738 = DIRECTION ( 'NONE',  ( -1.000000000000000000, 0.000000000000000000, 1.445602896647344044E-15 ) ) ;
#3739 = CARTESIAN_POINT ( 'NONE',  ( 0.04811742286199986035, 0.03149606299212598381, -0.07874015748031500117 ) ) ;
#3740 = CARTESIAN_POINT ( 'NONE',  ( 0.05511811023622046474, 0.02559055118110236532, 0.09842519685039370636 ) ) ;
#3741 = DIRECTION ( 'NONE',  ( -0.000000000000000000, -1.000000000000000000, -0.000000000000000000 ) ) ;
#3742 = ORIENTED_EDGE ( 'NONE', *, *, #7270, .F. ) ;
#3743 = DIRECTION ( 'NONE',  ( 0.000000000000000000, -1.000000000000000000, 0.000000000000000000 ) ) ;
#3744 = ORIENTED_EDGE ( 'NONE', *, *, #962, .T. ) ;
#3745 = DIRECTION ( 'NONE',  ( -1.000000000000000000, 0.000000000000000000, 0.000000000000000000 ) ) ;
#3746 = ORIENTED_EDGE ( 'NONE', *, *, #6247, .T. ) ;
#3747 = CARTESIAN_POINT ( 'NONE',  ( -0.09824150179447355136, 0.007014970671318183915, -0.01476558538327306033 ) ) ;
#3748 = CARTESIAN_POINT ( 'NONE',  ( -0.09709302605442191036, 0.006011198557957642477, 0.01487728981714212147 ) ) ;
#3749 = CARTESIAN_POINT ( 'NONE',  ( 0.07251958436280118991, 0.03860769112990099922, 0.04189684974448609073 ) ) ;
#3750 = PLANE ( 'NONE',  #5088 ) ;
#3751 = CARTESIAN_POINT ( 'NONE',  ( -0.04361388207989190524, 0.04245713330346174291, -0.06786764824543554953 ) ) ;
#3752 = CARTESIAN_POINT ( 'NONE',  ( 0.07118036152580109466, 0.04459054118528230776, -0.04355204064887158860 ) ) ;
#3753 = LINE ( 'NONE', #6072, #7569 ) ;
#3754 = VERTEX_POINT ( 'NONE', #1371 ) ;
#3755 = VERTEX_POINT ( 'NONE', #4346 ) ;
#3756 = DIRECTION ( 'NONE',  ( 0.000000000000000000, 0.000000000000000000, -1.000000000000000000 ) ) ;
#3757 = CARTESIAN_POINT ( 'NONE',  ( 0.1159497248488431664, 0.006165440297272224528, -0.08267716535433072833 ) ) ;
#3758 = AXIS2_PLACEMENT_3D ( 'NONE', #4231, #4915, #4141 ) ;
#3759 = ADVANCED_FACE ( 'NONE', ( #1885 ), #3700, .F. ) ;
#3760 = CARTESIAN_POINT ( 'NONE',  ( -0.05511811023622047168, 0.03149606299212598381, -0.09645669291338584972 ) ) ;
#3761 = CARTESIAN_POINT ( 'NONE',  ( -0.08728965698918823846, 0.001968503937007873555, -0.02263779527559055260 ) ) ;
#3762 = DIRECTION ( 'NONE',  ( -1.000000000000000000, 0.000000000000000000, 0.000000000000000000 ) ) ;
#3763 = CARTESIAN_POINT ( 'NONE',  ( -0.08728965698918823846, 0.001968503937007873555, 0.02263779527559055260 ) ) ;
#3764 = ORIENTED_EDGE ( 'NONE', *, *, #6793, .T. ) ;
#3765 = DIRECTION ( 'NONE',  ( 0.000000000000000000, 1.000000000000000000, 0.000000000000000000 ) ) ;
#3766 = AXIS2_PLACEMENT_3D ( 'NONE', #2166, #4059, #2898 ) ;
#3767 = VERTEX_POINT ( 'NONE', #3138 ) ;
#3768 = FACE_OUTER_BOUND ( 'NONE', #3460, .T. ) ;
#3769 = CARTESIAN_POINT ( 'NONE',  ( -0.1062992125984252023, 0.009842519685039368207, 0.08267716535433072833 ) ) ;
#3770 = EDGE_CURVE ( 'NONE', #7430, #4165, #5032, .T. ) ;
#3771 = EDGE_CURVE ( 'NONE', #3726, #1365, #2590, .T. ) ;
#3772 = CARTESIAN_POINT ( 'NONE',  ( -0.1023622047244094613, 0.02755905511811023584, -0.04894237015283919856 ) ) ;
#3773 = EDGE_LOOP ( 'NONE', ( #7463, #1962, #3353, #519 ) ) ;
#3774 = ORIENTED_EDGE ( 'NONE', *, *, #7788, .T. ) ;
#3775 = CARTESIAN_POINT ( 'NONE',  ( 0.07758531553425168648, 0.03276251154988524261, 0.04620505946554767651 ) ) ;
#3776 = CARTESIAN_POINT ( 'NONE',  ( 0.08659019213609440990, 0.02755905511811023584, 0.05880887093013065225 ) ) ;
#3777 = EDGE_CURVE ( 'NONE', #7578, #4057, #3221, .T. ) ;
#3778 = PRESENTATION_LAYER_ASSIGNMENT (  '', '', ( #2503 ) ) ;
#3779 = DIRECTION ( 'NONE',  ( -1.000000000000000000, 0.000000000000000000, 0.000000000000000000 ) ) ;
#3780 = ORIENTED_EDGE ( 'NONE', *, *, #3240, .F. ) ;
#3781 = CARTESIAN_POINT ( 'NONE',  ( 0.06810609799607338088, 0.04199978500123455888, 0.04371265120054480119 ) ) ;
#3782 = ORIENTED_EDGE ( 'NONE', *, *, #4879, .F. ) ;
#3783 = CARTESIAN_POINT ( 'NONE',  ( 0.1062992125984252023, 0.009280999427183432571, 0.06299212598425198151 ) ) ;
#3784 = VECTOR ( 'NONE', #7663, 39.37007874015748143 ) ;
#3785 = LINE ( 'NONE', #1338, #2916 ) ;
#3786 = DIRECTION ( 'NONE',  ( 0.5370986485132710486, -0.8435194376925865267, 0.000000000000000000 ) ) ;
#3787 = EDGE_CURVE ( 'NONE', #6945, #7554, #2017, .T. ) ;
#3788 = DIRECTION ( 'NONE',  ( 0.000000000000000000, 0.000000000000000000, 1.000000000000000000 ) ) ;
#3789 = B_SPLINE_CURVE_WITH_KNOTS ( 'NONE', 3,
 ( #4811, #5393, #2449, #4246, #6674, #7173 ),
 .UNSPECIFIED., .F., .F.,
 ( 4, 2, 4 ),
 ( 0.000000000000000000, 0.5000000000000000000, 1.000000000000000000 ),
 .UNSPECIFIED. ) ;
#3790 = DIRECTION ( 'NONE',  ( 0.000000000000000000, 0.000000000000000000, 1.000000000000000000 ) ) ;
#3791 = DIRECTION ( 'NONE',  ( 0.000000000000000000, 0.000000000000000000, -1.000000000000000000 ) ) ;
#3792 = CARTESIAN_POINT ( 'NONE',  ( 0.07667462149314441255, 0.03257173687834656606, -0.04869586204253962408 ) ) ;
#3793 = DIRECTION ( 'NONE',  ( 0.000000000000000000, 0.000000000000000000, -1.000000000000000000 ) ) ;
#3794 = VECTOR ( 'NONE', #1681, 39.37007874015748143 ) ;
#3795 = VERTEX_POINT ( 'NONE', #2162 ) ;
#3796 = EDGE_LOOP ( 'NONE', ( #3276, #4022, #3611, #7713 ) ) ;
#3797 = CARTESIAN_POINT ( 'NONE',  ( -0.06889763779527559306, 0.01574803149606299191, 0.08267716535433072833 ) ) ;
#3798 = FACE_OUTER_BOUND ( 'NONE', #2052, .T. ) ;
#3799 = LINE ( 'NONE', #287, #1378 ) ;
#3800 = VECTOR ( 'NONE', #6853, 39.37007874015748143 ) ;
#3801 = FACE_OUTER_BOUND ( 'NONE', #6083, .T. ) ;
#3802 = CARTESIAN_POINT ( 'NONE',  ( -0.04326426005208137276, 0.04330708661417322081, -0.06702358600420493806 ) ) ;
#3803 = CARTESIAN_POINT ( 'NONE',  ( -0.07677165354330711677, 0.005905511811023621965, 0.01870078740157480116 ) ) ;
#3804 = VERTEX_POINT ( 'NONE', #2120 ) ;
#3805 = CARTESIAN_POINT ( 'NONE',  ( -0.06889763779527559306, 0.01574803149606299191, 0.06299212598425198151 ) ) ;
#3806 = COLOUR_RGB ( '',0.7921568627450980005, 0.8196078431372548767, 0.9333333333333333481 ) ;
#3807 = EDGE_CURVE ( 'NONE', #2354, #3804, #5632, .T. ) ;
#3808 = ORIENTED_EDGE ( 'NONE', *, *, #4558, .F. ) ;
#3809 = DIRECTION ( 'NONE',  ( 0.000000000000000000, 0.000000000000000000, 1.000000000000000000 ) ) ;
#3810 = CARTESIAN_POINT ( 'NONE',  ( -0.06810609792887994951, 0.04199978512532059893, 0.04371265117271240508 ) ) ;
#3811 = VECTOR ( 'NONE', #3642, 39.37007874015748143 ) ;
#3812 = CYLINDRICAL_SURFACE ( 'NONE', #801, 0.003937007874015760987 ) ;
#3813 = CARTESIAN_POINT ( 'NONE',  ( 0.04483195213017236030, 0.04676143729944538113, 0.06877425771313806779 ) ) ;
#3814 = VERTEX_POINT ( 'NONE', #2777 ) ;
#3815 = CARTESIAN_POINT ( 'NONE',  ( 0.07874015748031500117, 0.03149606299212599075, 0.04811742286199988811 ) ) ;
#3816 = ADVANCED_FACE ( 'NONE', ( #4510 ), #2089, .F. ) ;
#3817 = EDGE_CURVE ( 'NONE', #7147, #755, #229, .T. ) ;
#3818 = VECTOR ( 'NONE', #6744, 39.37007874015748143 ) ;
#3819 = DIRECTION ( 'NONE',  ( -1.000000000000000000, 0.000000000000000000, 0.000000000000000000 ) ) ;
#3820 = CARTESIAN_POINT ( 'NONE',  ( 0.07874015748031494566, 0.03149606299212598381, -0.04811742286199990892 ) ) ;
#3821 = CARTESIAN_POINT ( 'NONE',  ( -0.07099927356351894148, 0.04493333741124209274, 0.04491104375890725420 ) ) ;
#3822 = CIRCLE ( 'NONE', #6242, 0.003937007874015741038 ) ;
#3823 = AXIS2_PLACEMENT_3D ( 'NONE', #6966, #1539, #6852 ) ;
#3824 = VERTEX_POINT ( 'NONE', #1452 ) ;
#3825 = FACE_OUTER_BOUND ( 'NONE', #6916, .T. ) ;
#3826 = ORIENTED_EDGE ( 'NONE', *, *, #7690, .F. ) ;
#3827 = DIRECTION ( 'NONE',  ( 0.000000000000000000, 0.000000000000000000, 1.000000000000000000 ) ) ;
#3828 = EDGE_CURVE ( 'NONE', #5795, #1069, #3445, .T. ) ;
#3829 = EDGE_CURVE ( 'NONE', #2409, #5864, #1118, .T. ) ;
#3830 = CARTESIAN_POINT ( 'NONE',  ( 0.04588147192311474443, 0.04498199997437881542, -0.06997942780049477840 ) ) ;
#3831 = AXIS2_PLACEMENT_3D ( 'NONE', #1645, #4711, #3465 ) ;
#3832 = CARTESIAN_POINT ( 'NONE',  ( -0.09836761241622148100, 0.007401369576251944256, 0.01476399009428278238 ) ) ;
#3833 = CARTESIAN_POINT ( 'NONE',  ( 0.04349901208602671016, 0.04289462535336164423, 0.06760025801587828120 ) ) ;
#3834 = CARTESIAN_POINT ( 'NONE',  ( 0.04422056450846714032, 0.03973534058020146420, -0.06933230919256930247 ) ) ;
#3835 = CARTESIAN_POINT ( 'NONE',  ( -0.1062992125984252023, 0.009842519685039368207, -0.08267716535433072833 ) ) ;
#3836 = CARTESIAN_POINT ( 'NONE',  ( 0.07789523266369281773, 0.03219018753526928234, -0.04633343134377405914 ) ) ;
#3837 = DIRECTION ( 'NONE',  ( 0.000000000000000000, 0.000000000000000000, 1.000000000000000000 ) ) ;
#3838 = ADVANCED_FACE ( 'NONE', ( #5141 ), #4548, .T. ) ;
#3839 = ORIENTED_EDGE ( 'NONE', *, *, #1238, .F. ) ;
#3840 = ORIENTED_EDGE ( 'NONE', *, *, #6607, .F. ) ;
#3841 = CYLINDRICAL_SURFACE ( 'NONE', #5613, 0.009866500777291436347 ) ;
#3842 = LINE ( 'NONE', #2607, #986 ) ;
#3843 = VECTOR ( 'NONE', #160, 39.37007874015748143 ) ;
#3844 = CARTESIAN_POINT ( 'NONE',  ( 0.07818893826624823129, 0.03164780135005641065, 0.04811742286199988117 ) ) ;
#3845 = CARTESIAN_POINT ( 'NONE',  ( 0.1164233781010027835, 0.006467032068879333823, 0.06299212598425198151 ) ) ;
#3846 = FACE_OUTER_BOUND ( 'NONE', #1116, .T. ) ;
#3847 = CARTESIAN_POINT ( 'NONE',  ( -0.04322513669223891630, 0.04724409448818895491, 0.06692913385826773642 ) ) ;
#3848 = VERTEX_POINT ( 'NONE', #7588 ) ;
#3849 = VERTEX_POINT ( 'NONE', #3377 ) ;
#3850 = DIRECTION ( 'NONE',  ( -0.000000000000000000, -1.000000000000000000, -3.614007241618364055E-16 ) ) ;
#3851 = ORIENTED_EDGE ( 'NONE', *, *, #1193, .T. ) ;
#3852 = SURFACE_SIDE_STYLE ('',( #4375 ) ) ;
#3853 = CARTESIAN_POINT ( 'NONE',  ( 0.04884454121934300730, 0.03190884992229307132, -0.07703323971656596270 ) ) ;
#3854 = CARTESIAN_POINT ( 'NONE',  ( -0.06760025801587819794, 0.04289462535336164423, 0.04349901208602434399 ) ) ;
#3855 = EDGE_CURVE ( 'NONE', #7170, #6562, #2875, .T. ) ;
#3856 = CARTESIAN_POINT ( 'NONE',  ( -0.07149027865524222591, 0.04401821717066629891, -0.04368041252709787409 ) ) ;
#3857 = CARTESIAN_POINT ( 'NONE',  ( 0.04647074948661750193, 0.04249201979835710852, 0.07130272458283111459 ) ) ;
#3858 = ORIENTED_EDGE ( 'NONE', *, *, #1147, .T. ) ;
#3859 = CARTESIAN_POINT ( 'NONE',  ( 0.07466642287366999364, 0.03815283111289084067, 0.04643002673841799266 ) ) ;
#3860 = VERTEX_POINT ( 'NONE', #7736 ) ;
#3861 = CARTESIAN_POINT ( 'NONE',  ( -0.04413263741782100236, 0.04689584721416587693, -0.06912003441783226565 ) ) ;
#3862 = CARTESIAN_POINT ( 'NONE',  ( 0.07722097310842103435, 0.03178808779488282582, -0.04876374989619578632 ) ) ;
#3863 = CARTESIAN_POINT ( 'NONE',  ( -0.07047627890432124620, 0.04401821717066637524, 0.04612842447801423357 ) ) ;
#3864 = ORIENTED_EDGE ( 'NONE', *, *, #1903, .T. ) ;
#3865 = CARTESIAN_POINT ( 'NONE',  ( -0.07804775513994743896, 0.03190852425293756733, -0.04811742286199988811 ) ) ;
#3866 = VERTEX_POINT ( 'NONE', #5257 ) ;
#3867 = LINE ( 'NONE', #4555, #6965 ) ;
#3868 = FACE_OUTER_BOUND ( 'NONE', #727, .T. ) ;
#3869 = CARTESIAN_POINT ( 'NONE',  ( -0.09749652725729245073, 0.006188233213215054568, 0.01481680885766759916 ) ) ;
#3870 = EDGE_CURVE ( 'NONE', #1579, #2699, #572, .T. ) ;
#3871 = CARTESIAN_POINT ( 'NONE',  ( 0.000000000000000000, 0.04330708661417323468, 0.04055118110236220763 ) ) ;
#3872 = ADVANCED_FACE ( 'NONE', ( #4744 ), #5330, .T. ) ;
#3873 = CARTESIAN_POINT ( 'NONE',  ( -0.07703375538902647313, 0.03190852425293756733, -0.04884462017292178632 ) ) ;
#3874 = CARTESIAN_POINT ( 'NONE',  ( -0.1062992125984252023, 0.009280999427183432571, 0.08267716535433072833 ) ) ;
#3875 = CARTESIAN_POINT ( 'NONE',  ( -0.05511811023622047861, 0.03149606299212598381, -0.1023622047244094613 ) ) ;
#3876 = DIRECTION ( 'NONE',  ( 0.000000000000000000, 1.000000000000000000, 0.000000000000000000 ) ) ;
#3877 = EDGE_LOOP ( 'NONE', ( #510, #6737, #7081, #3628, #4884, #7140 ) ) ;
#3878 = VERTEX_POINT ( 'NONE', #3580 ) ;
#3879 = B_SPLINE_CURVE_WITH_KNOTS ( 'NONE', 3,
 ( #3833, #355, #5184, #2637, #3232, #5117, #3952, #6386, #7599, #5080 ),
 .UNSPECIFIED., .F., .F.,
 ( 4, 3, 3, 4 ),
 ( 2.279341617663510534E-16, 4.000545369165747197E-05, 0.0002000054533285258208, 0.0003789617286056855294 ),
 .UNSPECIFIED. ) ;
#3880 = CARTESIAN_POINT ( 'NONE',  ( 0.04811742286199984647, 0.02755905511811022543, -0.07874015748031498729 ) ) ;
#3881 = FACE_OUTER_BOUND ( 'NONE', #1605, .T. ) ;
#3882 = DIRECTION ( 'NONE',  ( 0.000000000000000000, 0.000000000000000000, -1.000000000000000000 ) ) ;
#3883 = ADVANCED_FACE ( 'NONE', ( #6005 ), #2304, .F. ) ;
#3884 = CARTESIAN_POINT ( 'NONE',  ( -0.04824202734896933242, 0.03149606299212598381, 0.07844776729387592518 ) ) ;
#3885 = CARTESIAN_POINT ( 'NONE',  ( -0.05511811023622047168, 0.000000000000000000, 0.09645669291338584972 ) ) ;
#3886 = CARTESIAN_POINT ( 'NONE',  ( -0.04599110633517061730, 0.03371638490757852824, 0.07706878698518311588 ) ) ;
#3887 = ORIENTED_EDGE ( 'NONE', *, *, #2894, .F. ) ;
#3888 = ORIENTED_EDGE ( 'NONE', *, *, #7270, .T. ) ;
#3889 = CARTESIAN_POINT ( 'NONE',  ( -0.1023622047244094613, 0.03149606299212598381, 0.04894237015283921244 ) ) ;
#3890 = ORIENTED_EDGE ( 'NONE', *, *, #4807, .F. ) ;
#3891 =( CONVERSION_BASED_UNIT ( 'INCH', #184 ) LENGTH_UNIT ( ) NAMED_UNIT ( #4635 ) );
#3892 = VECTOR ( 'NONE', #6536, 39.37007874015748143 ) ;
#3893 = CARTESIAN_POINT ( 'NONE',  ( -0.1062992125984252023, 0.009842519685039368207, -0.06299212598425198151 ) ) ;
#3894 = DIRECTION ( 'NONE',  ( 0.000000000000000000, 0.000000000000000000, 1.000000000000000000 ) ) ;
#3895 = CARTESIAN_POINT ( 'NONE',  ( 0.04737142051207821752, 0.03395578833904034505, 0.07693914848957195129 ) ) ;
#3896 = VECTOR ( 'NONE', #5091, 39.37007874015748143 ) ;
#3897 = ORIENTED_EDGE ( 'NONE', *, *, #4549, .T. ) ;
#3898 = CARTESIAN_POINT ( 'NONE',  ( 0.07792006399911287351, 0.03193004094268365317, 0.04777772901967273361 ) ) ;
#3899 = VERTEX_POINT ( 'NONE', #6526 ) ;
#3900 = CARTESIAN_POINT ( 'NONE',  ( 0.09824150179447355136, 0.007014970671318183915, 0.01476558538327306033 ) ) ;
#3901 = AXIS2_PLACEMENT_3D ( 'NONE', #4365, #3920, #6787 ) ;
#3902 = CARTESIAN_POINT ( 'NONE',  ( 0.04657741722465566503, 0.03177418425857229251, 0.07812050110964223470 ) ) ;
#3903 = CARTESIAN_POINT ( 'NONE',  ( -0.07149027865524221204, 0.04401821717066637524, 0.04368041252709783939 ) ) ;
#3904 = ORIENTED_EDGE ( 'NONE', *, *, #899, .F. ) ;
#3905 = CARTESIAN_POINT ( 'NONE',  ( 0.06933230919256999636, 0.03973534058020016663, 0.04422056450846743175 ) ) ;
#3906 = VERTEX_POINT ( 'NONE', #3537 ) ;
#3907 = DIRECTION ( 'NONE',  ( 1.000000000000000000, 0.000000000000000000, 0.000000000000000000 ) ) ;
#3908 = EDGE_CURVE ( 'NONE', #5217, #6200, #4701, .T. ) ;
#3909 = LENGTH_MEASURE_WITH_UNIT ( LENGTH_MEASURE( 0.02539999999999999897 ), #6927 );
#3910 = DIRECTION ( 'NONE',  ( 0.000000000000000000, 1.000000000000000000, 0.000000000000000000 ) ) ;
#3911 = CARTESIAN_POINT ( 'NONE',  ( 0.07768862124406542002, 0.03257173687834655218, -0.04624785009162313276 ) ) ;
#3912 = AXIS2_PLACEMENT_3D ( 'NONE', #6204, #7392, #1198 ) ;
#3913 = DIRECTION ( 'NONE',  ( 0.000000000000000000, 0.000000000000000000, -1.000000000000000000 ) ) ;
#3914 = ORIENTED_EDGE ( 'NONE', *, *, #1593, .F. ) ;
#3915 = AXIS2_PLACEMENT_3D ( 'NONE', #5434, #7301, #7262 ) ;
#3916 = EDGE_CURVE ( 'NONE', #547, #466, #3933, .T. ) ;
#3917 = ORIENTED_EDGE ( 'NONE', *, *, #2041, .F. ) ;
#3918 = EDGE_CURVE ( 'NONE', #2830, #3630, #3518, .T. ) ;
#3919 = FACE_OUTER_BOUND ( 'NONE', #7311, .T. ) ;
#3920 = DIRECTION ( 'NONE',  ( -1.000000000000000000, -0.000000000000000000, -0.000000000000000000 ) ) ;
#3921 = CARTESIAN_POINT ( 'NONE',  ( 0.06835136691711389545, 0.04154684684385174381, -0.04381424491406839955 ) ) ;
#3922 = VECTOR ( 'NONE', #3227, 39.37007874015748854 ) ;
#3923 = FILL_AREA_STYLE ('',( #2071 ) ) ;
#3924 = LINE ( 'NONE', #3360, #4412 ) ;
#3925 = CARTESIAN_POINT ( 'NONE',  ( -0.04376599377924857148, 0.04363666782758894580, 0.07169689007486973464 ) ) ;
#3926 = ORIENTED_EDGE ( 'NONE', *, *, #740, .T. ) ;
#3927 = CARTESIAN_POINT ( 'NONE',  ( -0.06971375145277007579, 0.04636065241683470783, 0.04341733862237800307 ) ) ;
#3928 = VERTEX_POINT ( 'NONE', #4094 ) ;
#3929 = EDGE_CURVE ( 'NONE', #2229, #1255, #7065, .T. ) ;
#3930 = LENGTH_MEASURE_WITH_UNIT ( LENGTH_MEASURE( 0.02539999999999999897 ), #2491 );
#3931 = VECTOR ( 'NONE', #3570, 39.37007874015748143 ) ;
#3932 = CARTESIAN_POINT ( 'NONE',  ( 0.04884438215999989397, 0.03190958539275177280, -0.07703318077500237449 ) ) ;
#3933 = B_SPLINE_CURVE_WITH_KNOTS ( 'NONE', 3,
 ( #1042, #999, #7145, #2342, #7186, #5402, #7779, #1715, #5963, #2975 ),
 .UNSPECIFIED., .F., .F.,
 ( 4, 2, 2, 2, 4 ),
 ( 0.7444130001158002496, 0.8083097500868501317, 0.8722065000579001248, 0.9361032500289501179, 1.000000000000000000 ),
 .UNSPECIFIED. ) ;
#3934 = CARTESIAN_POINT ( 'NONE',  ( 0.09645669291338584972, 0.000000000000000000, -0.02657480314960630058 ) ) ;
#3935 = CARTESIAN_POINT ( 'NONE',  ( -0.07803902177287927455, 0.03192330889089436963, -0.04637490382785328102 ) ) ;
#3936 = VECTOR ( 'NONE', #7683, 39.37007874015748143 ) ;
#3937 = CARTESIAN_POINT ( 'NONE',  ( 0.04624785009162314664, 0.03257173687834660075, 0.07768862124406543390 ) ) ;
#3938 = ORIENTED_EDGE ( 'NONE', *, *, #485, .F. ) ;
#3939 = CARTESIAN_POINT ( 'NONE',  ( -0.07458574343810998875, 0.03003382268297973001, 0.04811742286199992280 ) ) ;
#3940 = VERTEX_POINT ( 'NONE', #2936 ) ;
#3941 = EDGE_CURVE ( 'NONE', #5888, #466, #6487, .T. ) ;
#3942 = DIRECTION ( 'NONE',  ( 1.000000000000000000, 0.000000000000000000, 4.058291587432376212E-16 ) ) ;
#3943 = CARTESIAN_POINT ( 'NONE',  ( -0.04330956414419730865, 0.04724409448818895491, -0.06815208925554347430 ) ) ;
#3944 = CARTESIAN_POINT ( 'NONE',  ( -0.05511811023622047168, 0.02559055118110236532, -0.09645669291338582196 ) ) ;
#3945 = CARTESIAN_POINT ( 'NONE',  ( -0.07644895272630075622, 0.03486103293681052512, 0.04573436257871804633 ) ) ;
#3946 = ORIENTED_EDGE ( 'NONE', *, *, #522, .T. ) ;
#3947 = CARTESIAN_POINT ( 'NONE',  ( -0.08659019213609440990, 0.02755905511811023584, -0.06275750304127081236 ) ) ;
#3948 = VECTOR ( 'NONE', #2842, 39.37007874015748854 ) ;
#3949 = VERTEX_POINT ( 'NONE', #5886 ) ;
#3950 = LINE ( 'NONE', #7440, #5194 ) ;
#3951 = VECTOR ( 'NONE', #441, 39.37007874015748143 ) ;
#3952 = CARTESIAN_POINT ( 'NONE',  ( 0.04503320361471829791, 0.03611232842091939566, 0.07129419354419573585 ) ) ;
#3953 = CARTESIAN_POINT ( 'NONE',  ( -0.06331663509238939780, 0.03149606299212598381, -0.08603106008497583834 ) ) ;
#3954 = CARTESIAN_POINT ( 'NONE',  ( -0.1067728658505845696, 0.009582591198791106518, -0.06299212598425198151 ) ) ;
#3955 = VECTOR ( 'NONE', #4103, 39.37007874015748143 ) ;
#3956 = ORIENTED_EDGE ( 'NONE', *, *, #2096, .F. ) ;
#3957 = DIRECTION ( 'NONE',  ( 0.000000000000000000, 0.000000000000000000, -1.000000000000000000 ) ) ;
#3958 = CARTESIAN_POINT ( 'NONE',  ( 0.09810749775421444274, 0.006801704632957011019, -0.01477019136559769644 ) ) ;
#3959 = LINE ( 'NONE', #5236, #6243 ) ;
#3960 = STYLED_ITEM ( 'NONE', ( #2578 ), #7079 ) ;
#3961 = CARTESIAN_POINT ( 'NONE',  ( 0.04322513669223893018, 0.04330708661417322081, 0.06692913385826773642 ) ) ;
#3962 = EDGE_CURVE ( 'NONE', #737, #6207, #1627, .T. ) ;
#3963 = DIRECTION ( 'NONE',  ( 1.000000000000000000, 0.000000000000000000, 0.000000000000000000 ) ) ;
#3964 = FACE_OUTER_BOUND ( 'NONE', #5093, .T. ) ;
#3965 = CARTESIAN_POINT ( 'NONE',  ( -0.04495375013881688919, 0.04473455728097480016, 0.07110237588509665807 ) ) ;
#3966 = EDGE_LOOP ( 'NONE', ( #1266, #6443, #5548, #5419 ) ) ;
#3967 = CARTESIAN_POINT ( 'NONE',  ( 0.04811742286199990892, 0.03149606299212598381, -0.07874015748031495954 ) ) ;
#3968 = ORIENTED_EDGE ( 'NONE', *, *, #7800, .T. ) ;
#3969 = CIRCLE ( 'NONE', #3182, 0.003937007874015747977 ) ;
#3970 = CARTESIAN_POINT ( 'NONE',  ( -0.1164233781010027835, 0.005905511811023553444, -0.06299212598425198151 ) ) ;
#3971 = DIRECTION ( 'NONE',  ( 0.000000000000000000, 0.000000000000000000, -1.000000000000000000 ) ) ;
#3972 = EDGE_CURVE ( 'NONE', #6825, #1574, #495, .T. ) ;
#3973 = CARTESIAN_POINT ( 'NONE',  ( -0.07068289032394842186, 0.04363666782758889029, -0.04621400573016546526 ) ) ;
#3974 = EDGE_CURVE ( 'NONE', #5700, #6515, #7695, .T. ) ;
#3975 = CARTESIAN_POINT ( 'NONE',  ( 0.04598272780507824814, 0.04469496946141583021, 0.07010371479774366033 ) ) ;
#3976 = ORIENTED_EDGE ( 'NONE', *, *, #6740, .F. ) ;
#3977 = ORIENTED_EDGE ( 'NONE', *, *, #24, .F. ) ;
#3978 = DIRECTION ( 'NONE',  ( -1.000000000000000000, 0.000000000000000000, 0.000000000000000000 ) ) ;
#3979 = EDGE_LOOP ( 'NONE', ( #767, #6901, #3382, #6880, #843, #1879, #7782, #5459, #3315, #2307, #4587, #5591 ) ) ;
#3980 = CARTESIAN_POINT ( 'NONE',  ( 0.09842519685039370636, 0.01181102362204724567, -0.01870078740157483238 ) ) ;
#3981 = FACE_OUTER_BOUND ( 'NONE', #758, .T. ) ;
#3982 = B_SPLINE_CURVE_WITH_KNOTS ( 'NONE', 3,
 ( #6395, #2106, #6937, #402, #4493, #2719 ),
 .UNSPECIFIED., .F., .F.,
 ( 4, 2, 4 ),
 ( 0.000000000000000000, 0.5000000000000000000, 1.000000000000000000 ),
 .UNSPECIFIED. ) ;
#3983 = CARTESIAN_POINT ( 'NONE',  ( 0.07231082922174207617, 0.04250290630268872827, -0.04402029570035501105 ) ) ;
#3984 = DIRECTION ( 'NONE',  ( 0.000000000000000000, 0.000000000000000000, 1.000000000000000000 ) ) ;
#3985 = EDGE_CURVE ( 'NONE', #5611, #4117, #6604, .T. ) ;
#3986 = VERTEX_POINT ( 'NONE', #7817 ) ;
#3987 = FACE_OUTER_BOUND ( 'NONE', #2614, .T. ) ;
#3988 = VERTEX_POINT ( 'NONE', #3494 ) ;
#3989 = DIRECTION ( 'NONE',  ( -1.000000000000000000, 0.000000000000000000, 0.000000000000000000 ) ) ;
#3990 = DIRECTION ( 'NONE',  ( 0.5370986485132712707, 0.8435194376925865267, 0.000000000000000000 ) ) ;
#3991 = CARTESIAN_POINT ( 'NONE',  ( 0.03997542137918372318, 0.04330708661417322775, 0.07059815599749874604 ) ) ;
#3992 = DIRECTION ( 'NONE',  ( -1.000000000000000000, 0.000000000000000000, 0.000000000000000000 ) ) ;
#3993 = CARTESIAN_POINT ( 'NONE',  ( -0.09645669291338584972, 0.000000000000000000, -0.05511811023622045780 ) ) ;
#3994 = ORIENTED_EDGE ( 'NONE', *, *, #6404, .T. ) ;
#3995 = ORIENTED_EDGE ( 'NONE', *, *, #3425, .T. ) ;
#3996 = CARTESIAN_POINT ( 'NONE',  ( 0.04811742286199984647, 0.04330708661417322081, -0.06692913385826773642 ) ) ;
#3997 = PRODUCT_DEFINITION ( 'UNKNOWN', '', #4618, #5620 ) ;
#3998 = LINE ( 'NONE', #2139, #4030 ) ;
#3999 = CARTESIAN_POINT ( 'NONE',  ( -0.06760025801587819794, 0.04289462535336164423, 0.04349901208602434399 ) ) ;
#4000 = PLANE ( 'NONE',  #3191 ) ;
#4001 = CARTESIAN_POINT ( 'NONE',  ( -0.07108428360712934491, 0.04476796829371382930, 0.04351224387191314491 ) ) ;
#4002 = FACE_OUTER_BOUND ( 'NONE', #611, .T. ) ;
#4003 = ORIENTED_EDGE ( 'NONE', *, *, #7755, .F. ) ;
#4004 = ORIENTED_EDGE ( 'NONE', *, *, #6255, .F. ) ;
#4005 = CARTESIAN_POINT ( 'NONE',  ( 0.07670982641008672331, 0.03250672395235896378, 0.04871044439659934222 ) ) ;
#4006 = CARTESIAN_POINT ( 'NONE',  ( -0.04381424494158354943, 0.04154684672118011401, 0.06835136698354138396 ) ) ;
#4007 = LINE ( 'NONE', #7657, #6729 ) ;
#4008 = CARTESIAN_POINT ( 'NONE',  ( 0.04869586204253954775, 0.03257173687834660075, 0.07667462149314444031 ) ) ;
#4009 = ORIENTED_EDGE ( 'NONE', *, *, #5729, .T. ) ;
#4010 = CARTESIAN_POINT ( 'NONE',  ( -0.06762153619863518761, 0.04289462535336164423, -0.04811742286199988811 ) ) ;
#4011 = ORIENTED_EDGE ( 'NONE', *, *, #4623, .T. ) ;
#4012 = CARTESIAN_POINT ( 'NONE',  ( -0.07087810497459413883, 0.04289462535336164423, 0.04025537035627912985 ) ) ;
#4013 = ADVANCED_FACE ( 'NONE', ( #1674 ), #2892, .T. ) ;
#4014 = CARTESIAN_POINT ( 'NONE',  ( -0.04588147192311459871, 0.04498199997437900971, -0.06997942780049472289 ) ) ;
#4015 = ADVANCED_FACE ( 'NONE', ( #4016 ), #6985, .F. ) ;
#4016 = FACE_OUTER_BOUND ( 'NONE', #247, .T. ) ;
#4017 = VECTOR ( 'NONE', #3743, 39.37007874015748143 ) ;
#4018 = DIRECTION ( 'NONE',  ( -1.000000000000000000, 0.000000000000000000, 0.000000000000000000 ) ) ;
#4019 = LINE ( 'NONE', #2851, #5865 ) ;
#4020 = ORIENTED_EDGE ( 'NONE', *, *, #6277, .T. ) ;
#4021 = CARTESIAN_POINT ( 'NONE',  ( -0.07874015748031494566, 0.03149606299212598381, 0.04811742286199992280 ) ) ;
#4022 = ORIENTED_EDGE ( 'NONE', *, *, #2329, .F. ) ;
#4023 = LINE ( 'NONE', #5891, #2773 ) ;
#4024 = AXIS2_PLACEMENT_3D ( 'NONE', #1467, #283, #6818 ) ;
#4025 = EDGE_CURVE ( 'NONE', #2507, #5971, #745, .T. ) ;
#4026 = CARTESIAN_POINT ( 'NONE',  ( -0.04680839362022277961, 0.02874278456919760263, 0.07558448434316566988 ) ) ;
#4027 = DIRECTION ( 'NONE',  ( 0.000000000000000000, 1.000000000000000000, -3.614007241618364055E-16 ) ) ;
#4028 = CARTESIAN_POINT ( 'NONE',  ( 0.09645669291338584972, 0.005905511811023621965, 0.02657480314960630058 ) ) ;
#4029 = VERTEX_POINT ( 'NONE', #1359 ) ;
#4030 = VECTOR ( 'NONE', #5339, 39.37007874015748143 ) ;
#4031 = ORIENTED_EDGE ( 'NONE', *, *, #1592, .F. ) ;
#4032 = EDGE_CURVE ( 'NONE', #2082, #3849, #6721, .T. ) ;
#4033 = LINE ( 'NONE', #1062, #5877 ) ;
#4034 = DIRECTION ( 'NONE',  ( 0.000000000000000000, 0.000000000000000000, -1.000000000000000000 ) ) ;
#4035 =( BOUNDED_SURFACE ( )  B_SPLINE_SURFACE ( 3, 1, ( 
 ( #2683, #3880 ),
 ( #6153, #4974 ),
 ( #1947, #6190 ),
 ( #4607, #362 ),
 ( #2717, #400 ),
 ( #3355, #1504 ),
 ( #1581, #2755 ),
 ( #7011, #4566 ),
 ( #7045, #1616 ),
 ( #5788, #3996 ) ),
 .UNSPECIFIED., .F., .F., .T. ) 
 B_SPLINE_SURFACE_WITH_KNOTS ( ( 4, 3, 3, 4 ),
 ( 2, 2 ),
 ( 0.000000000000000000, 0.2470520139942833093, 0.9588246643342867026, 1.000000000000000000 ),
 ( 0.000000000000000000, 1.000000000000000000 ),
 .UNSPECIFIED. ) 
 GEOMETRIC_REPRESENTATION_ITEM ( )  RATIONAL_B_SPLINE_SURFACE ( (
 ( 1.000000000000000000, 1.000000000000000000),
 ( 0.9060799708944990982, 0.9060799708944990982),
 ( 0.9060799708944990982, 0.9060799708944990982),
 ( 1.000000000000000000, 1.000000000000000000),
 ( 1.000000000000000000, 1.000000000000000000),
 ( 1.000000000000000000, 1.000000000000000000),
 ( 1.000000000000000000, 1.000000000000000000),
 ( 0.9060799708944982100, 0.9060799708944982100),
 ( 0.9060799708944982100, 0.9060799708944982100),
 ( 1.000000000000000000, 1.000000000000000000) ) ) 
 REPRESENTATION_ITEM ( '' )  SURFACE ( )  );
#4036 = AXIS2_PLACEMENT_3D ( 'NONE', #298, #2696, #7468 ) ;
#4037 = CARTESIAN_POINT ( 'NONE',  ( 0.07677165354330711677, 0.005905511811023621965, 0.01870078740157480116 ) ) ;
#4038 = CARTESIAN_POINT ( 'NONE',  ( -0.07622852814551882294, 0.03526809104689512808, 0.04564305972787782023 ) ) ;
#4039 = FACE_OUTER_BOUND ( 'NONE', #7636, .T. ) ;
#4040 = B_SPLINE_CURVE_WITH_KNOTS ( 'NONE', 3,
 ( #3383, #3461, #1050, #7670, #5297, #2784, #4671, #1641 ),
 .UNSPECIFIED., .F., .F.,
 ( 4, 2, 2, 4 ),
 ( 0.000000000000000000, 0.2500000000000000000, 0.5000000000000000000, 1.000000000000000000 ),
 .UNSPECIFIED. ) ;
#4041 = ORIENTED_EDGE ( 'NONE', *, *, #6462, .F. ) ;
#4042 = ORIENTED_EDGE ( 'NONE', *, *, #7324, .T. ) ;
#4043 = AXIS2_PLACEMENT_3D ( 'NONE', #2500, #7353, #1924 ) ;
#4044 = DIRECTION ( 'NONE',  ( -1.000000000000000000, -0.000000000000000000, -0.000000000000000000 ) ) ;
#4045 = FACE_OUTER_BOUND ( 'NONE', #80, .T. ) ;
#4046 = CLOSED_SHELL ( 'NONE', ( #2406, #5771, #6126, #2087, #487, #7469, #1205, #6066, #3187, #6068, #1026, #5317, #6596, #2558, #5430, #1729, #4178, #867, #2129, #7643, #7696, #4615, #5897, #2199, #1583, #7271, #2308, #2085, #2732, #685, #57, #7460, #4664, #4654, #6510, #7470, #2499, #1006, #7589, #4111, #2953, #4430, #5816, #2943, #6841, #7433, #4015, #6212, #7174, #1889, #1707, #5716, #2752, #7557, #2761, #178, #6549, #2702, #7118, #1610, #6023, #1833, #1472, #1505, #3293, #7024, #7016, #1643, #6783, #4787, #6891, #2837, #4569, #3872, #6869, #3589, #2854, #1642, #6302, #3816, #7099, #4631, #2190, #311, #1362, #859, #1206, #1329, #7546, #152, #7054, #255, #3883, #4653, #6890, #6696, #7132, #1313, #6617, #342, #45, #837, #2076, #4958, #1497, #4755, #3126, #3021, #2904, #7083, #2236, #6405, #3185, #2254, #3463, #7518, #2796, #721 ) ) ;
#4047 = DIRECTION ( 'NONE',  ( -1.000000000000000000, -5.706327223607917555E-17, -0.000000000000000000 ) ) ;
#4048 = LINE ( 'NONE', #5321, #9 ) ;
#4049 = VERTEX_POINT ( 'NONE', #3769 ) ;
#4050 = CARTESIAN_POINT ( 'NONE',  ( -0.06748035307233443691, 0.04315534825624279397, -0.04811742286199990892 ) ) ;
#4051 = CIRCLE ( 'NONE', #5709, 0.003937007874015749712 ) ;
#4052 = EDGE_LOOP ( 'NONE', ( #3552, #151, #3, #330, #20, #2419, #7002 ) ) ;
#4053 = FACE_OUTER_BOUND ( 'NONE', #5527, .T. ) ;
#4054 = CARTESIAN_POINT ( 'NONE',  ( -0.07283464566929134798, 0.005905511811023621965, 0.01870078740157480116 ) ) ;
#4055 = VECTOR ( 'NONE', #5403, 39.37007874015748143 ) ;
#4056 = CARTESIAN_POINT ( 'NONE',  ( -0.06584623711124469592, 0.03149606299212598381, 0.09645669291338582196 ) ) ;
#4057 = VERTEX_POINT ( 'NONE', #6164 ) ;
#4058 = ADVANCED_FACE ( 'NONE', ( #4985 ), #4943, .T. ) ;
#4059 = DIRECTION ( 'NONE',  ( 0.000000000000000000, 0.000000000000000000, -1.000000000000000000 ) ) ;
#4060 = EDGE_CURVE ( 'NONE', #4267, #2409, #4337, .T. ) ;
#4061 = ORIENTED_EDGE ( 'NONE', *, *, #3284, .T. ) ;
#4062 = CARTESIAN_POINT ( 'NONE',  ( 0.09842519685039370636, 0.01574803149606302313, 0.04894237015283921244 ) ) ;
#4063 = AXIS2_PLACEMENT_3D ( 'NONE', #7587, #4589, #1451 ) ;
#4064 = DIRECTION ( 'NONE',  ( -0.000000000000000000, -1.000000000000000000, -0.000000000000000000 ) ) ;
#4065 = CARTESIAN_POINT ( 'NONE',  ( 0.04487880767774404811, 0.04506030752890931995, -0.07092144877917709589 ) ) ;
#4066 = LINE ( 'NONE', #4754, #6374 ) ;
#4067 = AXIS2_PLACEMENT_3D ( 'NONE', #730, #5562, #71 ) ;
#4068 = ORIENTED_EDGE ( 'NONE', *, *, #6832, .T. ) ;
#4069 = EDGE_CURVE ( 'NONE', #6710, #5924, #3127, .T. ) ;
#4070 = CARTESIAN_POINT ( 'NONE',  ( -0.04876374989619051276, 0.03178808779486538144, -0.07722097310844606988 ) ) ;
#4071 = ADVANCED_FACE ( 'NONE', ( #1236 ), #5443, .T. ) ;
#4072 = DIRECTION ( 'NONE',  ( 0.000000000000000000, 0.000000000000000000, 1.000000000000000000 ) ) ;
#4073 = ORIENTED_EDGE ( 'NONE', *, *, #7458, .F. ) ;
#4074 = CIRCLE ( 'NONE', #4979, 0.003937007874015741038 ) ;
#4075 = PLANE ( 'NONE',  #5998 ) ;
#4076 = LINE ( 'NONE', #3474, #3951 ) ;
#4077 = CARTESIAN_POINT ( 'NONE',  ( -0.04336891311624548745, 0.04678773038085496522, -0.06913144104459163775 ) ) ;
#4078 = DIRECTION ( 'NONE',  ( 0.000000000000000000, 0.000000000000000000, 1.000000000000000000 ) ) ;
#4079 = EDGE_CURVE ( 'NONE', #7205, #969, #5597, .T. ) ;
#4080 = CIRCLE ( 'NONE', #3823, 0.003937007874015741038 ) ;
#4081 = ORIENTED_EDGE ( 'NONE', *, *, #6148, .T. ) ;
#4082 = CARTESIAN_POINT ( 'NONE',  ( -0.09842519685039370636, 0.02755905511811023584, -0.05880887093013063144 ) ) ;
#4083 = CARTESIAN_POINT ( 'NONE',  ( -0.04594212157920588707, 0.03206007347552355946, 0.07348851562114623592 ) ) ;
#4084 = VECTOR ( 'NONE', #5976, 39.37007874015748143 ) ;
#4085 = DIRECTION ( 'NONE',  ( 0.000000000000000000, 0.000000000000000000, 1.000000000000000000 ) ) ;
#4086 = CARTESIAN_POINT ( 'NONE',  ( -0.07874015748031502893, 0.03149606299212598381, -0.04811742286199984647 ) ) ;
#4087 = PLANE ( 'NONE',  #7712 ) ;
#4088 = VECTOR ( 'NONE', #1740, 39.37007874015748143 ) ;
#4089 = ORIENTED_EDGE ( 'NONE', *, *, #4079, .T. ) ;
#4090 = CARTESIAN_POINT ( 'NONE',  ( 0.04350125107913476591, 0.04486112158441309811, 0.07103384050197524002 ) ) ;
#4091 = VERTEX_POINT ( 'NONE', #4215 ) ;
#4092 = CARTESIAN_POINT ( 'NONE',  ( 0.09645669291338584972, 0.005905511811023621965, -0.02657480314960630058 ) ) ;
#4093 = CARTESIAN_POINT ( 'NONE',  ( -0.04402273753570137144, 0.04249201979835721260, -0.07231672433375192777 ) ) ;
#4094 = CARTESIAN_POINT ( 'NONE',  ( 0.09100150360959005646, 0.005905511811023621965, -0.02001312335958005048 ) ) ;
#4095 = CARTESIAN_POINT ( 'NONE',  ( -0.07844455505376929372, 0.03149606299212599075, 0.04825045907121432165 ) ) ;
#4096 = CARTESIAN_POINT ( 'NONE',  ( -0.07791772565175301979, 0.03216084518934593517, 0.04777676044448214004 ) ) ;
#4097 = ORIENTED_EDGE ( 'NONE', *, *, #5380, .F. ) ;
#4098 = CARTESIAN_POINT ( 'NONE',  ( 0.09645669291338584972, 0.000000000000000000, 0.05511811023622045780 ) ) ;
#4099 = ORIENTED_EDGE ( 'NONE', *, *, #4405, .F. ) ;
#4100 = LINE ( 'NONE', #5262, #7717 ) ;
#4101 = CARTESIAN_POINT ( 'NONE',  ( -0.09100150360959005646, 0.001968503937007873555, 0.02001312335958005048 ) ) ;
#4102 = CARTESIAN_POINT ( 'NONE',  ( 0.04865307141646404293, 0.03276251154988522873, -0.07657131578333084554 ) ) ;
#4103 = DIRECTION ( 'NONE',  ( 0.000000000000000000, 0.000000000000000000, -1.000000000000000000 ) ) ;
#4104 = PLANE ( 'NONE',  #7181 ) ;
#4105 = CARTESIAN_POINT ( 'NONE',  ( -0.04493235482577912637, 0.04482994461674415926, 0.07105072303018990232 ) ) ;
#4106 = DIRECTION ( 'NONE',  ( 1.000000000000000000, 0.000000000000000000, 0.000000000000000000 ) ) ;
#4107 = DIRECTION ( 'NONE',  ( 0.000000000000000000, 1.000000000000000000, 0.000000000000000000 ) ) ;
#4108 = ORIENTED_EDGE ( 'NONE', *, *, #5054, .F. ) ;
#4109 = CARTESIAN_POINT ( 'NONE',  ( 0.03976576796609576636, 0.04724409448818895491, -0.07038850258441092800 ) ) ;
#4110 = EDGE_CURVE ( 'NONE', #969, #7019, #7076, .T. ) ;
#4111 = ADVANCED_FACE ( 'NONE', ( #6042 ), #303, .F. ) ;
#4112 = CARTESIAN_POINT ( 'NONE',  ( 0.1259842519685039353, 0.005905511811023618496, -0.06299212598425198151 ) ) ;
#4113 = CARTESIAN_POINT ( 'NONE',  ( 0.06584623711124469592, 0.03149606299212598381, 0.09645669291338582196 ) ) ;
#4114 = DIRECTION ( 'NONE',  ( 0.000000000000000000, 1.000000000000000000, 0.000000000000000000 ) ) ;
#4115 = CARTESIAN_POINT ( 'NONE',  ( -0.07558448434315848119, 0.02874278456920518338, -0.04680839362021802647 ) ) ;
#4116 = ORIENTED_EDGE ( 'NONE', *, *, #5569, .T. ) ;
#4117 = VERTEX_POINT ( 'NONE', #4538 ) ;
#4118 = CYLINDRICAL_SURFACE ( 'NONE', #7638, 0.003937007874015749712 ) ;
#4119 = FACE_OUTER_BOUND ( 'NONE', #5139, .T. ) ;
#4120 = EDGE_CURVE ( 'NONE', #2439, #3767, #1055, .T. ) ;
#4121 = DIRECTION ( 'NONE',  ( 0.000000000000000000, 0.000000000000000000, 1.000000000000000000 ) ) ;
#4122 = DIRECTION ( 'NONE',  ( 0.000000000000000000, -1.000000000000000000, -5.421010862427522170E-16 ) ) ;
#4123 = CARTESIAN_POINT ( 'NONE',  ( -0.09842519685039370636, 0.01181102362204724567, -0.04500536227882345752 ) ) ;
#4124 = ORIENTED_EDGE ( 'NONE', *, *, #4281, .T. ) ;
#4125 = EDGE_LOOP ( 'NONE', ( #2213, #3114, #2924, #6371 ) ) ;
#4126 = CARTESIAN_POINT ( 'NONE',  ( 0.04348696229936669516, 0.04513143514355023866, 0.07086635000490885961 ) ) ;
#4127 = ORIENTED_EDGE ( 'NONE', *, *, #6381, .T. ) ;
#4128 = LINE ( 'NONE', #3492, #4818 ) ;
#4129 = CARTESIAN_POINT ( 'NONE',  ( -0.04843911828608706699, 0.03371638490757847273, -0.07605478723426213616 ) ) ;
#4130 = DIRECTION ( 'NONE',  ( -0.000000000000000000, -1.000000000000000000, -0.000000000000000000 ) ) ;
#4131 = CARTESIAN_POINT ( 'NONE',  ( 0.04639636208735210127, 0.03003382268297973001, -0.07458553926759386998 ) ) ;
#4132 = CARTESIAN_POINT ( 'NONE',  ( -0.07822258814338051147, 0.03149606347840914339, 0.04790303862186287565 ) ) ;
#4133 = ORIENTED_EDGE ( 'NONE', *, *, #3042, .F. ) ;
#4134 = EDGE_LOOP ( 'NONE', ( #3336, #5978, #5687, #3904, #7751, #5036 ) ) ;
#4135 = DIRECTION ( 'NONE',  ( -1.000000000000000000, 0.000000000000000000, 0.000000000000000000 ) ) ;
#4136 = CARTESIAN_POINT ( 'NONE',  ( 0.04602144791282579417, 0.04449515384951296254, -0.07021801462978689845 ) ) ;
#4137 = CIRCLE ( 'NONE', #7441, 0.003937007874015762722 ) ;
#4138 = CARTESIAN_POINT ( 'NONE',  ( -0.05511811023622045780, 0.02559055118110236532, 0.09645669291338582196 ) ) ;
#4139 = DIRECTION ( 'NONE',  ( 0.000000000000000000, 0.000000000000000000, 1.000000000000000000 ) ) ;
#4140 = ORIENTED_EDGE ( 'NONE', *, *, #5835, .T. ) ;
#4141 = DIRECTION ( 'NONE',  ( 1.000000000000000000, 0.000000000000000000, 0.000000000000000000 ) ) ;
#4142 = ORIENTED_EDGE ( 'NONE', *, *, #4032, .T. ) ;
#4143 = CARTESIAN_POINT ( 'NONE',  ( -0.1023622047244094613, 0.005905511811023620231, 0.04894237015283921244 ) ) ;
#4144 = AXIS2_PLACEMENT_3D ( 'NONE', #7574, #5051, #3209 ) ;
#4145 = EDGE_CURVE ( 'NONE', #6856, #7775, #1121, .T. ) ;
#4146 = EDGE_LOOP ( 'NONE', ( #1268, #5200, #1093, #4996 ) ) ;
#4147 = CARTESIAN_POINT ( 'NONE',  ( -0.04639636208735228862, 0.03003382268297973001, 0.07458553926759389774 ) ) ;
#4148 = CIRCLE ( 'NONE', #7454, 0.003937007874015760987 ) ;
#4149 = DIRECTION ( 'NONE',  ( 0.000000000000000000, 0.000000000000000000, -1.000000000000000000 ) ) ;
#4150 = CARTESIAN_POINT ( 'NONE',  ( 0.04695695470806429683, 0.02844911768464148186, -0.07593936677860380069 ) ) ;
#4151 = CARTESIAN_POINT ( 'NONE',  ( 0.06692913385826772255, 0.04330708661417322081, -0.04811742286199995056 ) ) ;
#4152 = CARTESIAN_POINT ( 'NONE',  ( 0.07458574343811000262, 0.03003382268297973001, 0.04811742286199987423 ) ) ;
#4153 = EDGE_CURVE ( 'NONE', #4898, #5750, #5098, .T. ) ;
#4154 = EDGE_CURVE ( 'NONE', #2654, #5397, #1754, .T. ) ;
#4155 = VERTEX_POINT ( 'NONE', #6948 ) ;
#4156 = CARTESIAN_POINT ( 'NONE',  ( 0.000000000000000000, 0.000000000000000000, 0.000000000000000000 ) ) ;
#4157 = ORIENTED_EDGE ( 'NONE', *, *, #6645, .F. ) ;
#4158 = DIRECTION ( 'NONE',  ( 1.000000000000000000, 0.000000000000000000, 0.000000000000000000 ) ) ;
#4159 = CARTESIAN_POINT ( 'NONE',  ( 0.05118110236220472370, 0.01574803149606299191, 0.1023622047244094613 ) ) ;
#4160 = CIRCLE ( 'NONE', #3398, 0.001968503937007879193 ) ;
#4161 = CARTESIAN_POINT ( 'NONE',  ( -0.1117542798527060843, 0.01275443361127101029, -0.06299212598425198151 ) ) ;
#4162 = CARTESIAN_POINT ( 'NONE',  ( -0.05511811023622047168, 0.02755905511811023584, -0.09645669291338584972 ) ) ;
#4163 = CARTESIAN_POINT ( 'NONE',  ( -0.08728965698918823846, 0.005905511811023621965, 0.01870078740157480462 ) ) ;
#4164 = EDGE_CURVE ( 'NONE', #6515, #3940, #5683, .T. ) ;
#4165 = VERTEX_POINT ( 'NONE', #5133 ) ;
#4166 = CARTESIAN_POINT ( 'NONE',  ( 0.06971375145277004803, 0.04636065241683468702, -0.04341733862238592728 ) ) ;
#4167 = VECTOR ( 'NONE', #1450, 39.37007874015748143 ) ;
#4168 = ORIENTED_EDGE ( 'NONE', *, *, #5265, .F. ) ;
#4169 = FACE_OUTER_BOUND ( 'NONE', #6350, .T. ) ;
#4170 = VECTOR ( 'NONE', #4190, 39.37007874015748143 ) ;
#4171 = CARTESIAN_POINT ( 'NONE',  ( -0.04514630795615615783, 0.04387607125905074873, -0.07156725157925851455 ) ) ;
#4172 = DIRECTION ( 'NONE',  ( 0.000000000000000000, -1.000000000000000000, 0.000000000000000000 ) ) ;
#4173 = LINE ( 'NONE', #7066, #4055 ) ;
#4174 = CARTESIAN_POINT ( 'NONE',  ( 0.05511811023622046474, 0.01574803149606302313, -0.09842519685039370636 ) ) ;
#4175 = VECTOR ( 'NONE', #5743, 39.37007874015748143 ) ;
#4176 = ORIENTED_EDGE ( 'NONE', *, *, #4903, .F. ) ;
#4177 = DIRECTION ( 'NONE',  ( -1.000000000000000000, -5.706327223607917555E-17, 0.000000000000000000 ) ) ;
#4178 = ADVANCED_FACE ( 'NONE', ( #1480 ), #7512, .F. ) ;
#4179 = ORIENTED_EDGE ( 'NONE', *, *, #4673, .T. ) ;
#4180 = CARTESIAN_POINT ( 'NONE',  ( 0.07021801462978687070, 0.04449515384951296948, 0.04602144791282580111 ) ) ;
#4181 = CARTESIAN_POINT ( 'NONE',  ( -0.06496062992125986590, 0.005905511811023621965, 0.02657480314960630405 ) ) ;
#4182 = APPLICATION_CONTEXT ( 'automotive_design' ) ;
#4183 = CARTESIAN_POINT ( 'NONE',  ( 0.04612842447801411561, 0.04401821717066634054, -0.07047627890432141273 ) ) ;
#4184 = VECTOR ( 'NONE', #6281, 39.37007874015748143 ) ;
#4185 = CARTESIAN_POINT ( 'NONE',  ( 0.09831529546636726125, 0.007189850927049969143, -0.01476437271004296496 ) ) ;
#4186 = CARTESIAN_POINT ( 'NONE',  ( -0.04811742286199987423, 0.02755905511811023237, 0.07874015748031500117 ) ) ;
#4187 = ORIENTED_EDGE ( 'NONE', *, *, #6462, .T. ) ;
#4188 = CARTESIAN_POINT ( 'NONE',  ( 0.05118110236220469594, 0.01181102362204724567, -0.09842519685039370636 ) ) ;
#4189 = ORIENTED_EDGE ( 'NONE', *, *, #4513, .F. ) ;
#4190 = DIRECTION ( 'NONE',  ( 0.000000000000000000, -1.000000000000000000, 0.000000000000000000 ) ) ;
#4191 = AXIS2_PLACEMENT_3D ( 'NONE', #2412, #1909, #3609 ) ;
#4192 = ORIENTED_EDGE ( 'NONE', *, *, #3482, .T. ) ;
#4193 = EDGE_LOOP ( 'NONE', ( #987, #171, #2822, #5565, #4003, #821, #5399, #4203, #2542, #1275, #7109, #2534 ) ) ;
#4194 = CYLINDRICAL_SURFACE ( 'NONE', #6733, 0.003937007874015762722 ) ;
#4195 = CARTESIAN_POINT ( 'NONE',  ( 0.09645669291338584972, 0.005905511811023621965, 0.02657480314960630058 ) ) ;
#4196 = VECTOR ( 'NONE', #5307, 39.37007874015748143 ) ;
#4197 = EDGE_CURVE ( 'NONE', #3466, #3497, #1520, .T. ) ;
#4198 = CARTESIAN_POINT ( 'NONE',  ( 0.04322513669223895100, 0.04724409448818898266, -0.06692913385826773642 ) ) ;
#4199 = DIRECTION ( 'NONE',  ( -0.000000000000000000, -1.000000000000000000, -0.000000000000000000 ) ) ;
#4200 = CARTESIAN_POINT ( 'NONE',  ( 0.07171594742208614592, 0.04172892111220216638, -0.04664191199091925755 ) ) ;
#4201 = CARTESIAN_POINT ( 'NONE',  ( -0.07825055509013165156, 0.03190852425293756733, 0.04762782047181662870 ) ) ;
#4202 = ORIENTED_EDGE ( 'NONE', *, *, #2743, .T. ) ;
#4203 = ORIENTED_EDGE ( 'NONE', *, *, #1064, .F. ) ;
#4204 = CARTESIAN_POINT ( 'NONE',  ( 0.09645669291338584972, 0.000000000000000000, -0.05511811023622045780 ) ) ;
#4205 = VECTOR ( 'NONE', #1228, 39.37007874015748143 ) ;
#4206 = AXIS2_PLACEMENT_3D ( 'NONE', #1260, #3674, #7291 ) ;
#4207 = CARTESIAN_POINT ( 'NONE',  ( -0.06692913385826770867, 0.04724409448818898266, 0.04322513669223895794 ) ) ;
#4208 = DIRECTION ( 'NONE',  ( -0.000000000000000000, -1.000000000000000000, -0.000000000000000000 ) ) ;
#4209 = ORIENTED_EDGE ( 'NONE', *, *, #2880, .T. ) ;
#4210 = CARTESIAN_POINT ( 'NONE',  ( 0.07080616728494074086, 0.04521996676550841393, -0.04348643160600125512 ) ) ;
#4211 = ORIENTED_EDGE ( 'NONE', *, *, #4708, .F. ) ;
#4212 = VECTOR ( 'NONE', #1160, 39.37007874015748143 ) ;
#4213 = CARTESIAN_POINT ( 'NONE',  ( 0.06889763779527559306, 0.01574803149606299191, -0.06299212598425198151 ) ) ;
#4214 = DIRECTION ( 'NONE',  ( 0.7071067811865473507, 0.000000000000000000, 0.7071067811865475727 ) ) ;
#4215 = CARTESIAN_POINT ( 'NONE',  ( 0.09645669291338584972, 0.000000000000000000, 0.05511811023622045780 ) ) ;
#4216 = EDGE_CURVE ( 'NONE', #7135, #5220, #6334, .T. ) ;
#4217 = EDGE_CURVE ( 'NONE', #3441, #4299, #4416, .T. ) ;
#4218 = DIRECTION ( 'NONE',  ( 0.000000000000000000, 0.000000000000000000, 1.000000000000000000 ) ) ;
#4219 = VECTOR ( 'NONE', #4732, 39.37007874015748143 ) ;
#4220 = ORIENTED_EDGE ( 'NONE', *, *, #4856, .T. ) ;
#4221 = PLANE ( 'NONE',  #2747 ) ;
#4222 = ORIENTED_EDGE ( 'NONE', *, *, #3672, .F. ) ;
#4223 = CARTESIAN_POINT ( 'NONE',  ( 0.07260030867739557248, 0.04196832454366426074, 0.04557421421691022767 ) ) ;
#4224 = CARTESIAN_POINT ( 'NONE',  ( 0.08728965698918823846, 0.005905511811023621965, 0.02263779527559055260 ) ) ;
#4225 = CARTESIAN_POINT ( 'NONE',  ( -0.06889763779527559306, 0.01574803149606299191, 0.06299212598425198151 ) ) ;
#4226 = AXIS2_PLACEMENT_3D ( 'NONE', #42, #4843, #2957 ) ;
#4227 = CARTESIAN_POINT ( 'NONE',  ( 0.08728965698918823846, 0.005905511811023621965, -0.02263779527559055260 ) ) ;
#4228 = EDGE_CURVE ( 'NONE', #2478, #4117, #3216, .T. ) ;
#4229 = CARTESIAN_POINT ( 'NONE',  ( -0.05511811023622046474, 0.03149606299212598381, 0.1023622047244094613 ) ) ;
#4230 = ORIENTED_EDGE ( 'NONE', *, *, #300, .T. ) ;
#4231 = CARTESIAN_POINT ( 'NONE',  ( -0.09645669291338582196, 0.02559055118110236532, -0.04894237015283919162 ) ) ;
#4232 = ORIENTED_EDGE ( 'NONE', *, *, #5738, .F. ) ;
#4233 = CARTESIAN_POINT ( 'NONE',  ( 0.04876821251691130371, 0.03177419207751500801, -0.07721303539419614725 ) ) ;
#4234 = VERTEX_POINT ( 'NONE', #1226 ) ;
#4235 = ORIENTED_EDGE ( 'NONE', *, *, #5421, .T. ) ;
#4236 = MANIFOLD_SOLID_BREP ( 'Fillet5', #635 ) ;
#4237 = DIRECTION ( 'NONE',  ( 0.000000000000000000, -1.000000000000000000, 0.000000000000000000 ) ) ;
#4238 = CARTESIAN_POINT ( 'NONE',  ( 0.07874015748031494566, 0.03149606299212598381, 0.04811742286199992280 ) ) ;
#4239 = FACE_OUTER_BOUND ( 'NONE', #27, .T. ) ;
#4240 = CARTESIAN_POINT ( 'NONE',  ( -0.04346451392957835502, 0.04573217821533437366, -0.07049932370956241146 ) ) ;
#4241 = CARTESIAN_POINT ( 'NONE',  ( 0.06937002354045342101, 0.04676143729944553379, -0.04339364618986892019 ) ) ;
#4242 = CARTESIAN_POINT ( 'NONE',  ( 0.09842519685039370636, 0.005905511811023620231, 0.04894237015283921244 ) ) ;
#4243 = ORIENTED_EDGE ( 'NONE', *, *, #7520, .T. ) ;
#4244 = ORIENTED_EDGE ( 'NONE', *, *, #200, .F. ) ;
#4245 = DIRECTION ( 'NONE',  ( 0.000000000000000000, 0.000000000000000000, 1.000000000000000000 ) ) ;
#4246 = CARTESIAN_POINT ( 'NONE',  ( -0.04558037639944934050, 0.04573217900935710317, -0.06962290405257635928 ) ) ;
#4247 = DIRECTION ( 'NONE',  ( -2.707733616970879528E-18, -1.000000000000000000, -0.000000000000000000 ) ) ;
#4248 = CARTESIAN_POINT ( 'NONE',  ( 0.07804775513994746672, 0.03190852425293754652, -0.04639660822200544071 ) ) ;
#4249 = ORIENTED_EDGE ( 'NONE', *, *, #6851, .F. ) ;
#4250 = CARTESIAN_POINT ( 'NONE',  ( 0.07478964346887218007, 0.02966181850492171507, 0.04647759112099163203 ) ) ;
#4251 = EDGE_CURVE ( 'NONE', #2814, #4687, #2322, .T. ) ;
#4252 = ORIENTED_EDGE ( 'NONE', *, *, #2416, .F. ) ;
#4253 = PLANE ( 'NONE',  #2693 ) ;
#4254 = CARTESIAN_POINT ( 'NONE',  ( 0.04577879779687844125, 0.02846948526569289747, -0.07640153241519358207 ) ) ;
#4255 = CARTESIAN_POINT ( 'NONE',  ( -0.06692913385826770867, 0.04724409448818895491, -0.04322513669223893018 ) ) ;
#4256 = DIRECTION ( 'NONE',  ( 0.000000000000000000, 0.000000000000000000, 1.000000000000000000 ) ) ;
#4257 = CARTESIAN_POINT ( 'NONE',  ( -0.06889763779527559306, 0.009842519685039369942, -0.06299212598425198151 ) ) ;
#4258 = MANIFOLD_SOLID_BREP ( 'Shield', #4046 ) ;
#4259 = EDGE_LOOP ( 'NONE', ( #679, #4626, #6672, #2900 ) ) ;
#4260 = CARTESIAN_POINT ( 'NONE',  ( 0.07171594742208578510, 0.04172892111220262434, 0.04664191199091925755 ) ) ;
#4261 = EDGE_CURVE ( 'NONE', #6836, #3394, #4709, .T. ) ;
#4262 = EDGE_CURVE ( 'NONE', #613, #1143, #1319, .T. ) ;
#4263 = CARTESIAN_POINT ( 'NONE',  ( 0.04869586204253959633, 0.03257173687834651055, -0.07667462149314448194 ) ) ;
#4264 = CARTESIAN_POINT ( 'NONE',  ( -0.05511811023622046474, 0.01574803149606302313, 0.09842519685039370636 ) ) ;
#4265 = VERTEX_POINT ( 'NONE', #4101 ) ;
#4266 = DIRECTION ( 'NONE',  ( 0.000000000000000000, 0.000000000000000000, -1.000000000000000000 ) ) ;
#4267 = VERTEX_POINT ( 'NONE', #6533 ) ;
#4268 = LINE ( 'NONE', #1850, #4170 ) ;
#4269 = EDGE_CURVE ( 'NONE', #6619, #6143, #2886, .T. ) ;
#4270 = ORIENTED_EDGE ( 'NONE', *, *, #13, .T. ) ;
#4271 = VECTOR ( 'NONE', #6149, 39.37007874015748143 ) ;
#4272 = ORIENTED_EDGE ( 'NONE', *, *, #5869, .T. ) ;
#4273 = CARTESIAN_POINT ( 'NONE',  ( -0.09842519685039370636, 0.007874015748031495954, -0.01476377952755905838 ) ) ;
#4274 = CARTESIAN_POINT ( 'NONE',  ( 0.09842519685039370636, 0.001968503937007873555, -0.01476377952755905665 ) ) ;
#4275 = AXIS2_PLACEMENT_3D ( 'NONE', #4400, #1387, #3202 ) ;
#4276 = DIRECTION ( 'NONE',  ( 0.000000000000000000, 1.000000000000000000, 0.000000000000000000 ) ) ;
#4277 = B_SPLINE_CURVE_WITH_KNOTS ( 'NONE', 3,
 ( #5910, #483, #6403, #1626 ),
 .UNSPECIFIED., .F., .F.,
 ( 4, 4 ),
 ( 0.000000000000000000, 0.1223648851056717696 ),
 .UNSPECIFIED. ) ;
#4278 = AXIS2_PLACEMENT_3D ( 'NONE', #2609, #5197, #2187 ) ;
#4279 = DIRECTION ( 'NONE',  ( -1.000000000000000000, 0.000000000000000000, 0.000000000000000000 ) ) ;
#4280 = CARTESIAN_POINT ( 'NONE',  ( 0.06692913385826772255, 0.04724409448818895491, -0.04322513669223895100 ) ) ;
#4281 = EDGE_CURVE ( 'NONE', #5294, #4542, #6828, .T. ) ;
#4282 = VERTEX_POINT ( 'NONE', #4909 ) ;
#4283 = ORIENTED_EDGE ( 'NONE', *, *, #3470, .T. ) ;
#4284 = DIRECTION ( 'NONE',  ( -0.000000000000000000, -0.000000000000000000, -1.000000000000000000 ) ) ;
#4285 = VECTOR ( 'NONE', #7008, 39.37007874015748143 ) ;
#4286 = DIRECTION ( 'NONE',  ( -2.168404344971012812E-15, 0.000000000000000000, 1.000000000000000000 ) ) ;
#4287 = DIRECTION ( 'NONE',  ( 0.000000000000000000, 0.000000000000000000, -1.000000000000000000 ) ) ;
#4288 = DIRECTION ( 'NONE',  ( -0.000000000000000000, -1.000000000000000000, -0.000000000000000000 ) ) ;
#4289 = ORIENTED_EDGE ( 'NONE', *, *, #6054, .T. ) ;
#4290 = CARTESIAN_POINT ( 'NONE',  ( 0.07712063192260260047, 0.02782422051078550437, 0.04745201633873172981 ) ) ;
#4291 = ORIENTED_EDGE ( 'NONE', *, *, #2457, .T. ) ;
#4292 = AXIS2_PLACEMENT_3D ( 'NONE', #7279, #1290, #149 ) ;
#4293 = CARTESIAN_POINT ( 'NONE',  ( 0.04811742286199992280, 0.03149606299212598381, 0.07874015748031494566 ) ) ;
#4294 = EDGE_CURVE ( 'NONE', #3705, #3009, #4160, .T. ) ;
#4295 = DIRECTION ( 'NONE',  ( 0.000000000000000000, 0.000000000000000000, -1.000000000000000000 ) ) ;
#4296 = CARTESIAN_POINT ( 'NONE',  ( 0.04811742286199990198, 0.04633366434060631062, 0.07023644914266810590 ) ) ;
#4297 = CIRCLE ( 'NONE', #879, 0.003937007874015747977 ) ;
#4298 = CARTESIAN_POINT ( 'NONE',  ( 0.04366421387883401284, 0.04724456730649331110, 0.06798915995706358850 ) ) ;
#4299 = VERTEX_POINT ( 'NONE', #1207 ) ;
#4300 = CARTESIAN_POINT ( 'NONE',  ( 0.06937002354045332386, 0.04676143729944560318, 0.04339364618986880223 ) ) ;
#4301 =( CONVERSION_BASED_UNIT ( 'INCH', #4874 ) LENGTH_UNIT ( ) NAMED_UNIT ( #1683 ) );
#4302 = CARTESIAN_POINT ( 'NONE',  ( 0.04624785009162309807, 0.03257173687834651749, -0.07768862124406546166 ) ) ;
#4303 = DIRECTION ( 'NONE',  ( 0.000000000000000000, 0.000000000000000000, -1.000000000000000000 ) ) ;
#4304 = AXIS2_PLACEMENT_3D ( 'NONE', #4656, #7774, #6637 ) ;
#4305 = EDGE_CURVE ( 'NONE', #333, #2093, #4991, .T. ) ;
#4306 = CARTESIAN_POINT ( 'NONE',  ( 0.04811742286199984647, 0.04048239269985884348, -0.07340495031363095113 ) ) ;
#4307 = ORIENTED_EDGE ( 'NONE', *, *, #106, .F. ) ;
#4308 = DIRECTION ( 'NONE',  ( 1.000000000000000000, 0.000000000000000000, 0.000000000000000000 ) ) ;
#4309 = ORIENTED_EDGE ( 'NONE', *, *, #2358, .T. ) ;
#4310 = DIRECTION ( 'NONE',  ( 0.000000000000000000, 0.000000000000000000, -1.000000000000000000 ) ) ;
#4311 = VERTEX_POINT ( 'NONE', #7277 ) ;
#4312 = VECTOR ( 'NONE', #501, 39.37007874015748143 ) ;
#4313 = ORIENTED_EDGE ( 'NONE', *, *, #827, .T. ) ;
#4314 = CARTESIAN_POINT ( 'NONE',  ( -0.09831435376820889249, 0.007222783148668171505, -0.01476455973920655536 ) ) ;
#4315 = DIRECTION ( 'NONE',  ( 0.000000000000000000, 0.000000000000000000, 1.000000000000000000 ) ) ;
#4316 = EDGE_CURVE ( 'NONE', #3906, #407, #1167, .T. ) ;
#4317 = CARTESIAN_POINT ( 'NONE',  ( 0.07748223700178748230, 0.02755905511811023584, 0.04685950238347237617 ) ) ;
#4318 = EDGE_CURVE ( 'NONE', #7721, #903, #2, .T. ) ;
#4319 = CIRCLE ( 'NONE', #7093, 0.006467032068879520305 ) ;
#4320 = DIRECTION ( 'NONE',  ( 0.000000000000000000, 0.000000000000000000, -1.000000000000000000 ) ) ;
#4321 = CARTESIAN_POINT ( 'NONE',  ( 0.07105612511580303159, 0.04481996858434146580, -0.04350920467577166356 ) ) ;
#4322 = CYLINDRICAL_SURFACE ( 'NONE', #6815, 0.003937007874015741038 ) ;
#4323 = ORIENTED_EDGE ( 'NONE', *, *, #978, .F. ) ;
#4324 = LINE ( 'NONE', #3607, #4488 ) ;
#4325 = CARTESIAN_POINT ( 'NONE',  ( 0.07108354790047266558, 0.04476932692331948155, 0.04351193913223799087 ) ) ;
#4326 = CYLINDRICAL_SURFACE ( 'NONE', #4329, 0.04055118110236220763 ) ;
#4327 = EDGE_CURVE ( 'NONE', #1485, #4657, #5561, .T. ) ;
#4328 = FACE_OUTER_BOUND ( 'NONE', #232, .T. ) ;
#4329 = AXIS2_PLACEMENT_3D ( 'NONE', #3082, #6713, #6788 ) ;
#4330 = CARTESIAN_POINT ( 'NONE',  ( 0.000000000000000000, 0.3082057923128421195, 0.000000000000000000 ) ) ;
#4331 = VERTEX_POINT ( 'NONE', #5448 ) ;
#4332 = DIRECTION ( 'NONE',  ( 0.000000000000000000, 1.000000000000000000, 0.000000000000000000 ) ) ;
#4333 = EDGE_LOOP ( 'NONE', ( #68, #884, #4497, #2222 ) ) ;
#4334 = DIRECTION ( 'NONE',  ( -0.7071067811865476838, 0.000000000000000000, 0.7071067811865474617 ) ) ;
#4335 = CARTESIAN_POINT ( 'NONE',  ( -0.04624785009162311195, 0.03257173687834653830, -0.07768862124406546166 ) ) ;
#4336 = VECTOR ( 'NONE', #7369, 39.37007874015748143 ) ;
#4337 = LINE ( 'NONE', #6761, #6201 ) ;
#4338 = CARTESIAN_POINT ( 'NONE',  ( -0.07099927356351896923, 0.04493333741124209968, -0.04491104375890724032 ) ) ;
#4339 = LINE ( 'NONE', #3733, #176 ) ;
#4340 = DIRECTION ( 'NONE',  ( -0.000000000000000000, -0.000000000000000000, -1.000000000000000000 ) ) ;
#4341 = VECTOR ( 'NONE', #1846, 39.37007874015748143 ) ;
#4342 = ORIENTED_EDGE ( 'NONE', *, *, #4745, .F. ) ;
#4343 = CARTESIAN_POINT ( 'NONE',  ( 0.06692913385826772255, 0.04724409448818895491, 0.04322513669223893712 ) ) ;
#4344 = DIRECTION ( 'NONE',  ( 2.168404344971012812E-15, 0.000000000000000000, -1.000000000000000000 ) ) ;
#4345 = CARTESIAN_POINT ( 'NONE',  ( -0.03976576796609577330, 0.04330708661417322081, 0.07038850258441088636 ) ) ;
#4346 = CARTESIAN_POINT ( 'NONE',  ( 0.06692913385826772255, 0.04330708661417322081, 0.04322513669223895794 ) ) ;
#4347 = CIRCLE ( 'NONE', #6884, 0.003937007874015749712 ) ;
#4348 = DIRECTION ( 'NONE',  ( 0.000000000000000000, 0.000000000000000000, -1.000000000000000000 ) ) ;
#4349 = EDGE_LOOP ( 'NONE', ( #3104, #3188, #5230, #4291 ) ) ;
#4350 = CARTESIAN_POINT ( 'NONE',  ( -0.07844366278012820937, 0.03149606299212599075, 0.04811742286199992974 ) ) ;
#4351 = ORIENTED_EDGE ( 'NONE', *, *, #4470, .T. ) ;
#4352 = DIRECTION ( 'NONE',  ( 0.000000000000000000, 0.000000000000000000, 1.000000000000000000 ) ) ;
#4353 = EDGE_CURVE ( 'NONE', #2279, #4331, #1841, .T. ) ;
#4354 = ORIENTED_EDGE ( 'NONE', *, *, #649, .T. ) ;
#4355 = CARTESIAN_POINT ( 'NONE',  ( -0.05118110236220472370, 0.01574803149606299191, -0.09842519685039370636 ) ) ;
#4356 = CARTESIAN_POINT ( 'NONE',  ( 0.07874015748031500117, 0.02755905511811022543, 0.04811742286199988811 ) ) ;
#4357 = CARTESIAN_POINT ( 'NONE',  ( -0.1067728658505845696, 0.009582591198791106518, 0.06299212598425198151 ) ) ;
#4358 = CARTESIAN_POINT ( 'NONE',  ( -0.04381424491406937100, 0.04154684684384741394, -0.06835136691711624080 ) ) ;
#4359 = CARTESIAN_POINT ( 'NONE',  ( 0.07049778985967473932, 0.04563202121754617036, -0.04347150067081163166 ) ) ;
#4360 = DIRECTION ( 'NONE',  ( -1.000000000000000000, 2.707733616970879528E-18, 0.000000000000000000 ) ) ;
#4361 = EDGE_CURVE ( 'NONE', #7020, #7334, #7706, .T. ) ;
#4362 = ORIENTED_EDGE ( 'NONE', *, *, #1592, .T. ) ;
#4363 = EDGE_CURVE ( 'NONE', #3213, #274, #4297, .T. ) ;
#4364 = CARTESIAN_POINT ( 'NONE',  ( 0.06331663509238938392, 0.02755905511811023584, 0.08603106008497583834 ) ) ;
#4365 = CARTESIAN_POINT ( 'NONE',  ( 0.09842519685039370636, 0.007874015748031497688, 0.01870078740157480462 ) ) ;
#4366 = MANIFOLD_SOLID_BREP ( 'Mirror1[2]', #5558 ) ;
#4367 = CARTESIAN_POINT ( 'NONE',  ( 0.1164233781010027835, 0.005905511811023553444, -0.06299212598425198151 ) ) ;
#4368 = PLANE ( 'NONE',  #2169 ) ;
#4369 = CARTESIAN_POINT ( 'NONE',  ( -0.1164233781010027835, 0.006467032068879333823, 0.06299212598425198151 ) ) ;
#4370 = DIRECTION ( 'NONE',  ( 1.000000000000000000, 0.000000000000000000, 0.000000000000000000 ) ) ;
#4371 = EDGE_LOOP ( 'NONE', ( #5250, #1689, #59, #7425 ) ) ;
#4372 = CARTESIAN_POINT ( 'NONE',  ( -0.08728965698918823846, 0.001968503937007873555, 0.02263779527559055260 ) ) ;
#4373 = ORIENTED_EDGE ( 'NONE', *, *, #3972, .F. ) ;
#4374 = EDGE_CURVE ( 'NONE', #4593, #5918, #105, .T. ) ;
#4375 = SURFACE_STYLE_FILL_AREA ( #6202 ) ;
#4376 = DIRECTION ( 'NONE',  ( 1.000000000000000000, 0.000000000000000000, 0.000000000000000000 ) ) ;
#4377 = PLANE ( 'NONE',  #47 ) ;
#4378 = LINE ( 'NONE', #1407, #5947 ) ;
#4379 = ORIENTED_EDGE ( 'NONE', *, *, #3085, .F. ) ;
#4380 = CARTESIAN_POINT ( 'NONE',  ( 0.07714575990919927961, 0.03357423899596304051, 0.04745700176422920635 ) ) ;
#4381 = EDGE_CURVE ( 'NONE', #4860, #6836, #2264, .T. ) ;
#4382 = CARTESIAN_POINT ( 'NONE',  ( -0.07580254313921519493, 0.03003382268297973001, 0.04517980852090017208 ) ) ;
#4383 = CARTESIAN_POINT ( 'NONE',  ( 0.07108354790047266558, 0.04476932692331948155, 0.04351193913223799087 ) ) ;
#4384 = DIRECTION ( 'NONE',  ( -1.000000000000000000, -0.000000000000000000, -1.355252715606880789E-16 ) ) ;
#4385 = LINE ( 'NONE', #7281, #4341 ) ;
#4386 = ORIENTED_EDGE ( 'NONE', *, *, #993, .T. ) ;
#4387 = CARTESIAN_POINT ( 'NONE',  ( -0.07572635272678918117, 0.03619545847639819847, 0.04811742286199992280 ) ) ;
#4388 = ORIENTED_EDGE ( 'NONE', *, *, #7061, .T. ) ;
#4389 = CARTESIAN_POINT ( 'NONE',  ( 0.09842519685039370636, 0.01181102362204724567, -0.04500536227882345752 ) ) ;
#4390 =( NAMED_UNIT ( * ) PLANE_ANGLE_UNIT ( ) SI_UNIT ( $, .RADIAN. ) );
#4391 = FACE_OUTER_BOUND ( 'NONE', #6516, .T. ) ;
#4392 = LINE ( 'NONE', #5656, #6625 ) ;
#4393 = CARTESIAN_POINT ( 'NONE',  ( 0.07416106375100821324, 0.03432075690644036114, 0.04353832913269312099 ) ) ;
#4394 = CARTESIAN_POINT ( 'NONE',  ( -0.07239135461588443177, 0.03408620088688607552, -0.04548766261071966743 ) ) ;
#4395 = EDGE_CURVE ( 'NONE', #7142, #1811, #3297, .T. ) ;
#4396 = FACE_OUTER_BOUND ( 'NONE', #7439, .T. ) ;
#4397 = PLANE ( 'NONE',  #616 ) ;
#4398 = ORIENTED_EDGE ( 'NONE', *, *, #964, .F. ) ;
#4399 = EDGE_LOOP ( 'NONE', ( #7156, #4842, #5768, #1211, #2754 ) ) ;
#4400 = CARTESIAN_POINT ( 'NONE',  ( 0.07677165354330711677, 0.005905511811023621965, -0.01870078740157480462 ) ) ;
#4401 = CARTESIAN_POINT ( 'NONE',  ( 0.04811742286199991586, 0.04330708661417322775, 0.06722562855845447272 ) ) ;
#4402 = CARTESIAN_POINT ( 'NONE',  ( 0.05511811023622047861, 0.02755905511811023584, -0.1023622047244094613 ) ) ;
#4403 = VECTOR ( 'NONE', #4266, 39.37007874015748143 ) ;
#4404 = DIRECTION ( 'NONE',  ( -0.1935096937407781159, -0.8627297996377595313, 0.4671737270495219807 ) ) ;
#4405 = EDGE_CURVE ( 'NONE', #1914, #5733, #6804, .T. ) ;
#4406 = EDGE_CURVE ( 'NONE', #3598, #6168, #3178, .T. ) ;
#4407 = DIRECTION ( 'NONE',  ( -0.000000000000000000, -1.000000000000000000, -0.000000000000000000 ) ) ;
#4408 = CARTESIAN_POINT ( 'NONE',  ( -0.07849676599662529231, 0.03152368141775869353, -0.04751269767082096779 ) ) ;
#4409 = VECTOR ( 'NONE', #7227, 39.37007874015748143 ) ;
#4410 = ORIENTED_EDGE ( 'NONE', *, *, #4305, .T. ) ;
#4411 = DIRECTION ( 'NONE',  ( -1.000000000000000000, 0.000000000000000000, 0.000000000000000000 ) ) ;
#4412 = VECTOR ( 'NONE', #4574, 39.37007874015748143 ) ;
#4413 = ORIENTED_EDGE ( 'NONE', *, *, #2101, .F. ) ;
#4414 = FACE_OUTER_BOUND ( 'NONE', #4920, .T. ) ;
#4415 = LINE ( 'NONE', #880, #7615 ) ;
#4416 = LINE ( 'NONE', #2580, #4428 ) ;
#4417 = AXIS2_PLACEMENT_3D ( 'NONE', #7122, #7675, #1692 ) ;
#4418 = EDGE_CURVE ( 'NONE', #2791, #3754, #227, .T. ) ;
#4419 = CARTESIAN_POINT ( 'NONE',  ( -0.07010371479774364645, 0.04469496946141581634, -0.04598272780507824814 ) ) ;
#4420 = CARTESIAN_POINT ( 'NONE',  ( 0.08728965698918823846, 0.005905511811023621965, -0.01870078740157480809 ) ) ;
#4421 = EDGE_CURVE ( 'NONE', #1059, #6835, #5069, .T. ) ;
#4422 = CARTESIAN_POINT ( 'NONE',  ( 0.04523841632100156912, 0.03707212431579451350, 0.07525163254471343988 ) ) ;
#4423 = ORIENTED_EDGE ( 'NONE', *, *, #98, .F. ) ;
#4424 = PLANE ( 'NONE',  #4444 ) ;
#4425 = VECTOR ( 'NONE', #4384, 39.37007874015748143 ) ;
#4426 = CARTESIAN_POINT ( 'NONE',  ( -0.04403019752294892730, 0.04724409448818895491, -0.06785359313656427749 ) ) ;
#4427 = DIRECTION ( 'NONE',  ( 1.000000000000000000, 0.000000000000000000, 0.000000000000000000 ) ) ;
#4428 = VECTOR ( 'NONE', #810, 39.37007874015748854 ) ;
#4429 = CARTESIAN_POINT ( 'NONE',  ( -0.07295561593985033788, 0.03943962505373842936, 0.04715539950382458684 ) ) ;
#4430 = ADVANCED_FACE ( 'NONE', ( #271 ), #5661, .F. ) ;
#4431 = ORIENTED_EDGE ( 'NONE', *, *, #4025, .F. ) ;
#4432 = CARTESIAN_POINT ( 'NONE',  ( -0.07283464566929134798, 0.005905511811023621965, 0.01870078740157480116 ) ) ;
#4433 = VERTEX_POINT ( 'NONE', #5255 ) ;
#4434 = CARTESIAN_POINT ( 'NONE',  ( -0.1023622047244094613, 0.007874015748031471668, 0.01476377952755905838 ) ) ;
#4435 = PRESENTATION_STYLE_ASSIGNMENT (( #4480 ) ) ;
#4436 = CARTESIAN_POINT ( 'NONE',  ( 0.04403019752294653338, 0.04724409448818895491, -0.06785359313656655345 ) ) ;
#4437 = CARTESIAN_POINT ( 'NONE',  ( 0.1164233781010027835, 0.006467032068879333823, 0.08267716535433072833 ) ) ;
#4438 = CIRCLE ( 'NONE', #5440, 0.003937007874015747977 ) ;
#4439 = CARTESIAN_POINT ( 'NONE',  ( -0.1117542798527060843, 0.01275443361127101029, -0.08267716535433072833 ) ) ;
#4440 = CARTESIAN_POINT ( 'NONE',  ( 0.04361388207615864848, 0.04245713312723394667, -0.06786764823645048683 ) ) ;
#4441 = LINE ( 'NONE', #5577, #5219 ) ;
#4442 = CARTESIAN_POINT ( 'NONE',  ( 0.07479606136928138027, 0.03791342768142890590, -0.04504971256151119041 ) ) ;
#4443 = CARTESIAN_POINT ( 'NONE',  ( -0.07677165354330711677, 0.001968503937007873555, 0.01870078740157480116 ) ) ;
#4444 = AXIS2_PLACEMENT_3D ( 'NONE', #5603, #2663, #146 ) ;
#4445 = VERTEX_POINT ( 'NONE', #7629 ) ;
#4446 = EDGE_LOOP ( 'NONE', ( #2951, #1652, #6320, #6736 ) ) ;
#4447 = CARTESIAN_POINT ( 'NONE',  ( 0.04811742286199990892, 0.03003382268297973001, 0.07458574343811001650 ) ) ;
#4448 = EDGE_CURVE ( 'NONE', #5999, #479, #7031, .T. ) ;
#4449 = CARTESIAN_POINT ( 'NONE',  ( 0.1023622047244094613, 0.01574803149606299191, -0.04894237015283919856 ) ) ;
#4450 = AXIS2_PLACEMENT_3D ( 'NONE', #3212, #3248, #4498 ) ;
#4451 = CARTESIAN_POINT ( 'NONE',  ( 0.07804775513994746672, 0.03190852425293756733, -0.04811742286199995056 ) ) ;
#4452 = FACE_OUTER_BOUND ( 'NONE', #4535, .T. ) ;
#4453 = CARTESIAN_POINT ( 'NONE',  ( -0.1159497248488431664, 0.006165440297272224528, 0.08267716535433072833 ) ) ;
#4454 = CARTESIAN_POINT ( 'NONE',  ( -0.04366421387882418736, 0.04724456730650088143, 0.06798915995706748816 ) ) ;
#4455 = EDGE_LOOP ( 'NONE', ( #1719, #2461, #4880, #1813 ) ) ;
#4456 = VERTEX_POINT ( 'NONE', #6525 ) ;
#4457 = CARTESIAN_POINT ( 'NONE',  ( 0.07874015748031493178, 0.02755905511811023237, -0.04811742286199993668 ) ) ;
#4458 =( GEOMETRIC_REPRESENTATION_CONTEXT ( 3 ) GLOBAL_UNCERTAINTY_ASSIGNED_CONTEXT ( ( #938 ) ) GLOBAL_UNIT_ASSIGNED_CONTEXT ( ( #367, #3207, #7459 ) ) REPRESENTATION_CONTEXT ( 'NONE', 'WORKASPACE' ) );
#4459 = VERTEX_POINT ( 'NONE', #7103 ) ;
#4460 = EDGE_CURVE ( 'NONE', #5397, #2301, #2200, .T. ) ;
#4461 = CARTESIAN_POINT ( 'NONE',  ( 0.04884462017292180713, 0.03190852425293757427, -0.07703375538902647313 ) ) ;
#4462 = CARTESIAN_POINT ( 'NONE',  ( 0.1164233781010027835, 0.006467032068879333823, -0.06299212598425198151 ) ) ;
#4463 = AXIS2_PLACEMENT_3D ( 'NONE', #4159, #6154, #2966 ) ;
#4464 = CARTESIAN_POINT ( 'NONE',  ( -0.07118036152580110854, 0.04459054118528230776, -0.04355204064887151227 ) ) ;
#4465 = CARTESIAN_POINT ( 'NONE',  ( 0.04818237452963457929, 0.03486103293681070553, 0.07543495297537956834 ) ) ;
#4466 = ORIENTED_EDGE ( 'NONE', *, *, #2227, .F. ) ;
#4467 = DIRECTION ( 'NONE',  ( 0.000000000000000000, 0.000000000000000000, 1.000000000000000000 ) ) ;
#4468 = ORIENTED_EDGE ( 'NONE', *, *, #4406, .F. ) ;
#4469 = VECTOR ( 'NONE', #4691, 39.37007874015748143 ) ;
#4470 = EDGE_CURVE ( 'NONE', #7256, #6451, #3453, .T. ) ;
#4471 = CARTESIAN_POINT ( 'NONE',  ( 0.09711650256036326312, 0.006007148072763298340, 0.01487041229285757972 ) ) ;
#4472 = EDGE_CURVE ( 'NONE', #3497, #7256, #1599, .T. ) ;
#4473 = CARTESIAN_POINT ( 'NONE',  ( 0.07804733467584279438, 0.03190884992229305051, -0.04639629941512270206 ) ) ;
#4474 = CARTESIAN_POINT ( 'NONE',  ( -0.07098615696155624599, 0.04494917878645577486, 0.04490561068448208071 ) ) ;
#4475 = CIRCLE ( 'NONE', #2186, 0.01072812687502424332 ) ;
#4476 = EDGE_LOOP ( 'NONE', ( #3746, #2643, #4506, #7738 ) ) ;
#4477 = CARTESIAN_POINT ( 'NONE',  ( 0.06786764823645038969, 0.04245713312723215643, 0.04361388207615855828 ) ) ;
#4478 = ORIENTED_EDGE ( 'NONE', *, *, #332, .T. ) ;
#4479 = CARTESIAN_POINT ( 'NONE',  ( 0.09842519685039370636, 0.007874015748031495954, 0.01476377952755905665 ) ) ;
#4480 = SURFACE_STYLE_USAGE ( .BOTH. , #237 ) ;
#4481 = LINE ( 'NONE', #6926, #1150 ) ;
#4482 = EDGE_CURVE ( 'NONE', #7010, #4282, #5223, .T. ) ;
#4483 = CIRCLE ( 'NONE', #676, 0.006467032068879520305 ) ;
#4484 = CARTESIAN_POINT ( 'NONE',  ( 0.04349901208602671016, 0.04289462535336164423, 0.06760025801587828120 ) ) ;
#4485 = LINE ( 'NONE', #1576, #1672 ) ;
#4486 = CARTESIAN_POINT ( 'NONE',  ( -0.06734876800142293451, 0.04328404036756563350, -0.04348649108168236438 ) ) ;
#4487 = CARTESIAN_POINT ( 'NONE',  ( 0.07543495297537984590, 0.03486103293681055981, -0.04818237452963443357 ) ) ;
#4488 = VECTOR ( 'NONE', #7172, 39.37007874015748143 ) ;
#4489 = FACE_OUTER_BOUND ( 'NONE', #3583, .T. ) ;
#4490 = VERTEX_POINT ( 'NONE', #4092 ) ;
#4491 = CARTESIAN_POINT ( 'NONE',  ( -0.05118110236220469594, 0.01181102362204724567, -0.09842519685039370636 ) ) ;
#4492 = LINE ( 'NONE', #1390, #2633 ) ;
#4493 = CARTESIAN_POINT ( 'NONE',  ( 0.06990550596164521457, 0.04516878170799032421, -0.04581808850957917040 ) ) ;
#4494 = CARTESIAN_POINT ( 'NONE',  ( 0.09842519685039370636, 0.001968503937007873555, -0.01476377952755905665 ) ) ;
#4495 = LINE ( 'NONE', #6431, #7187 ) ;
#4496 = CARTESIAN_POINT ( 'NONE',  ( -0.04801121202533312204, 0.03562413162296514113, 0.07502173013612464803 ) ) ;
#4497 = ORIENTED_EDGE ( 'NONE', *, *, #5607, .T. ) ;
#4498 = DIRECTION ( 'NONE',  ( 0.000000000000000000, 0.000000000000000000, -1.000000000000000000 ) ) ;
#4499 = ORIENTED_EDGE ( 'NONE', *, *, #3549, .T. ) ;
#4500 = LINE ( 'NONE', #5550, #6758 ) ;
#4501 = CARTESIAN_POINT ( 'NONE',  ( 0.09645669291338584972, 0.02755905511811023584, -0.05511811023622045780 ) ) ;
#4502 = CARTESIAN_POINT ( 'NONE',  ( -0.07239135457162118592, 0.03408620096862696042, 0.04548766259238526399 ) ) ;
#4503 = CARTESIAN_POINT ( 'NONE',  ( -0.07130272458283141990, 0.04249201979835726117, -0.04647074948661705784 ) ) ;
#4504 = CARTESIAN_POINT ( 'NONE',  ( 0.04351999302633953459, 0.04469496946141594124, 0.07112381294362507544 ) ) ;
#4505 = ADVANCED_FACE ( 'NONE', ( #4053 ), #6484, .T. ) ;
#4506 = ORIENTED_EDGE ( 'NONE', *, *, #7164, .F. ) ;
#4507 = CARTESIAN_POINT ( 'NONE',  ( 0.07590609139143464357, 0.03586353505442704120, 0.04694351425132447381 ) ) ;
#4508 = ORIENTED_EDGE ( 'NONE', *, *, #5242, .T. ) ;
#4509 = CARTESIAN_POINT ( 'NONE',  ( -0.04348544396992824052, 0.04538425365438054221, -0.07069972069918711854 ) ) ;
#4510 = FACE_OUTER_BOUND ( 'NONE', #7223, .T. ) ;
#4511 = CARTESIAN_POINT ( 'NONE',  ( -0.07169689007486972077, 0.04363666782758893192, 0.04376599377924866863 ) ) ;
#4512 = ORIENTED_EDGE ( 'NONE', *, *, #2178, .F. ) ;
#4513 = EDGE_CURVE ( 'NONE', #3247, #3949, #4128, .T. ) ;
#4514 = CARTESIAN_POINT ( 'NONE',  ( -0.06870810205938812643, 0.04724409448818897572, 0.04811742286199993668 ) ) ;
#4515 = EDGE_CURVE ( 'NONE', #5471, #5217, #1391, .T. ) ;
#4516 = ORIENTED_EDGE ( 'NONE', *, *, #7697, .F. ) ;
#4517 = CARTESIAN_POINT ( 'NONE',  ( -0.1067728658505845696, 0.009582591198791106518, 0.06299212598425198151 ) ) ;
#4518 = CARTESIAN_POINT ( 'NONE',  ( 0.04461798493860439502, 0.04586810874880781902, -0.07029176698497076325 ) ) ;
#4519 = CARTESIAN_POINT ( 'NONE',  ( 0.06889763779527559306, 0.01574803149606299191, 0.06299212598425198151 ) ) ;
#4520 = CARTESIAN_POINT ( 'NONE',  ( 0.03976576796609581493, 0.04330708661417322081, 0.07038850258441084473 ) ) ;
#4521 = CARTESIAN_POINT ( 'NONE',  ( -0.07874015748031500117, 0.02755905511811022543, -0.04811742286199987423 ) ) ;
#4522 = EDGE_CURVE ( 'NONE', #5261, #3986, #3375, .T. ) ;
#4523 = CARTESIAN_POINT ( 'NONE',  ( -0.1159497248488431664, 0.006165440297272224528, -0.08267716535433072833 ) ) ;
#4524 = ORIENTED_EDGE ( 'NONE', *, *, #4281, .F. ) ;
#4525 = ORIENTED_EDGE ( 'NONE', *, *, #6654, .T. ) ;
#4526 = DIRECTION ( 'NONE',  ( 0.000000000000000000, 0.000000000000000000, -1.000000000000000000 ) ) ;
#4527 = CARTESIAN_POINT ( 'NONE',  ( 0.04884462017292180713, 0.03190852425293757427, -0.07703375538902647313 ) ) ;
#4528 = DIRECTION ( 'NONE',  ( 0.000000000000000000, 0.000000000000000000, 1.000000000000000000 ) ) ;
#4529 = CARTESIAN_POINT ( 'NONE',  ( 0.04595995108315448913, 0.04476932692331947461, 0.07006954814955164423 ) ) ;
#4530 = EDGE_CURVE ( 'NONE', #711, #2507, #3403, .T. ) ;
#4531 = CYLINDRICAL_SURFACE ( 'NONE', #4144, 0.003937007874015743640 ) ;
#4532 = CARTESIAN_POINT ( 'NONE',  ( -0.04352529650757441110, 0.04470977535499399275, 0.07111579545716754935 ) ) ;
#4533 = EDGE_LOOP ( 'NONE', ( #3914, #3115, #5405, #6340 ) ) ;
#4534 = CARTESIAN_POINT ( 'NONE',  ( -0.07006615467585608492, 0.04607327564535437792, 0.04344171147018414253 ) ) ;
#4535 = EDGE_LOOP ( 'NONE', ( #3887, #6135, #378, #665 ) ) ;
#4536 = VECTOR ( 'NONE', #4027, 39.37007874015748143 ) ;
#4537 = CARTESIAN_POINT ( 'NONE',  ( -0.05511811023622047168, 0.02755905511811023584, 0.09645669291338584972 ) ) ;
#4538 = CARTESIAN_POINT ( 'NONE',  ( -0.08659019213609440990, 0.02755905511811023584, -0.05880887093013063144 ) ) ;
#4539 = CARTESIAN_POINT ( 'NONE',  ( -0.07701223264166341675, 0.03192330889089457086, -0.04885379207413172165 ) ) ;
#4540 = CARTESIAN_POINT ( 'NONE',  ( 0.04620505946554773202, 0.03276251154988525649, 0.07758531553425168648 ) ) ;
#4541 = VECTOR ( 'NONE', #6357, 39.37007874015748143 ) ;
#4542 = VERTEX_POINT ( 'NONE', #3980 ) ;
#4543 = CARTESIAN_POINT ( 'NONE',  ( 0.04349029767934924767, 0.04499760712919688432, 0.07095402549643423096 ) ) ;
#4544 =( BOUNDED_SURFACE ( )  B_SPLINE_SURFACE ( 3, 1, ( 
 ( #5287, #7029 ),
 ( #452, #2813 ),
 ( #5209, #7661 ),
 ( #3939, #3337 ),
 ( #2847, #491 ),
 ( #2230, #7059 ),
 ( #7625, #4010 ),
 ( #7732, #4050 ),
 ( #6442, #5323 ),
 ( #3489, #995 ) ),
 .UNSPECIFIED., .F., .F., .F. ) 
 B_SPLINE_SURFACE_WITH_KNOTS ( ( 4, 3, 3, 4 ),
 ( 2, 2 ),
 ( 0.000000000000000000, 0.2470520139942833093, 0.9588246643342867026, 1.000000000000000000 ),
 ( 0.000000000000000000, 1.000000000000000000 ),
 .UNSPECIFIED. ) 
 GEOMETRIC_REPRESENTATION_ITEM ( )  RATIONAL_B_SPLINE_SURFACE ( (
 ( 1.000000000000000000, 1.000000000000000000),
 ( 0.9060799708944990982, 0.9060799708944990982),
 ( 0.9060799708944990982, 0.9060799708944990982),
 ( 1.000000000000000000, 1.000000000000000000),
 ( 1.000000000000000000, 1.000000000000000000),
 ( 1.000000000000000000, 1.000000000000000000),
 ( 1.000000000000000000, 1.000000000000000000),
 ( 0.9060799708944982100, 0.9060799708944982100),
 ( 0.9060799708944982100, 0.9060799708944982100),
 ( 1.000000000000000000, 1.000000000000000000) ) ) 
 REPRESENTATION_ITEM ( '' )  SURFACE ( )  );
#4545 = ORIENTED_EDGE ( 'NONE', *, *, #3436, .F. ) ;
#4546 = CARTESIAN_POINT ( 'NONE',  ( -0.04685950238347234148, 0.02755905511811023584, 0.07748223700178748230 ) ) ;
#4547 = CARTESIAN_POINT ( 'NONE',  ( 0.09768888381577903179, 0.006323382781405686472, 0.01479606844440913178 ) ) ;
#4548 = PLANE ( 'NONE',  #7068 ) ;
#4549 = EDGE_CURVE ( 'NONE', #4687, #5480, #4651, .T. ) ;
#4550 = CARTESIAN_POINT ( 'NONE',  ( -0.1159497248488431664, 0.006165440297272224528, 0.06299212598425198151 ) ) ;
#4551 = AXIS2_PLACEMENT_3D ( 'NONE', #1635, #2234, #2263 ) ;
#4552 = VERTEX_POINT ( 'NONE', #7815 ) ;
#4553 = DIRECTION ( 'NONE',  ( -0.5370986485132712707, 0.8435194376925865267, 0.000000000000000000 ) ) ;
#4554 = ORIENTED_EDGE ( 'NONE', *, *, #6643, .T. ) ;
#4555 = CARTESIAN_POINT ( 'NONE',  ( -0.09645669291338584972, 0.02755905511811023584, -0.05511811023622045780 ) ) ;
#4556 = CARTESIAN_POINT ( 'NONE',  ( 0.04322513669223895100, 0.04724409448818895491, -0.06692913385826773642 ) ) ;
#4557 = AXIS2_PLACEMENT_3D ( 'NONE', #6727, #3698, #6613 ) ;
#4558 = EDGE_CURVE ( 'NONE', #3940, #985, #1368, .T. ) ;
#4559 = DIRECTION ( 'NONE',  ( 0.5370986485132712707, 0.8435194376925865267, 0.000000000000000000 ) ) ;
#4560 = CARTESIAN_POINT ( 'NONE',  ( 0.07657131578333060962, 0.03276251154988525649, -0.04865307141646422334 ) ) ;
#4561 = VECTOR ( 'NONE', #1040, 39.37007874015748143 ) ;
#4562 = LINE ( 'NONE', #320, #5061 ) ;
#4563 = ORIENTED_EDGE ( 'NONE', *, *, #909, .F. ) ;
#4564 = VECTOR ( 'NONE', #5477, 39.37007874015748143 ) ;
#4565 = ORIENTED_EDGE ( 'NONE', *, *, #6760, .F. ) ;
#4566 = CARTESIAN_POINT ( 'NONE',  ( 0.04811742286199982566, 0.04315534825624279397, -0.06748035307233446467 ) ) ;
#4567 = ADVANCED_FACE ( 'NONE', ( #4169 ), #5627, .F. ) ;
#4568 = LINE ( 'NONE', #945, #4804 ) ;
#4569 = ADVANCED_FACE ( 'NONE', ( #569 ), #605, .T. ) ;
#4570 = LINE ( 'NONE', #7014, #911 ) ;
#4571 = AXIS2_PLACEMENT_3D ( 'NONE', #6299, #6811, #822 ) ;
#4572 = DIRECTION ( 'NONE',  ( 0.000000000000000000, 0.000000000000000000, -1.000000000000000000 ) ) ;
#4573 = CARTESIAN_POINT ( 'NONE',  ( 0.06760025801587443706, 0.04289462535336164423, -0.04349901208603175473 ) ) ;
#4574 = DIRECTION ( 'NONE',  ( 0.000000000000000000, 0.000000000000000000, -1.000000000000000000 ) ) ;
#4575 = CARTESIAN_POINT ( 'NONE',  ( -0.04403019752294259903, 0.04724409448818895491, 0.06785359313656948166 ) ) ;
#4576 = ORIENTED_EDGE ( 'NONE', *, *, #5478, .T. ) ;
#4577 = CARTESIAN_POINT ( 'NONE',  ( -0.07060477092595919546, 0.04548827587861153238, 0.04347946427394521612 ) ) ;
#4578 = ORIENTED_EDGE ( 'NONE', *, *, #7668, .T. ) ;
#4579 = PLANE ( 'NONE',  #7757 ) ;
#4580 = VECTOR ( 'NONE', #1115, 39.37007874015748143 ) ;
#4581 = PLANE ( 'NONE',  #6859 ) ;
#4582 = EDGE_CURVE ( 'NONE', #5480, #7416, #2375, .T. ) ;
#4583 = AXIS2_PLACEMENT_3D ( 'NONE', #3722, #2451, #1866 ) ;
#4584 = CARTESIAN_POINT ( 'NONE',  ( 0.04556320007441655440, 0.03562413162296523134, 0.07603572988704589142 ) ) ;
#4585 = ORIENTED_EDGE ( 'NONE', *, *, #2058, .T. ) ;
#4586 = CARTESIAN_POINT ( 'NONE',  ( -0.05118110236220469594, 0.01181102362204724567, 0.1023622047244094613 ) ) ;
#4587 = ORIENTED_EDGE ( 'NONE', *, *, #4707, .T. ) ;
#4588 = DIRECTION ( 'NONE',  ( 0.000000000000000000, 1.000000000000000000, 0.000000000000000000 ) ) ;
#4589 = DIRECTION ( 'NONE',  ( 0.000000000000000000, 0.000000000000000000, 1.000000000000000000 ) ) ;
#4590 = AXIS2_PLACEMENT_3D ( 'NONE', #5449, #31, #3061 ) ;
#4591 = CARTESIAN_POINT ( 'NONE',  ( 0.07804689321891127018, 0.03191011596265883044, -0.04639625120262252239 ) ) ;
#4592 = CARTESIAN_POINT ( 'NONE',  ( -0.07111579545716750772, 0.04470977535499395805, 0.04352529650757445967 ) ) ;
#4593 = VERTEX_POINT ( 'NONE', #1789 ) ;
#4594 = CARTESIAN_POINT ( 'NONE',  ( -0.09100150360959005646, 0.005905511811023621965, -0.02001312335958005048 ) ) ;
#4595 = AXIS2_PLACEMENT_3D ( 'NONE', #91, #7299, #4933 ) ;
#4596 = EDGE_LOOP ( 'NONE', ( #5875, #6481, #2455, #6535 ) ) ;
#4597 = DIRECTION ( 'NONE',  ( 0.000000000000000000, -1.000000000000000000, 0.000000000000000000 ) ) ;
#4598 = CARTESIAN_POINT ( 'NONE',  ( 0.04366421387883089728, 0.04724456730649197189, -0.06798915995706504567 ) ) ;
#4599 = CIRCLE ( 'NONE', #3058, 0.003937007874015741038 ) ;
#4600 = CARTESIAN_POINT ( 'NONE',  ( 0.07038850258441088636, 0.04330708661417322081, 0.03976576796609578718 ) ) ;
#4601 = DIRECTION ( 'NONE',  ( 0.000000000000000000, 0.000000000000000000, -1.000000000000000000 ) ) ;
#4602 = LINE ( 'NONE', #3993, #1243 ) ;
#4603 = EDGE_CURVE ( 'NONE', #2453, #6652, #6084, .T. ) ;
#4604 = VERTEX_POINT ( 'NONE', #4213 ) ;
#4605 = VECTOR ( 'NONE', #3741, 39.37007874015748143 ) ;
#4606 = ORIENTED_EDGE ( 'NONE', *, *, #3242, .F. ) ;
#4607 = CARTESIAN_POINT ( 'NONE',  ( -0.04811742286199997137, 0.03003382268297973001, -0.07458574343811001650 ) ) ;
#4608 = LINE ( 'NONE', #6017, #3271 ) ;
#4609 = DIRECTION ( 'NONE',  ( -0.8435194376925867488, -0.5370986485132711596, 0.000000000000000000 ) ) ;
#4610 = PRESENTATION_LAYER_ASSIGNMENT (  '', '', ( #2438 ) ) ;
#4611 = DIRECTION ( 'NONE',  ( 1.217487476229714096E-15, 0.000000000000000000, 1.000000000000000000 ) ) ;
#4612 = CARTESIAN_POINT ( 'NONE',  ( -0.07722539348917806246, 0.03342717965053774304, 0.04605597487308118326 ) ) ;
#4613 = DIRECTION ( 'NONE',  ( 1.000000000000000000, 0.000000000000000000, 0.000000000000000000 ) ) ;
#4614 = EDGE_CURVE ( 'NONE', #3106, #2971, #5013, .T. ) ;
#4615 = ADVANCED_FACE ( 'NONE', ( #3012 ), #3157, .F. ) ;
#4616 = ORIENTED_EDGE ( 'NONE', *, *, #4856, .F. ) ;
#4617 = ORIENTED_EDGE ( 'NONE', *, *, #445, .T. ) ;
#4618 = PRODUCT_DEFINITION_FORMATION_WITH_SPECIFIED_SOURCE ( 'ANY', '', #4953, .NOT_KNOWN. ) ;
#4619 = CARTESIAN_POINT ( 'NONE',  ( 0.05511811023622047168, 0.02755905511811023584, 0.09645669291338584972 ) ) ;
#4620 = FACE_OUTER_BOUND ( 'NONE', #916, .T. ) ;
#4621 = CARTESIAN_POINT ( 'NONE',  ( -0.07755898274845414442, 0.03281114030980835511, -0.04762816426853082319 ) ) ;
#4622 = CARTESIAN_POINT ( 'NONE',  ( 0.04637490382785339899, 0.03192330889089445983, 0.07803902177287923292 ) ) ;
#4623 = EDGE_CURVE ( 'NONE', #6562, #3079, #207, .T. ) ;
#4624 = ORIENTED_EDGE ( 'NONE', *, *, #5914, .F. ) ;
#4625 = CARTESIAN_POINT ( 'NONE',  ( 0.05511811023622045780, 0.03149606299212598381, 0.09842519685039372024 ) ) ;
#4626 = ORIENTED_EDGE ( 'NONE', *, *, #3470, .F. ) ;
#4627 = CARTESIAN_POINT ( 'NONE',  ( -0.07416106375100817161, 0.03432075690644036114, 0.04353832913269315569 ) ) ;
#4628 = CARTESIAN_POINT ( 'NONE',  ( 0.07108428360712937266, 0.04476796829371385011, -0.04351224387191319348 ) ) ;
#4629 = CARTESIAN_POINT ( 'NONE',  ( -0.07755898274845413054, 0.03281114030980838980, 0.04762816426853078849 ) ) ;
#4630 = LINE ( 'NONE', #6530, #3257 ) ;
#4631 = ADVANCED_FACE ( 'NONE', ( #2026 ), #6858, .F. ) ;
#4632 = ORIENTED_EDGE ( 'NONE', *, *, #5965, .F. ) ;
#4633 = DIRECTION ( 'NONE',  ( 0.000000000000000000, 0.000000000000000000, -1.000000000000000000 ) ) ;
#4634 = CARTESIAN_POINT ( 'NONE',  ( 0.07478718532594161306, 0.02966181991513171939, -0.04648352342745827592 ) ) ;
#4635 = DIMENSIONAL_EXPONENTS ( 1.000000000000000000, 0.000000000000000000, 0.000000000000000000, 0.000000000000000000, 0.000000000000000000, 0.000000000000000000, 0.000000000000000000 ) ;
#4636 = CARTESIAN_POINT ( 'NONE',  ( 0.04490561068448203214, 0.04494917878645575404, -0.07098615696155625987 ) ) ;
#4637 = LINE ( 'NONE', #6458, #1677 ) ;
#4638 = PLANE ( 'NONE',  #2240 ) ;
#4639 = LINE ( 'NONE', #3468, #7195 ) ;
#4640 = ORIENTED_EDGE ( 'NONE', *, *, #220, .F. ) ;
#4641 = DIRECTION ( 'NONE',  ( 0.000000000000000000, 0.000000000000000000, -1.000000000000000000 ) ) ;
#4642 = EDGE_CURVE ( 'NONE', #6550, #6856, #1814, .T. ) ;
#4643 = LINE ( 'NONE', #1617, #1429 ) ;
#4644 = DIRECTION ( 'NONE',  ( 0.000000000000000000, 0.000000000000000000, -1.000000000000000000 ) ) ;
#4645 = CARTESIAN_POINT ( 'NONE',  ( -0.07108354790047274885, 0.04476932692331955788, 0.04351193913223758841 ) ) ;
#4646 = LINE ( 'NONE', #167, #4672 ) ;
#4647 = B_SPLINE_CURVE_WITH_KNOTS ( 'NONE', 3,
 ( #2797, #1508, #1470, #3921, #7610, #3279, #2182, #7570, #2217, #6428 ),
 .UNSPECIFIED., .F., .F.,
 ( 4, 3, 3, 4 ),
 ( 2.274586908445303671E-16, 4.000545369166565770E-05, 0.0002000054533285634698, 0.0003789617286057088939 ),
 .UNSPECIFIED. ) ;
#4648 = EDGE_LOOP ( 'NONE', ( #5827, #5927, #7566, #6390 ) ) ;
#4649 = ORIENTED_EDGE ( 'NONE', *, *, #3673, .F. ) ;
#4650 = DIRECTION ( 'NONE',  ( 1.000000000000000000, 0.000000000000000000, 0.000000000000000000 ) ) ;
#4651 = CIRCLE ( 'NONE', #2746, 0.006467032068879520305 ) ;
#4652 = VECTOR ( 'NONE', #5047, 39.37007874015748143 ) ;
#4653 = ADVANCED_FACE ( 'NONE', ( #1694 ), #4194, .T. ) ;
#4654 = ADVANCED_FACE ( 'NONE', ( #2324 ), #2918, .F. ) ;
#4655 = DIRECTION ( 'NONE',  ( -0.000000000000000000, -1.000000000000000000, -0.000000000000000000 ) ) ;
#4656 = CARTESIAN_POINT ( 'NONE',  ( 0.000000000000000000, 0.09842519685039370636, 0.000000000000000000 ) ) ;
#4657 = VERTEX_POINT ( 'NONE', #2556 ) ;
#4658 = EDGE_LOOP ( 'NONE', ( #4031, #6529, #1285, #5890, #4929, #2914, #1911 ) ) ;
#4659 = CARTESIAN_POINT ( 'NONE',  ( -0.09645669291338584972, 0.005905511811023621965, -0.02657480314960630058 ) ) ;
#4660 = VECTOR ( 'NONE', #2092, 39.37007874015748143 ) ;
#4661 = ORIENTED_EDGE ( 'NONE', *, *, #7744, .F. ) ;
#4662 = CARTESIAN_POINT ( 'NONE',  ( -0.06780421008749007439, 0.04724409448818897572, -0.04398719253672357665 ) ) ;
#4663 = DIRECTION ( 'NONE',  ( 0.000000000000000000, 0.000000000000000000, 1.000000000000000000 ) ) ;
#4664 = ADVANCED_FACE ( 'NONE', ( #4391 ), #4869, .F. ) ;
#4666 = EDGE_CURVE ( 'NONE', #1598, #1630, #3785, .T. ) ;
#4665 = B_SPLINE_CURVE_WITH_KNOTS ( 'NONE', 3,
 ( #1073, #1742, #1188, #6035, #524, #7095 ),
 .UNSPECIFIED., .F., .F.,
 ( 4, 2, 4 ),
 ( 0.000000000000000000, 0.5000000000000000000, 1.000000000000000000 ),
 .UNSPECIFIED. ) ;
#4667 = AXIS2_PLACEMENT_3D ( 'NONE', #125, #1944, #1264 ) ;
#4668 = CARTESIAN_POINT ( 'NONE',  ( 0.05118110236220472370, 0.01574803149606299191, 0.09842519685039370636 ) ) ;
#4669 = FACE_OUTER_BOUND ( 'NONE', #4947, .T. ) ;
#4670 = ORIENTED_EDGE ( 'NONE', *, *, #6420, .T. ) ;
#4671 = CARTESIAN_POINT ( 'NONE',  ( -0.04780916642483463291, 0.03149606299212598381, 0.07862303733001135830 ) ) ;
#4672 = VECTOR ( 'NONE', #2520, 39.37007874015748143 ) ;
#4673 = EDGE_CURVE ( 'NONE', #2691, #5971, #2790, .T. ) ;
#4674 = CARTESIAN_POINT ( 'NONE',  ( 0.06975835062389709740, 0.04550443398880920504, 0.04570819940864487979 ) ) ;
#4675 = AXIS2_PLACEMENT_3D ( 'NONE', #2174, #3430, #2276 ) ;
#4676 = CARTESIAN_POINT ( 'NONE',  ( 0.06889763779527559306, 0.009842519685039369942, 0.06299212598425198151 ) ) ;
#4677 = LINE ( 'NONE', #434, #7825 ) ;
#4678 = ORIENTED_EDGE ( 'NONE', *, *, #4154, .F. ) ;
#4679 = CARTESIAN_POINT ( 'NONE',  ( -0.04015553881028276206, 0.04315534825624279397, -0.07077827342859770166 ) ) ;
#4680 = CARTESIAN_POINT ( 'NONE',  ( 0.07677165354330711677, 0.005905511811023621965, -0.02263779527559056301 ) ) ;
#4681 = DIRECTION ( 'NONE',  ( 0.000000000000000000, 0.000000000000000000, -1.000000000000000000 ) ) ;
#4682 =( GEOMETRIC_REPRESENTATION_CONTEXT ( 3 ) GLOBAL_UNCERTAINTY_ASSIGNED_CONTEXT ( ( #394 ) ) GLOBAL_UNIT_ASSIGNED_CONTEXT ( ( #5819, #1009, #2348 ) ) REPRESENTATION_CONTEXT ( 'NONE', 'WORKASPACE' ) );
#4683 = CARTESIAN_POINT ( 'NONE',  ( -0.07108354790047263783, 0.04476932692331947461, -0.04351193913223801862 ) ) ;
#4684 = PLANE ( 'NONE',  #1609 ) ;
#4685 = ORIENTED_EDGE ( 'NONE', *, *, #922, .T. ) ;
#4686 = EDGE_CURVE ( 'NONE', #5112, #451, #6665, .T. ) ;
#4687 = VERTEX_POINT ( 'NONE', #3108 ) ;
#4688 = DIRECTION ( 'NONE',  ( 0.000000000000000000, 0.000000000000000000, -1.000000000000000000 ) ) ;
#4689 = CARTESIAN_POINT ( 'NONE',  ( -0.06692913385826770867, 0.04724409448818898266, 0.04322513669223895794 ) ) ;
#4690 = AXIS2_PLACEMENT_3D ( 'NONE', #4693, #7139, #5997 ) ;
#4691 = DIRECTION ( 'NONE',  ( 0.000000000000000000, -1.000000000000000000, 0.000000000000000000 ) ) ;
#4692 = CARTESIAN_POINT ( 'NONE',  ( -0.07807648606074650555, 0.03149606299212601851, -0.04840025162038637946 ) ) ;
#4693 = CARTESIAN_POINT ( 'NONE',  ( 0.06584623711124472367, 0.03149606299212598381, -0.09645669291338582196 ) ) ;
#4694 = ORIENTED_EDGE ( 'NONE', *, *, #4809, .F. ) ;
#4695 = CARTESIAN_POINT ( 'NONE',  ( -0.04811742286199990892, 0.03149606299212598381, -0.07874015748031495954 ) ) ;
#4696 = AXIS2_PLACEMENT_3D ( 'NONE', #6094, #695, #1242 ) ;
#4697 = EDGE_CURVE ( 'NONE', #7395, #4860, #738, .T. ) ;
#4698 = VERTEX_POINT ( 'NONE', #2015 ) ;
#4699 = CARTESIAN_POINT ( 'NONE',  ( -0.03976576796609577330, 0.04330708661417322081, 0.07038850258441088636 ) ) ;
#4700 = CARTESIAN_POINT ( 'NONE',  ( -0.04490561068448204601, 0.04494917878645577486, -0.07098615696155628763 ) ) ;
#4701 = LINE ( 'NONE', #1601, #6947 ) ;
#4702 = CARTESIAN_POINT ( 'NONE',  ( -0.07703375538902736130, 0.03190852425293714406, 0.04884462017292072467 ) ) ;
#4703 = ORIENTED_EDGE ( 'NONE', *, *, #1170, .T. ) ;
#4704 = DIRECTION ( 'NONE',  ( 0.000000000000000000, 0.000000000000000000, 1.000000000000000000 ) ) ;
#4705 = ORIENTED_EDGE ( 'NONE', *, *, #5329, .F. ) ;
#4706 = CARTESIAN_POINT ( 'NONE',  ( 0.05511811023622046474, 0.03149606299212598381, 0.1023622047244094613 ) ) ;
#4707 = EDGE_CURVE ( 'NONE', #3089, #4165, #6063, .T. ) ;
#4708 = EDGE_CURVE ( 'NONE', #566, #333, #7560, .T. ) ;
#4709 = LINE ( 'NONE', #7039, #2382 ) ;
#4710 = CARTESIAN_POINT ( 'NONE',  ( 0.04664191199091967388, 0.04172892111220231903, -0.07171594742208560469 ) ) ;
#4711 = DIRECTION ( 'NONE',  ( 0.000000000000000000, 0.000000000000000000, 1.000000000000000000 ) ) ;
#4712 = B_SPLINE_CURVE_WITH_KNOTS ( 'NONE', 3,
 ( #2721, #7572, #2144, #4573 ),
 .UNSPECIFIED., .F., .F.,
 ( 4, 4 ),
 ( 0.000000000000000000, 0.1223648851113215974 ),
 .UNSPECIFIED. ) ;
#4713 = VECTOR ( 'NONE', #2881, 39.37007874015748143 ) ;
#4714 = CARTESIAN_POINT ( 'NONE',  ( -0.09645669291338584972, 0.02755905511811023584, -0.09842519685039370636 ) ) ;
#4715 = CARTESIAN_POINT ( 'NONE',  ( -0.04612842447801432377, 0.04401821717066630585, 0.07047627890432123232 ) ) ;
#4716 = CYLINDRICAL_SURFACE ( 'NONE', #4675, 0.003937007874015747977 ) ;
#4717 = EDGE_CURVE ( 'NONE', #6619, #3940, #4481, .T. ) ;
#4718 = CARTESIAN_POINT ( 'NONE',  ( 0.04751347089878293212, 0.03152361047704040770, -0.07849707703098558753 ) ) ;
#4719 = ORIENTED_EDGE ( 'NONE', *, *, #5389, .F. ) ;
#4720 = ORIENTED_EDGE ( 'NONE', *, *, #6113, .T. ) ;
#4721 = VECTOR ( 'NONE', #3910, 39.37007874015748143 ) ;
#4722 = CARTESIAN_POINT ( 'NONE',  ( -0.1117542798527060843, 0.01275443361127101029, 0.06299212598425198151 ) ) ;
#4723 = DIRECTION ( 'NONE',  ( 0.000000000000000000, -1.000000000000000000, 0.000000000000000000 ) ) ;
#4724 = B_SPLINE_CURVE_WITH_KNOTS ( 'NONE', 3,
 ( #2088, #815, #6292, #6882, #3900, #5735, #7551, #272, #4547, #2161, #850, #4471, #6251, #5770, #345, #2119 ),
 .UNSPECIFIED., .F., .F.,
 ( 4, 3, 3, 3, 3, 4 ),
 ( 0.000000000000000000, 1.677920801104235054E-05, 3.356062287276780586E-05, 5.029758303358944848E-05, 6.685065229545433026E-05, 7.861575502731937121E-05 ),
 .UNSPECIFIED. ) ;
#4725 = LINE ( 'NONE', #3516, #3177 ) ;
#4726 = DIRECTION ( 'NONE',  ( -1.000000000000000000, 0.000000000000000000, 0.000000000000000000 ) ) ;
#4727 = AXIS2_PLACEMENT_3D ( 'NONE', #1919, #1795, #3015 ) ;
#4728 = CARTESIAN_POINT ( 'NONE',  ( 0.06692913385826772255, 0.04330708661417322081, 0.04811742286199987423 ) ) ;
#4729 = ORIENTED_EDGE ( 'NONE', *, *, #3627, .T. ) ;
#4730 = APPLICATION_PROTOCOL_DEFINITION ( 'draft international standard', 'automotive_design', 1998, #4182 ) ;
#4731 = ORIENTED_EDGE ( 'NONE', *, *, #552, .T. ) ;
#4732 = DIRECTION ( 'NONE',  ( -1.000000000000000000, -0.000000000000000000, -0.000000000000000000 ) ) ;
#4733 = PLANE ( 'NONE',  #7237 ) ;
#4734 = VECTOR ( 'NONE', #2333, 39.37007874015748143 ) ;
#4735 = DIRECTION ( 'NONE',  ( 0.000000000000000000, 0.000000000000000000, -1.000000000000000000 ) ) ;
#4736 = CARTESIAN_POINT ( 'NONE',  ( -0.06889763779527559306, 0.009842519685039369942, -0.06299212598425198151 ) ) ;
#4737 = CARTESIAN_POINT ( 'NONE',  ( -0.09842519685039370636, 0.007874015748031497688, -0.01870078740157480462 ) ) ;
#4738 = AXIS2_PLACEMENT_3D ( 'NONE', #7508, #6364, #5682 ) ;
#4739 = VERTEX_POINT ( 'NONE', #239 ) ;
#4740 = CARTESIAN_POINT ( 'NONE',  ( -0.07283464566929136186, 0.005905511811023621965, -0.01870078740157480462 ) ) ;
#4741 = ORIENTED_EDGE ( 'NONE', *, *, #2050, .F. ) ;
#4742 = DIRECTION ( 'NONE',  ( 0.000000000000000000, 0.000000000000000000, 1.000000000000000000 ) ) ;
#4743 = CARTESIAN_POINT ( 'NONE',  ( -0.04643002673841897798, 0.03815283111289061169, -0.07466642287366984099 ) ) ;
#4744 = FACE_OUTER_BOUND ( 'NONE', #1454, .T. ) ;
#4745 = EDGE_CURVE ( 'NONE', #4299, #4029, #5336, .T. ) ;
#4746 = CARTESIAN_POINT ( 'NONE',  ( 0.1062992125984252023, 0.009280999427183432571, -0.06299212598425198151 ) ) ;
#4747 = ORIENTED_EDGE ( 'NONE', *, *, #7381, .T. ) ;
#4748 = ORIENTED_EDGE ( 'NONE', *, *, #1420, .T. ) ;
#4749 = DIRECTION ( 'NONE',  ( 0.000000000000000000, 0.000000000000000000, -1.000000000000000000 ) ) ;
#4750 = ORIENTED_EDGE ( 'NONE', *, *, #1688, .T. ) ;
#4751 = CARTESIAN_POINT ( 'NONE',  ( 0.09645669291338580809, 0.02559055118110236532, 0.04894237015283921244 ) ) ;
#4752 = CARTESIAN_POINT ( 'NONE',  ( 0.09840572019792191705, 0.007555440227003116897, -0.01476371139611890211 ) ) ;
#4753 = EDGE_CURVE ( 'NONE', #6214, #6746, #5780, .T. ) ;
#4754 = CARTESIAN_POINT ( 'NONE',  ( -0.06692913385826770867, 0.04330708661417322081, 0.04811742286199992280 ) ) ;
#4755 = ADVANCED_FACE ( 'NONE', ( #3868 ), #6480, .T. ) ;
#4756 = VERTEX_POINT ( 'NONE', #6655 ) ;
#4757 = CYLINDRICAL_SURFACE ( 'NONE', #2360, 0.001968503937007879193 ) ;
#4758 = ORIENTED_EDGE ( 'NONE', *, *, #5468, .F. ) ;
#4759 = CARTESIAN_POINT ( 'NONE',  ( 0.04558037639930989648, 0.04573217900959480192, 0.06962290405241453040 ) ) ;
#4760 = ORIENTED_EDGE ( 'NONE', *, *, #1013, .F. ) ;
#4761 = ORIENTED_EDGE ( 'NONE', *, *, #2649, .T. ) ;
#4762 = CARTESIAN_POINT ( 'NONE',  ( -0.07748223700178752393, 0.02755905511811023584, -0.04685950238347233454 ) ) ;
#4763 = CARTESIAN_POINT ( 'NONE',  ( 0.07496759631371756327, 0.04048239269985884348, -0.04434486169540261674 ) ) ;
#4764 = FACE_OUTER_BOUND ( 'NONE', #2346, .T. ) ;
#4765 = EDGE_CURVE ( 'NONE', #5898, #2394, #6096, .T. ) ;
#4766 = CARTESIAN_POINT ( 'NONE',  ( 0.04796165328651102316, 0.02755905511811022543, -0.07833611622159607213 ) ) ;
#4767 = CARTESIAN_POINT ( 'NONE',  ( -0.1117542798527060843, 0.01275443361127101029, -0.06299212598425198151 ) ) ;
#4768 = CARTESIAN_POINT ( 'NONE',  ( -0.04102368844462326442, 0.04724409448818897572, 0.07164642306293837748 ) ) ;
#4769 = VERTEX_POINT ( 'NONE', #4225 ) ;
#4770 = EDGE_LOOP ( 'NONE', ( #2716, #5381, #5510, #1717 ) ) ;
#4771 = CARTESIAN_POINT ( 'NONE',  ( 0.09645669291338584972, 0.02755905511811023584, -0.05511811023622045780 ) ) ;
#4772 = CARTESIAN_POINT ( 'NONE',  ( 0.09842519685039370636, 0.007874015748031471668, 0.01476377952755905838 ) ) ;
#4773 = DIRECTION ( 'NONE',  ( 0.000000000000000000, -1.000000000000000000, 5.421010862427522170E-16 ) ) ;
#4774 = ADVANCED_FACE ( 'NONE', ( #1244 ), #2284, .T. ) ;
#4775 = FACE_OUTER_BOUND ( 'NONE', #1710, .T. ) ;
#4776 = LINE ( 'NONE', #7057, #6464 ) ;
#4777 = VERTEX_POINT ( 'NONE', #1925 ) ;
#4778 = CARTESIAN_POINT ( 'NONE',  ( 0.07086635000490883185, 0.04513143514355022479, -0.04348696229936684782 ) ) ;
#4779 = VERTEX_POINT ( 'NONE', #4833 ) ;
#4780 = CARTESIAN_POINT ( 'NONE',  ( 0.04864645017530010163, 0.03167455836038681610, 0.07749618572835642594 ) ) ;
#4781 = CARTESIAN_POINT ( 'NONE',  ( -0.04557421421691072033, 0.04196832454366426074, -0.07260030867739555860 ) ) ;
#4782 = CARTESIAN_POINT ( 'NONE',  ( -0.04811742286199988811, 0.02755905511811023584, 0.07874015748031495954 ) ) ;
#4783 = CARTESIAN_POINT ( 'NONE',  ( -0.07820048377683197494, 0.03164152125807728061, 0.04677617801571314071 ) ) ;
#4784 = VERTEX_POINT ( 'NONE', #772 ) ;
#4785 = ORIENTED_EDGE ( 'NONE', *, *, #7498, .T. ) ;
#4786 = CARTESIAN_POINT ( 'NONE',  ( 0.07136064015963113072, 0.04425762060212820592, 0.04506072670400521757 ) ) ;
#4787 = ADVANCED_FACE ( 'NONE', ( #3699 ), #3136, .F. ) ;
#4788 = CARTESIAN_POINT ( 'NONE',  ( 0.04402273753570120490, 0.04249201979835684484, -0.07231672433375210818 ) ) ;
#4789 = AXIS2_PLACEMENT_3D ( 'NONE', #1183, #6706, #3636 ) ;
#4790 = DIRECTION ( 'NONE',  ( -1.000000000000000000, 0.000000000000000000, 1.355252715606880789E-16 ) ) ;
#4791 = CARTESIAN_POINT ( 'NONE',  ( -0.07499827571169687124, 0.02936772806284787193, 0.04656881662365638247 ) ) ;
#4792 = VERTEX_POINT ( 'NONE', #6172 ) ;
#4793 = DIRECTION ( 'NONE',  ( 0.000000000000000000, 0.000000000000000000, 1.000000000000000000 ) ) ;
#4794 = ORIENTED_EDGE ( 'NONE', *, *, #5516, .F. ) ;
#4795 = FACE_OUTER_BOUND ( 'NONE', #4333, .T. ) ;
#4796 = CIRCLE ( 'NONE', #5291, 0.0005615202578557803789 ) ;
#4797 = ORIENTED_EDGE ( 'NONE', *, *, #7650, .F. ) ;
#4798 = VERTEX_POINT ( 'NONE', #2431 ) ;
#4799 = CARTESIAN_POINT ( 'NONE',  ( 0.07832585403290229231, 0.03161081021013593256, 0.04708757799882083706 ) ) ;
#4800 = VECTOR ( 'NONE', #4106, 39.37007874015748143 ) ;
#4801 = LINE ( 'NONE', #591, #6119 ) ;
#4802 = CARTESIAN_POINT ( 'NONE',  ( -0.03976576796609577330, 0.04724409448818898266, 0.07038850258441088636 ) ) ;
#4803 = FACE_OUTER_BOUND ( 'NONE', #3877, .T. ) ;
#4804 = VECTOR ( 'NONE', #5155, 39.37007874015748143 ) ;
#4805 = CARTESIAN_POINT ( 'NONE',  ( -0.03976576796609577330, 0.04724409448818895491, 0.07038850258441088636 ) ) ;
#4806 = ORIENTED_EDGE ( 'NONE', *, *, #3416, .F. ) ;
#4807 = EDGE_CURVE ( 'NONE', #902, #5731, #778, .T. ) ;
#4808 = VERTEX_POINT ( 'NONE', #2464 ) ;
#4809 = EDGE_CURVE ( 'NONE', #755, #2814, #6101, .T. ) ;
#4810 = CARTESIAN_POINT ( 'NONE',  ( 0.1117542798527060843, 0.01275443361127101029, 0.06299212598425198151 ) ) ;
#4811 = CARTESIAN_POINT ( 'NONE',  ( -0.04322513669223895100, 0.04724409448818898266, -0.06692913385826773642 ) ) ;
#4812 = STYLED_ITEM ( 'NONE', ( #4435 ), #4258 ) ;
#4813 = LINE ( 'NONE', #562, #6741 ) ;
#4814 = DIRECTION ( 'NONE',  ( 0.000000000000000000, -3.614007241618364055E-16, 1.000000000000000000 ) ) ;
#4815 = CARTESIAN_POINT ( 'NONE',  ( 0.06889763779527559306, 0.01574803149606299191, -0.08267716535433072833 ) ) ;
#4816 = ORIENTED_EDGE ( 'NONE', *, *, #4482, .F. ) ;
#4817 = DIRECTION ( 'NONE',  ( -0.000000000000000000, -1.000000000000000000, -0.000000000000000000 ) ) ;
#4818 = VECTOR ( 'NONE', #5919, 39.37007874015748143 ) ;
#4819 = ORIENTED_EDGE ( 'NONE', *, *, #6303, .T. ) ;
#4820 = EDGE_CURVE ( 'NONE', #1543, #5846, #107, .T. ) ;
#4821 = DIRECTION ( 'NONE',  ( 0.000000000000000000, 0.000000000000000000, 1.000000000000000000 ) ) ;
#4822 = CARTESIAN_POINT ( 'NONE',  ( 0.04884462017292071079, 0.03190852425293715100, 0.07703375538902736130 ) ) ;
#4823 = AXIS2_PLACEMENT_3D ( 'NONE', #6735, #3706, #115 ) ;
#4824 = DIRECTION ( 'NONE',  ( 0.000000000000000000, 0.000000000000000000, -1.000000000000000000 ) ) ;
#4825 = CARTESIAN_POINT ( 'NONE',  ( -0.05511811023622046474, 0.01574803149606302313, -0.09842519685039370636 ) ) ;
#4826 = CARTESIAN_POINT ( 'NONE',  ( -0.07814556710659122107, 0.03152262239070835470, 0.04837074125670592223 ) ) ;
#4827 = VECTOR ( 'NONE', #7595, 39.37007874015748143 ) ;
#4828 = ORIENTED_EDGE ( 'NONE', *, *, #2095, .T. ) ;
#4829 = CYLINDRICAL_SURFACE ( 'NONE', #7818, 0.01072812687502424332 ) ;
#4830 = VERTEX_POINT ( 'NONE', #3776 ) ;
#4831 = CARTESIAN_POINT ( 'NONE',  ( 0.07169689007486972077, 0.04363666782758895968, 0.04376599377924875883 ) ) ;
#4832 = PRESENTATION_STYLE_ASSIGNMENT (( #7824 ) ) ;
#4833 = CARTESIAN_POINT ( 'NONE',  ( -0.07458553926759384223, 0.03003382268297973001, -0.04639636208735239964 ) ) ;
#4834 = AXIS2_PLACEMENT_3D ( 'NONE', #7123, #4107, #6539 ) ;
#4835 = CARTESIAN_POINT ( 'NONE',  ( 0.09688773705615985610, 0.005941072410432087988, -0.01491252979083755939 ) ) ;
#4836 = DIRECTION ( 'NONE',  ( 1.000000000000000000, 0.000000000000000000, 0.000000000000000000 ) ) ;
#4837 = FACE_OUTER_BOUND ( 'NONE', #4476, .T. ) ;
#4838 = ORIENTED_EDGE ( 'NONE', *, *, #7333, .F. ) ;
#4839 = LINE ( 'NONE', #6141, #3540 ) ;
#4840 = PRESENTATION_LAYER_ASSIGNMENT (  '', '', ( #401 ) ) ;
#4841 = EDGE_LOOP ( 'NONE', ( #7060, #127, #1295, #1227 ) ) ;
#4842 = ORIENTED_EDGE ( 'NONE', *, *, #552, .F. ) ;
#4843 = DIRECTION ( 'NONE',  ( 2.232281561944730346E-16, 1.000000000000000000, 0.000000000000000000 ) ) ;
#4844 = AXIS2_PLACEMENT_3D ( 'NONE', #1817, #5903, #1140 ) ;
#4845 = CARTESIAN_POINT ( 'NONE',  ( 0.04811742286199990892, 0.04724409448818898266, 0.06692913385826773642 ) ) ;
#4846 = LINE ( 'NONE', #7254, #3818 ) ;
#4847 = EDGE_CURVE ( 'NONE', #6773, #7484, #147, .T. ) ;
#4848 = CARTESIAN_POINT ( 'NONE',  ( -0.06759734944928504075, 0.04289462535336164423, -0.04350603470618964741 ) ) ;
#4849 = ORIENTED_EDGE ( 'NONE', *, *, #5282, .T. ) ;
#4850 = CIRCLE ( 'NONE', #5101, 0.007874015748031499423 ) ;
#4851 = ORIENTED_EDGE ( 'NONE', *, *, #6750, .T. ) ;
#4852 = CARTESIAN_POINT ( 'NONE',  ( 0.03976576796609576636, 0.04724409448818898266, -0.07038850258441092800 ) ) ;
#4853 = VECTOR ( 'NONE', #7366, 39.37007874015748143 ) ;
#4854 = DIRECTION ( 'NONE',  ( 0.000000000000000000, 0.000000000000000000, 1.000000000000000000 ) ) ;
#4855 = AXIS2_PLACEMENT_3D ( 'NONE', #5386, #5272, #4681 ) ;
#4856 = EDGE_CURVE ( 'NONE', #6757, #2791, #697, .T. ) ;
#4857 = CARTESIAN_POINT ( 'NONE',  ( -0.1062992125984252023, 0.009280999427183432571, -0.08267716535433072833 ) ) ;
#4858 = EDGE_CURVE ( 'NONE', #5829, #5153, #820, .T. ) ;
#4859 = CARTESIAN_POINT ( 'NONE',  ( -0.1067728658505845696, 0.009582591198791106518, -0.08267716535433072833 ) ) ;
#4860 = VERTEX_POINT ( 'NONE', #2388 ) ;
#4861 = LINE ( 'NONE', #1828, #397 ) ;
#4862 = ORIENTED_EDGE ( 'NONE', *, *, #6563, .T. ) ;
#4863 = VECTOR ( 'NONE', #7047, 39.37007874015748143 ) ;
#4864 = CARTESIAN_POINT ( 'NONE',  ( -0.04790303862184711742, 0.03149606347832383663, -0.07822258814338316213 ) ) ;
#4865 = CARTESIAN_POINT ( 'NONE',  ( 0.04811742286199987423, 0.02755905511811022543, -0.07874015748031502893 ) ) ;
#4866 = CARTESIAN_POINT ( 'NONE',  ( -0.06785359313656655345, 0.04724409448818895491, -0.04403019752294549255 ) ) ;
#4867 = CARTESIAN_POINT ( 'NONE',  ( 0.04811742286199990892, 0.04724409448818895491, 0.06692913385826773642 ) ) ;
#4868 = EDGE_CURVE ( 'NONE', #6270, #2691, #7238, .T. ) ;
#4869 =( BOUNDED_SURFACE ( )  B_SPLINE_SURFACE ( 3, 1, ( 
 ( #5460, #6702 ),
 ( #3032, #3072 ),
 ( #670, #628 ),
 ( #1972, #1379 ),
 ( #7407, #6776 ),
 ( #5572, #40 ),
 ( #119, #1853 ),
 ( #6144, #198 ),
 ( #7365, #1935 ),
 ( #2595, #5039 ) ),
 .UNSPECIFIED., .F., .F., .F. ) 
 B_SPLINE_SURFACE_WITH_KNOTS ( ( 4, 3, 3, 4 ),
 ( 2, 2 ),
 ( 0.000000000000000000, 0.2470520139942820048, 0.9588246643342857034, 1.000000000000000000 ),
 ( 0.000000000000000000, 1.000000000000000000 ),
 .UNSPECIFIED. ) 
 GEOMETRIC_REPRESENTATION_ITEM ( )  RATIONAL_B_SPLINE_SURFACE ( (
 ( 1.000000000000000000, 1.000000000000000000),
 ( 0.9060799708944983211, 0.9060799708944983211),
 ( 0.9060799708944983211, 0.9060799708944983211),
 ( 1.000000000000000000, 1.000000000000000000),
 ( 1.000000000000000000, 1.000000000000000000),
 ( 1.000000000000000000, 1.000000000000000000),
 ( 1.000000000000000000, 1.000000000000000000),
 ( 0.9060799708944987652, 0.9060799708944987652),
 ( 0.9060799708944987652, 0.9060799708944987652),
 ( 1.000000000000000000, 1.000000000000000000) ) ) 
 REPRESENTATION_ITEM ( '' )  SURFACE ( )  );
#4870 = ORIENTED_EDGE ( 'NONE', *, *, #7280, .F. ) ;
#4871 = ORIENTED_EDGE ( 'NONE', *, *, #1455, .T. ) ;
#4872 = ORIENTED_EDGE ( 'NONE', *, *, #5329, .T. ) ;
#4873 = CARTESIAN_POINT ( 'NONE',  ( 0.07111579545716752160, 0.04470977535499396499, 0.04352529650757442498 ) ) ;
#4874 = LENGTH_MEASURE_WITH_UNIT ( LENGTH_MEASURE( 0.02539999999999999897 ), #70 );
#4875 = CARTESIAN_POINT ( 'NONE',  ( 0.04633343134377402445, 0.03219018753526923377, -0.07789523266369287324 ) ) ;
#4876 = AXIS2_PLACEMENT_3D ( 'NONE', #2067, #834, #5122 ) ;
#4877 = DIRECTION ( 'NONE',  ( 0.000000000000000000, 0.000000000000000000, -1.000000000000000000 ) ) ;
#4878 = CARTESIAN_POINT ( 'NONE',  ( -0.09842519685039370636, 0.02559055118110236532, 0.04894237015283921244 ) ) ;
#4879 = EDGE_CURVE ( 'NONE', #1143, #566, #1568, .T. ) ;
#4880 = ORIENTED_EDGE ( 'NONE', *, *, #7447, .F. ) ;
#4881 = CARTESIAN_POINT ( 'NONE',  ( -0.06692913385826770867, 0.04330708661417322081, 0.04322513669223895794 ) ) ;
#4882 = ORIENTED_EDGE ( 'NONE', *, *, #5254, .F. ) ;
#4883 = LINE ( 'NONE', #2353, #5324 ) ;
#4884 = ORIENTED_EDGE ( 'NONE', *, *, #245, .F. ) ;
#4885 = ORIENTED_EDGE ( 'NONE', *, *, #5024, .F. ) ;
#4886 = CARTESIAN_POINT ( 'NONE',  ( -0.03976576796609585657, 0.04330708661417322081, -0.07038850258441081698 ) ) ;
#4887 = CARTESIAN_POINT ( 'NONE',  ( 0.07807995240131650194, 0.03184906556499866870, 0.04647677039106476449 ) ) ;
#4888 = DIRECTION ( 'NONE',  ( 0.5370986485132710486, -0.8435194376925865267, 0.000000000000000000 ) ) ;
#4889 = CARTESIAN_POINT ( 'NONE',  ( -0.04349901208605119057, 0.04289462535336164423, -0.06760025801587694894 ) ) ;
#4890 = CARTESIAN_POINT ( 'NONE',  ( 0.07016636177488005943, 0.04459054118528234245, -0.04600005259978805217 ) ) ;
#4891 = VERTEX_POINT ( 'NONE', #2047 ) ;
#4892 = ORIENTED_EDGE ( 'NONE', *, *, #4262, .F. ) ;
#4893 = DIRECTION ( 'NONE',  ( -0.8435194376925866377, 0.5370986485132713817, 0.000000000000000000 ) ) ;
#4894 = EDGE_CURVE ( 'NONE', #568, #2318, #4724, .T. ) ;
#4895 = CARTESIAN_POINT ( 'NONE',  ( 0.05511811023622046474, 0.02755905511811023584, 0.1023622047244094613 ) ) ;
#4896 = CARTESIAN_POINT ( 'NONE',  ( 0.1164233781010027835, 0.005905511811023553444, -0.08267716535433072833 ) ) ;
#4897 = CARTESIAN_POINT ( 'NONE',  ( 0.07862185584156849982, 0.03149606299212597688, -0.04782341000297955780 ) ) ;
#4898 = VERTEX_POINT ( 'NONE', #2625 ) ;
#4899 = CARTESIAN_POINT ( 'NONE',  ( 0.1259842519685039353, 0.005905511811023618496, 0.06299212598425198151 ) ) ;
#4900 = ORIENTED_EDGE ( 'NONE', *, *, #5975, .F. ) ;
#4901 = SURFACE_STYLE_FILL_AREA ( #6682 ) ;
#4902 = ADVANCED_FACE ( 'NONE', ( #2665 ), #3220, .T. ) ;
#4903 = EDGE_CURVE ( 'NONE', #4433, #1630, #1487, .T. ) ;
#4904 = CARTESIAN_POINT ( 'NONE',  ( 0.07272712764953231934, 0.04633366434060631062, 0.04210439303121722016 ) ) ;
#4905 = CARTESIAN_POINT ( 'NONE',  ( -0.1023622047244094613, 0.01574803149606302313, 0.04894237015283921244 ) ) ;
#4906 = ORIENTED_EDGE ( 'NONE', *, *, #5559, .T. ) ;
#4907 = ORIENTED_EDGE ( 'NONE', *, *, #1238, .T. ) ;
#4908 = CARTESIAN_POINT ( 'NONE',  ( 0.06785359313656595670, 0.04724409448818895491, 0.04403019752294649175 ) ) ;
#4909 = CARTESIAN_POINT ( 'NONE',  ( -0.06692913385826770867, 0.04724409448818898266, -0.04322513669223893018 ) ) ;
#4910 = EDGE_CURVE ( 'NONE', #7214, #4490, #228, .T. ) ;
#4911 = DIRECTION ( 'NONE',  ( -1.000000000000000000, 0.000000000000000000, 0.000000000000000000 ) ) ;
#4912 = ADVANCED_FACE ( 'NONE', ( #7435 ), #2585, .T. ) ;
#4913 = CARTESIAN_POINT ( 'NONE',  ( -0.04811742286199997137, 0.03149606299212598381, -0.07874015748031498729 ) ) ;
#4914 = ORIENTED_EDGE ( 'NONE', *, *, #1739, .T. ) ;
#4915 = DIRECTION ( 'NONE',  ( 0.000000000000000000, 0.000000000000000000, 1.000000000000000000 ) ) ;
#4916 = ORIENTED_EDGE ( 'NONE', *, *, #4418, .F. ) ;
#4917 = CARTESIAN_POINT ( 'NONE',  ( 0.07874015748031494566, 0.02755905511811023584, 0.04811742286199992280 ) ) ;
#4918 = ORIENTED_EDGE ( 'NONE', *, *, #532, .T. ) ;
#4919 = VECTOR ( 'NONE', #2987, 39.37007874015748143 ) ;
#4920 = EDGE_LOOP ( 'NONE', ( #7662, #6351, #2682, #4116 ) ) ;
#4921 = CARTESIAN_POINT ( 'NONE',  ( -0.09660728878517758911, 0.005905511811021973111, -0.01497492862371634266 ) ) ;
#4922 = EDGE_CURVE ( 'NONE', #3726, #7534, #5070, .T. ) ;
#4923 = FACE_OUTER_BOUND ( 'NONE', #3259, .T. ) ;
#4924 = CARTESIAN_POINT ( 'NONE',  ( 0.09645669291338584972, 0.02755905511811023584, 0.05511811023622045780 ) ) ;
#4925 = VECTOR ( 'NONE', #2650, 39.37007874015748143 ) ;
#4926 = DIRECTION ( 'NONE',  ( -0.000000000000000000, -1.000000000000000000, -0.000000000000000000 ) ) ;
#4927 = CARTESIAN_POINT ( 'NONE',  ( 0.06912003441783211299, 0.04689584721416578672, -0.04413263741782152971 ) ) ;
#4928 = DIRECTION ( 'NONE',  ( 0.000000000000000000, 0.000000000000000000, 1.000000000000000000 ) ) ;
#4929 = ORIENTED_EDGE ( 'NONE', *, *, #2271, .T. ) ;
#4930 = VERTEX_POINT ( 'NONE', #5604 ) ;
#4931 = PLANE ( 'NONE',  #2078 ) ;
#4932 = CARTESIAN_POINT ( 'NONE',  ( -0.1159497248488431664, 0.006165440297272224528, -0.06299212598425198151 ) ) ;
#4933 = DIRECTION ( 'NONE',  ( -1.000000000000000000, 0.000000000000000000, 0.000000000000000000 ) ) ;
#4934 = VECTOR ( 'NONE', #2502, 39.37007874015748143 ) ;
#4935 = LINE ( 'NONE', #3761, #1145 ) ;
#4936 = B_SPLINE_CURVE_WITH_KNOTS ( 'NONE', 3,
 ( #2402, #1100, #2917, #6467, #5309, #2832 ),
 .UNSPECIFIED., .F., .F.,
 ( 4, 2, 4 ),
 ( 0.000000000000000000, 0.5000000000000000000, 1.000000000000000000 ),
 .UNSPECIFIED. ) ;
#4937 = CARTESIAN_POINT ( 'NONE',  ( -0.07807991667802247071, 0.03184913153521171797, -0.04647668145006192408 ) ) ;
#4938 = ORIENTED_EDGE ( 'NONE', *, *, #2995, .T. ) ;
#4939 = CARTESIAN_POINT ( 'NONE',  ( 0.1062992125984252023, 0.01574803149606299191, 0.06299212598425198151 ) ) ;
#4940 = ORIENTED_EDGE ( 'NONE', *, *, #1259, .T. ) ;
#4941 = DIRECTION ( 'NONE',  ( 0.1935096937199060618, -0.8627297996413796355, 0.4671737270514823570 ) ) ;
#4942 = CARTESIAN_POINT ( 'NONE',  ( -0.04885379207413186736, 0.03192330889089452922, -0.07701223264166333349 ) ) ;
#4943 = CYLINDRICAL_SURFACE ( 'NONE', #2142, 0.006467032068879366782 ) ;
#4944 = CARTESIAN_POINT ( 'NONE',  ( -0.06997942780049468126, 0.04498199997437892644, -0.04588147192311470279 ) ) ;
#4945 = DIRECTION ( 'NONE',  ( 0.000000000000000000, 0.000000000000000000, -1.000000000000000000 ) ) ;
#4946 = AXIS2_PLACEMENT_3D ( 'NONE', #3615, #2423, #3692 ) ;
#4947 = EDGE_LOOP ( 'NONE', ( #7583, #3617, #5161, #7182 ) ) ;
#4948 = VERTEX_POINT ( 'NONE', #5646 ) ;
#4949 = CARTESIAN_POINT ( 'NONE',  ( 0.07112381294362510320, 0.04469496946141585797, 0.04351999302633954847 ) ) ;
#4950 = AXIS2_PLACEMENT_3D ( 'NONE', #3803, #6715, #3645 ) ;
#4951 = DIRECTION ( 'NONE',  ( 0.000000000000000000, 0.000000000000000000, 1.000000000000000000 ) ) ;
#4952 = DIRECTION ( 'NONE',  ( 1.000000000000000000, -5.706327223607917555E-17, 0.000000000000000000 ) ) ;
#4953 = PRODUCT ( 'CUI_DEVICES_TS18-5-25-SL-260-SMT-TR', 'CUI_DEVICES_TS18-5-25-SL-260-SMT-TR', '', ( #1267 ) ) ;
#4954 = CARTESIAN_POINT ( 'NONE',  ( 0.09842519685039370636, 0.01181102362204724567, -0.01870078740157483238 ) ) ;
#4955 = AXIS2_PLACEMENT_3D ( 'NONE', #4751, #7742, #3989 ) ;
#4956 = CARTESIAN_POINT ( 'NONE',  ( -0.05118110236220469594, 0.01181102362204724567, 0.09842519685039370636 ) ) ;
#4957 = ORIENTED_EDGE ( 'NONE', *, *, #3807, .F. ) ;
#4958 = ADVANCED_FACE ( 'NONE', ( #3981 ), #2967, .T. ) ;
#4959 = FACE_OUTER_BOUND ( 'NONE', #4648, .T. ) ;
#4960 = EDGE_CURVE ( 'NONE', #6143, #902, #63, .T. ) ;
#4961 = ORIENTED_EDGE ( 'NONE', *, *, #5706, .T. ) ;
#4962 = CARTESIAN_POINT ( 'NONE',  ( -0.04811742286199987423, 0.03149606299212598381, 0.07874015748031500117 ) ) ;
#4963 = EDGE_LOOP ( 'NONE', ( #1969, #2611, #7295, #1201 ) ) ;
#4964 = DIRECTION ( 'NONE',  ( 0.000000000000000000, 0.000000000000000000, 1.000000000000000000 ) ) ;
#4965 = DIRECTION ( 'NONE',  ( -1.000000000000000000, -0.000000000000000000, -0.000000000000000000 ) ) ;
#4966 = DIRECTION ( 'NONE',  ( -1.000000000000000000, 0.000000000000000000, 0.000000000000000000 ) ) ;
#4967 = AXIS2_PLACEMENT_3D ( 'NONE', #5792, #3963, #1550 ) ;
#4968 = DIRECTION ( 'NONE',  ( 0.000000000000000000, 0.000000000000000000, 1.000000000000000000 ) ) ;
#4969 = CARTESIAN_POINT ( 'NONE',  ( -0.09645669291338584972, 0.000000000000000000, 0.05511811023622045780 ) ) ;
#4970 = EDGE_CURVE ( 'NONE', #6441, #4593, #1784, .T. ) ;
#4971 = DIRECTION ( 'NONE',  ( 0.000000000000000000, 0.000000000000000000, 1.000000000000000000 ) ) ;
#4972 = ORIENTED_EDGE ( 'NONE', *, *, #6899, .T. ) ;
#4973 = ORIENTED_EDGE ( 'NONE', *, *, #7426, .F. ) ;
#4974 = CARTESIAN_POINT ( 'NONE',  ( 0.04811742286199982566, 0.02755905511811023584, -0.07696118927919452790 ) ) ;
#4975 = CARTESIAN_POINT ( 'NONE',  ( -0.1062992125984252023, 0.009280999427183432571, -0.06299212598425198151 ) ) ;
#4976 = CARTESIAN_POINT ( 'NONE',  ( 0.07572635272678919505, 0.03619545847639819847, -0.04811742286199995056 ) ) ;
#4977 = DIRECTION ( 'NONE',  ( -1.000000000000000000, 0.000000000000000000, 1.217487476229714096E-15 ) ) ;
#4978 = EDGE_CURVE ( 'NONE', #4490, #3497, #1791, .T. ) ;
#4979 = AXIS2_PLACEMENT_3D ( 'NONE', #1392, #3044, #4286 ) ;
#4980 = DIRECTION ( 'NONE',  ( -0.000000000000000000, -1.000000000000000000, -0.000000000000000000 ) ) ;
#4981 = ORIENTED_EDGE ( 'NONE', *, *, #7313, .T. ) ;
#4982 = DIRECTION ( 'NONE',  ( -0.5370986485132712707, 0.8435194376925865267, 0.000000000000000000 ) ) ;
#4983 = ORIENTED_EDGE ( 'NONE', *, *, #6972, .F. ) ;
#4984 = VECTOR ( 'NONE', #7253, 39.37007874015748143 ) ;
#4985 = FACE_OUTER_BOUND ( 'NONE', #1477, .T. ) ;
#4986 = DIRECTION ( 'NONE',  ( 0.000000000000000000, 0.000000000000000000, -1.000000000000000000 ) ) ;
#4987 = CARTESIAN_POINT ( 'NONE',  ( 0.06889763779527559306, 0.009842519685039369942, -0.06299212598425198151 ) ) ;
#4988 = CARTESIAN_POINT ( 'NONE',  ( 0.04639637020908341652, 0.03190958539275173811, 0.07804718052592335420 ) ) ;
#4989 = VERTEX_POINT ( 'NONE', #6946 ) ;
#4990 = CARTESIAN_POINT ( 'NONE',  ( 0.07479606136928119986, 0.03791342768142930836, 0.04504971256151058673 ) ) ;
#4991 = LINE ( 'NONE', #3097, #2258 ) ;
#4992 = CARTESIAN_POINT ( 'NONE',  ( 0.06913144007778367073, 0.04678773088208310754, 0.04336891308197913381 ) ) ;
#4993 = EDGE_CURVE ( 'NONE', #568, #1820, #335, .T. ) ;
#4994 = MECHANICAL_DESIGN_GEOMETRIC_PRESENTATION_REPRESENTATION (  '', ( #5745 ), #7129 ) ;
#4995 = DIRECTION ( 'NONE',  ( 0.000000000000000000, 0.000000000000000000, -1.000000000000000000 ) ) ;
#4996 = ORIENTED_EDGE ( 'NONE', *, *, #594, .T. ) ;
#4997 = CARTESIAN_POINT ( 'NONE',  ( -0.08659019213609440990, 0.03149606299212598381, 0.05880887093013065225 ) ) ;
#4998 = ORIENTED_EDGE ( 'NONE', *, *, #1688, .F. ) ;
#4999 = LINE ( 'NONE', #5037, #6842 ) ;
#5000 = VECTOR ( 'NONE', #173, 39.37007874015748143 ) ;
#5001 = ORIENTED_EDGE ( 'NONE', *, *, #7555, .F. ) ;
#5002 = DIRECTION ( 'NONE',  ( 0.4671737270555883503, -0.8627297996397821356, -0.1935096937171159048 ) ) ;
#5003 = ADVANCED_FACE ( 'NONE', ( #761 ), #1358, .F. ) ;
#5004 = B_SPLINE_CURVE_WITH_KNOTS ( 'NONE', 3,
 ( #2937, #535, #7780, #1752, #6006, #4826, #4095, #1199 ),
 .UNSPECIFIED., .F., .F.,
 ( 4, 2, 2, 4 ),
 ( 0.000000000000000000, 0.2499999999999938938, 0.4999999999999877875, 1.000000000000000000 ),
 .UNSPECIFIED. ) ;
#5005 = EDGE_CURVE ( 'NONE', #407, #4830, #4415, .T. ) ;
#5006 = CARTESIAN_POINT ( 'NONE',  ( 0.09842519685039370636, 0.01181102362204724567, 0.04500536227882344364 ) ) ;
#5007 = CARTESIAN_POINT ( 'NONE',  ( 0.06889763779527559306, 0.01574803149606299191, 0.06299212598425198151 ) ) ;
#5008 = CARTESIAN_POINT ( 'NONE',  ( -0.04639663789471685368, 0.03003382268297973001, -0.07458542502473741731 ) ) ;
#5009 = CARTESIAN_POINT ( 'NONE',  ( -0.04322513669223893018, 0.04724409448818898266, 0.06692913385826773642 ) ) ;
#5010 = CARTESIAN_POINT ( 'NONE',  ( -0.1259842519685039353, -1.574803884209003054E-18, 0.08267716535433072833 ) ) ;
#5011 = ORIENTED_EDGE ( 'NONE', *, *, #106, .T. ) ;
#5012 = VERTEX_POINT ( 'NONE', #2728 ) ;
#5013 = LINE ( 'NONE', #797, #2481 ) ;
#5014 = CARTESIAN_POINT ( 'NONE',  ( 0.04811742286199991586, 0.02846948526569289747, 0.07543284219591459006 ) ) ;
#5015 = PLANE ( 'NONE',  #371 ) ;
#5016 = EDGE_CURVE ( 'NONE', #3795, #4989, #2579, .T. ) ;
#5017 = CARTESIAN_POINT ( 'NONE',  ( 0.07804775513994746672, 0.03190852425293756733, 0.04811742286199987423 ) ) ;
#5018 = DIRECTION ( 'NONE',  ( 0.000000000000000000, 0.000000000000000000, 1.000000000000000000 ) ) ;
#5019 = CARTESIAN_POINT ( 'NONE',  ( 0.09842519685039370636, 0.02559055118110236532, -0.04894237015283919856 ) ) ;
#5020 = CARTESIAN_POINT ( 'NONE',  ( -0.07832508955528019734, 0.03161126890372295550, -0.04708567606477235407 ) ) ;
#5021 = ORIENTED_EDGE ( 'NONE', *, *, #1749, .T. ) ;
#5022 = FACE_OUTER_BOUND ( 'NONE', #4596, .T. ) ;
#5023 = ORIENTED_EDGE ( 'NONE', *, *, #3342, .T. ) ;
#5024 = EDGE_CURVE ( 'NONE', #3067, #7256, #3330, .T. ) ;
#5025 = CARTESIAN_POINT ( 'NONE',  ( 0.08659019213609440990, 0.03149606299212598381, 0.05880887093013065225 ) ) ;
#5026 = CARTESIAN_POINT ( 'NONE',  ( -0.07105612511580303159, 0.04481996858434146580, -0.04350920467577162887 ) ) ;
#5027 = CARTESIAN_POINT ( 'NONE',  ( -0.1164233781010027974, -1.600692183787654230E-18, 0.08267716535433072833 ) ) ;
#5028 = CARTESIAN_POINT ( 'NONE',  ( 0.04330956414419514372, 0.04724409448818895491, 0.06815208925554436248 ) ) ;
#5029 = ORIENTED_EDGE ( 'NONE', *, *, #3777, .F. ) ;
#5030 = CARTESIAN_POINT ( 'NONE',  ( 0.1067728658505845696, 0.009582591198791106518, -0.06299212598425198151 ) ) ;
#5031 = CARTESIAN_POINT ( 'NONE',  ( -0.04322513669223892324, 0.04724409448818895491, -0.06692913385826775030 ) ) ;
#5032 = LINE ( 'NONE', #2008, #5305 ) ;
#5033 = CARTESIAN_POINT ( 'NONE',  ( -0.07068289032394872717, 0.04363666782758886947, 0.04621400573016522240 ) ) ;
#5034 = VERTEX_POINT ( 'NONE', #2656 ) ;
#5035 = CARTESIAN_POINT ( 'NONE',  ( -0.06760025801587819794, 0.04289462535336164423, 0.04349901208602434399 ) ) ;
#5036 = ORIENTED_EDGE ( 'NONE', *, *, #4110, .F. ) ;
#5037 = CARTESIAN_POINT ( 'NONE',  ( 0.1164233781010027835, 0.005905511811023553444, 0.06299212598425198151 ) ) ;
#5038 = EDGE_CURVE ( 'NONE', #5538, #5936, #5762, .T. ) ;
#5039 = CARTESIAN_POINT ( 'NONE',  ( -0.04811742286199997137, 0.03149606299212598381, -0.07874015748031491790 ) ) ;
#5040 = LINE ( 'NONE', #6145, #2800 ) ;
#5041 = LINE ( 'NONE', #5463, #1929 ) ;
#5042 = CARTESIAN_POINT ( 'NONE',  ( 0.04322513669223893018, 0.04330708661417322081, 0.06692913385826773642 ) ) ;
#5043 = DIRECTION ( 'NONE',  ( -0.000000000000000000, -1.000000000000000000, -0.000000000000000000 ) ) ;
#5044 = CARTESIAN_POINT ( 'NONE',  ( 0.07847086105203134043, 0.03149606299212601157, -0.04744814616777229266 ) ) ;
#5045 = VERTEX_POINT ( 'NONE', #3893 ) ;
#5046 = ORIENTED_EDGE ( 'NONE', *, *, #4970, .T. ) ;
#5047 = DIRECTION ( 'NONE',  ( -0.7071067811865473507, 0.000000000000000000, -0.7071067811865476838 ) ) ;
#5048 = DIRECTION ( 'NONE',  ( -0.5370986485132710486, -0.8435194376925865267, 0.000000000000000000 ) ) ;
#5049 = FACE_OUTER_BOUND ( 'NONE', #2344, .T. ) ;
#5050 = CARTESIAN_POINT ( 'NONE',  ( 0.07340495031363093725, 0.04048239269985884348, 0.04811742286199987423 ) ) ;
#5051 = DIRECTION ( 'NONE',  ( 0.000000000000000000, -1.000000000000000000, 0.000000000000000000 ) ) ;
#5052 = CARTESIAN_POINT ( 'NONE',  ( -0.04600005259978798278, 0.04459054118528232163, 0.07016636177488008719 ) ) ;
#5053 = EDGE_CURVE ( 'NONE', #3247, #6959, #219, .T. ) ;
#5054 = EDGE_CURVE ( 'NONE', #5760, #1640, #6241, .T. ) ;
#5055 = ORIENTED_EDGE ( 'NONE', *, *, #781, .T. ) ;
#5056 = CARTESIAN_POINT ( 'NONE',  ( -0.1259842519685039353, -1.574803884209003054E-18, -0.06299212598425198151 ) ) ;
#5057 = AXIS2_PLACEMENT_3D ( 'NONE', #6269, #830, #901 ) ;
#5058 = ORIENTED_EDGE ( 'NONE', *, *, #5668, .F. ) ;
#5059 = LINE ( 'NONE', #2617, #651 ) ;
#5060 = CARTESIAN_POINT ( 'NONE',  ( -0.06933230912614127273, 0.03973534070287403075, 0.04422056448095178921 ) ) ;
#5061 = VECTOR ( 'NONE', #3913, 39.37007874015748143 ) ;
#5062 = CARTESIAN_POINT ( 'NONE',  ( -0.07171594742208593776, 0.04172892111220243005, -0.04664191199091925755 ) ) ;
#5063 = CARTESIAN_POINT ( 'NONE',  ( 0.04605597487308115551, 0.03342717965053777079, 0.07722539348917807633 ) ) ;
#5064 = EDGE_CURVE ( 'NONE', #6589, #5198, #5059, .T. ) ;
#5065 = ORIENTED_EDGE ( 'NONE', *, *, #4316, .T. ) ;
#5066 = CYLINDRICAL_SURFACE ( 'NONE', #6091, 0.009866500777291436347 ) ;
#5067 = AXIS2_PLACEMENT_3D ( 'NONE', #7106, #3455, #4663 ) ;
#5068 = VERTEX_POINT ( 'NONE', #4537 ) ;
#5069 = LINE ( 'NONE', #5692, #3532 ) ;
#5070 = LINE ( 'NONE', #7477, #526 ) ;
#5071 = DIRECTION ( 'NONE',  ( 1.000000000000000000, 0.000000000000000000, -1.445602896647344044E-15 ) ) ;
#5072 = AXIS2_PLACEMENT_3D ( 'NONE', #1089, #3501, #4344 ) ;
#5073 = CARTESIAN_POINT ( 'NONE',  ( -0.06977940642378081815, 0.04538425365438053527, 0.04570727917525949785 ) ) ;
#5074 = VERTEX_POINT ( 'NONE', #1518 ) ;
#5075 = CARTESIAN_POINT ( 'NONE',  ( 0.07348851562114654123, 0.03206007347552291414, 0.04594212157920612299 ) ) ;
#5076 = ORIENTED_EDGE ( 'NONE', *, *, #4405, .T. ) ;
#5077 = DIRECTION ( 'NONE',  ( 0.000000000000000000, -1.000000000000000000, 0.000000000000000000 ) ) ;
#5078 = CARTESIAN_POINT ( 'NONE',  ( -0.1117542798527060843, 0.01275443361127101029, 0.08267716535433072833 ) ) ;
#5079 = DIRECTION ( 'NONE',  ( -1.000000000000000000, 0.000000000000000000, 0.000000000000000000 ) ) ;
#5080 = CARTESIAN_POINT ( 'NONE',  ( 0.04639663789471763777, 0.03003382268297973001, 0.07458542502473743119 ) ) ;
#5081 = CARTESIAN_POINT ( 'NONE',  ( -0.07749707050727953905, 0.03165316256790308425, -0.04865666429229878465 ) ) ;
#5082 = CARTESIAN_POINT ( 'NONE',  ( -0.06692913385826770867, 0.04330708661417322081, -0.04322513669223893018 ) ) ;
#5083 = CARTESIAN_POINT ( 'NONE',  ( -0.08659019213609440990, 0.03149606299212598381, 0.06275750304127082624 ) ) ;
#5084 = VECTOR ( 'NONE', #7693, 39.37007874015748143 ) ;
#5085 = ORIENTED_EDGE ( 'NONE', *, *, #5100, .T. ) ;
#5086 = PLANE ( 'NONE',  #5245 ) ;
#5087 = PLANE ( 'NONE',  #2132 ) ;
#5088 = AXIS2_PLACEMENT_3D ( 'NONE', #5658, #3151, #3194 ) ;
#5089 = EDGE_CURVE ( 'NONE', #5731, #6619, #7467, .T. ) ;
#5090 = CARTESIAN_POINT ( 'NONE',  ( 0.1164233781010027835, 0.006467032068879333823, -0.06299212598425198151 ) ) ;
#5091 = DIRECTION ( 'NONE',  ( -0.000000000000000000, -1.000000000000000000, -0.000000000000000000 ) ) ;
#5092 = CARTESIAN_POINT ( 'NONE',  ( -0.04843911828608706005, 0.03371638490757856294, 0.07605478723426206678 ) ) ;
#5093 = EDGE_LOOP ( 'NONE', ( #2077, #5838, #5366, #4089 ) ) ;
#5094 = AXIS2_PLACEMENT_3D ( 'NONE', #6211, #6805, #4911 ) ;
#5095 = CARTESIAN_POINT ( 'NONE',  ( -0.07108354790047274885, 0.04476932692331955788, 0.04351193913223758841 ) ) ;
#5096 = ORIENTED_EDGE ( 'NONE', *, *, #1971, .T. ) ;
#5097 = PLANE ( 'NONE',  #3708 ) ;
#5098 = LINE ( 'NONE', #336, #5937 ) ;
#5099 = EDGE_CURVE ( 'NONE', #3409, #3102, #956, .T. ) ;
#5100 = EDGE_CURVE ( 'NONE', #4456, #4898, #6612, .T. ) ;
#5101 = AXIS2_PLACEMENT_3D ( 'NONE', #1066, #2872, #6669 ) ;
#5102 = CARTESIAN_POINT ( 'NONE',  ( 0.04493235482577914025, 0.04482994461674413844, 0.07105072303018988844 ) ) ;
#5103 = ORIENTED_EDGE ( 'NONE', *, *, #2983, .F. ) ;
#5104 = CARTESIAN_POINT ( 'NONE',  ( 0.07626139865388947836, 0.03333483556450122370, 0.04852469953823795173 ) ) ;
#5105 = VECTOR ( 'NONE', #1984, 39.37007874015748143 ) ;
#5106 = CARTESIAN_POINT ( 'NONE',  ( -0.04347150067081174268, 0.04563202121754619117, -0.07049778985967469769 ) ) ;
#5107 = CARTESIAN_POINT ( 'NONE',  ( 0.04322513669223895100, 0.04330708661417322081, -0.06692913385826773642 ) ) ;
#5108 = EDGE_CURVE ( 'NONE', #3755, #2990, #4277, .T. ) ;
#5109 = CARTESIAN_POINT ( 'NONE',  ( -0.07112381294362508932, 0.04469496946141588573, 0.04351999302633954847 ) ) ;
#5110 = ORIENTED_EDGE ( 'NONE', *, *, #1170, .F. ) ;
#5111 = LINE ( 'NONE', #6887, #4017 ) ;
#5112 = VERTEX_POINT ( 'NONE', #1032 ) ;
#5113 = CARTESIAN_POINT ( 'NONE',  ( 0.07458542502473751445, 0.03003382268297973001, -0.04639663789471758226 ) ) ;
#5114 = CARTESIAN_POINT ( 'NONE',  ( -0.07862185513963407257, 0.03149606299212598381, 0.04782340825842094911 ) ) ;
#5115 = AXIS2_PLACEMENT_3D ( 'NONE', #1966, #4348, #3779 ) ;
#5116 = ADVANCED_FACE ( 'NONE', ( #4045 ), #4733, .T. ) ;
#5117 = CARTESIAN_POINT ( 'NONE',  ( 0.04462688404783501928, 0.03792383456189669239, 0.07031325133516855286 ) ) ;
#5118 = CARTESIAN_POINT ( 'NONE',  ( 0.07776559416808150049, 0.03242959096673107139, -0.04771374552068168712 ) ) ;
#5119 = CARTESIAN_POINT ( 'NONE',  ( -0.09842519685039370636, 0.03149606299212598381, 0.04894237015283921244 ) ) ;
#5120 = ORIENTED_EDGE ( 'NONE', *, *, #6454, .F. ) ;
#5121 = ORIENTED_EDGE ( 'NONE', *, *, #2993, .T. ) ;
#5122 = DIRECTION ( 'NONE',  ( 1.000000000000000000, 2.707733616970879528E-18, 0.000000000000000000 ) ) ;
#5123 = CYLINDRICAL_SURFACE ( 'NONE', #5423, 0.006467032068879366782 ) ;
#5124 = CARTESIAN_POINT ( 'NONE',  ( -0.06889763779527559306, 0.009842519685039369942, -0.08267716535433072833 ) ) ;
#5125 = CARTESIAN_POINT ( 'NONE',  ( -0.04884462017292178632, 0.03190852425293756733, 0.07703375538902647313 ) ) ;
#5126 = LINE ( 'NONE', #5633, #364 ) ;
#5127 = CARTESIAN_POINT ( 'NONE',  ( -0.04339364618986864958, 0.04676143729944514521, 0.06937002354045374020 ) ) ;
#5128 = ORIENTED_EDGE ( 'NONE', *, *, #2261, .T. ) ;
#5129 = CARTESIAN_POINT ( 'NONE',  ( -0.07086635000490880409, 0.04513143514355020397, 0.04348696229936512003 ) ) ;
#5130 = ORIENTED_EDGE ( 'NONE', *, *, #631, .T. ) ;
#5131 = DIRECTION ( 'NONE',  ( 1.000000000000000000, 0.000000000000000000, 0.000000000000000000 ) ) ;
#5132 = DIRECTION ( 'NONE',  ( 0.7071067811865472397, 0.000000000000000000, 0.7071067811865476838 ) ) ;
#5133 = CARTESIAN_POINT ( 'NONE',  ( 0.1023622047244094613, 0.01181102362204724567, 0.01870078740157483238 ) ) ;
#5134 = CARTESIAN_POINT ( 'NONE',  ( -0.07231672433375191389, 0.04249201979835715709, -0.04402273753570053877 ) ) ;
#5135 = CARTESIAN_POINT ( 'NONE',  ( 0.04607668758732140490, 0.03333483556450115431, 0.07727539840481058298 ) ) ;
#5136 = ORIENTED_EDGE ( 'NONE', *, *, #2041, .T. ) ;
#5137 = CARTESIAN_POINT ( 'NONE',  ( 0.07383997719516048608, 0.03967902848520007963, 0.04608770172981607738 ) ) ;
#5138 = EDGE_CURVE ( 'NONE', #1777, #3814, #7013, .T. ) ;
#5139 = EDGE_LOOP ( 'NONE', ( #1646, #6794, #4961, #4940 ) ) ;
#5140 = CARTESIAN_POINT ( 'NONE',  ( -0.04570727917525958112, 0.04538425365438048670, -0.06977940642378084590 ) ) ;
#5141 = FACE_OUTER_BOUND ( 'NONE', #4193, .T. ) ;
#5142 = CARTESIAN_POINT ( 'NONE',  ( -0.07383997719515970892, 0.03967902848520007963, 0.04608770172981552921 ) ) ;
#5143 = ORIENTED_EDGE ( 'NONE', *, *, #6938, .F. ) ;
#5144 = PLANE ( 'NONE',  #2483 ) ;
#5145 = ORIENTED_EDGE ( 'NONE', *, *, #6678, .F. ) ;
#5146 = CARTESIAN_POINT ( 'NONE',  ( -0.05118110236220469594, 0.01181102362204724567, 0.1023622047244094613 ) ) ;
#5147 = EDGE_CURVE ( 'NONE', #5210, #7634, #6647, .T. ) ;
#5148 = ADVANCED_FACE ( 'NONE', ( #4119 ), #4581, .T. ) ;
#5149 = CARTESIAN_POINT ( 'NONE',  ( 0.05511811023622045780, 0.02755905511811023584, -0.09645669291338582196 ) ) ;
#5150 = CARTESIAN_POINT ( 'NONE',  ( 0.07874015748031495954, 0.03149606299212598381, -0.04811742286199995056 ) ) ;
#5151 = CARTESIAN_POINT ( 'NONE',  ( -0.06496062992125986590, 0.005905511811023621965, 0.02657480314960630405 ) ) ;
#5152 = ADVANCED_FACE ( 'NONE', ( #4620 ), #7023, .F. ) ;
#5153 = VERTEX_POINT ( 'NONE', #4325 ) ;
#5154 = DIRECTION ( 'NONE',  ( -1.000000000000000000, 0.000000000000000000, 1.445602896647344044E-15 ) ) ;
#5155 = DIRECTION ( 'NONE',  ( -1.000000000000000000, -5.706327223607917555E-17, -0.000000000000000000 ) ) ;
#5156 = CARTESIAN_POINT ( 'NONE',  ( 0.08659019213609440990, 0.03149606299212598381, -0.05880887093013063144 ) ) ;
#5157 = CARTESIAN_POINT ( 'NONE',  ( -0.04811742286199986035, 0.03149606299212598381, 0.07874015748031498729 ) ) ;
#5158 = PRESENTATION_STYLE_ASSIGNMENT (( #6823 ) ) ;
#5159 = LINE ( 'NONE', #3885, #5534 ) ;
#5160 = CARTESIAN_POINT ( 'NONE',  ( -0.04504971256151057285, 0.03791342768142900305, 0.07479606136928135252 ) ) ;
#5161 = ORIENTED_EDGE ( 'NONE', *, *, #1603, .F. ) ;
#5162 = DIRECTION ( 'NONE',  ( 0.000000000000000000, 0.000000000000000000, -1.000000000000000000 ) ) ;
#5163 = VERTEX_POINT ( 'NONE', #5473 ) ;
#5164 = CARTESIAN_POINT ( 'NONE',  ( -0.09842519685039370636, 0.005905511811023621965, -0.02263779527559055260 ) ) ;
#5165 = AXIS2_PLACEMENT_3D ( 'NONE', #7119, #5862, #4601 ) ;
#5166 = DIRECTION ( 'NONE',  ( -1.000000000000000000, 0.000000000000000000, 0.000000000000000000 ) ) ;
#5167 = CARTESIAN_POINT ( 'NONE',  ( -0.07758531553425168648, 0.03276251154988520792, -0.04620505946554771121 ) ) ;
#5168 = CARTESIAN_POINT ( 'NONE',  ( 0.04350920467577164275, 0.04481996858434138253, 0.07105612511580310098 ) ) ;
#5169 = CIRCLE ( 'NONE', #4667, 0.003937007874015749712 ) ;
#5170 = ORIENTED_EDGE ( 'NONE', *, *, #1939, .T. ) ;
#5171 = CARTESIAN_POINT ( 'NONE',  ( 0.08728965698918823846, 0.001968503937007873555, -0.02263779527559055260 ) ) ;
#5172 = ORIENTED_EDGE ( 'NONE', *, *, #7202, .F. ) ;
#5173 = CARTESIAN_POINT ( 'NONE',  ( -0.04517980852090012350, 0.03003382268297973001, 0.07580254313921523657 ) ) ;
#5174 = CARTESIAN_POINT ( 'NONE',  ( -0.04350370756854295140, 0.04498199997437882930, -0.07096433004428570612 ) ) ;
#5175 = AXIS2_PLACEMENT_3D ( 'NONE', #5784, #357, #5187 ) ;
#5176 = CARTESIAN_POINT ( 'NONE',  ( 0.07108465146045775396, 0.04476728897891098929, -0.04351239624175076010 ) ) ;
#5177 = CARTESIAN_POINT ( 'NONE',  ( -0.06815208925554450126, 0.04724409448818896184, 0.04330956414419167427 ) ) ;
#5178 = VERTEX_POINT ( 'NONE', #3720 ) ;
#5179 = PLANE ( 'NONE',  #2488 ) ;
#5180 = ORIENTED_EDGE ( 'NONE', *, *, #7458, .T. ) ;
#5181 = LINE ( 'NONE', #3421, #4827 ) ;
#5182 = AXIS2_PLACEMENT_3D ( 'NONE', #1325, #185, #5514 ) ;
#5183 = EDGE_CURVE ( 'NONE', #6531, #985, #15, .T. ) ;
#5184 = CARTESIAN_POINT ( 'NONE',  ( 0.04371265117271242590, 0.04199978512532027974, 0.06810609792888018543 ) ) ;
#5185 = EDGE_CURVE ( 'NONE', #5034, #4057, #3558, .T. ) ;
#5186 = DIRECTION ( 'NONE',  ( 0.000000000000000000, 0.000000000000000000, -1.000000000000000000 ) ) ;
#5187 = DIRECTION ( 'NONE',  ( 0.000000000000000000, 0.000000000000000000, -1.000000000000000000 ) ) ;
#5188 = CIRCLE ( 'NONE', #1761, 0.0005615202578559341188 ) ;
#5189 = ORIENTED_EDGE ( 'NONE', *, *, #7790, .F. ) ;
#5190 = CARTESIAN_POINT ( 'NONE',  ( -0.05511811023622047168, 0.02755905511811023584, -0.09842519685039370636 ) ) ;
#5191 = DIRECTION ( 'NONE',  ( 1.000000000000000000, 0.000000000000000000, 0.000000000000000000 ) ) ;
#5192 = CARTESIAN_POINT ( 'NONE',  ( 0.06692913385826772255, 0.04724409448818898266, 0.04322513669223895794 ) ) ;
#5193 = EDGE_CURVE ( 'NONE', #5482, #39, #3789, .T. ) ;
#5194 = VECTOR ( 'NONE', #1536, 39.37007874015748143 ) ;
#5195 = LINE ( 'NONE', #6205, #2302 ) ;
#5196 = CARTESIAN_POINT ( 'NONE',  ( 0.08659019213609440990, 0.03149606299212598381, -0.06275750304127081236 ) ) ;
#5197 = DIRECTION ( 'NONE',  ( 0.000000000000000000, 0.000000000000000000, -1.000000000000000000 ) ) ;
#5198 = VERTEX_POINT ( 'NONE', #1146 ) ;
#5199 = CARTESIAN_POINT ( 'NONE',  ( -0.07080616728494071310, 0.04521996676550840005, 0.04348643160600016572 ) ) ;
#5200 = ORIENTED_EDGE ( 'NONE', *, *, #2603, .F. ) ;
#5201 = FACE_OUTER_BOUND ( 'NONE', #117, .T. ) ;
#5202 = AXIS2_PLACEMENT_3D ( 'NONE', #5796, #2725, #5162 ) ;
#5203 = CARTESIAN_POINT ( 'NONE',  ( -0.04350603470619183316, 0.04289462535336164423, 0.06759734944928413869 ) ) ;
#5204 = EDGE_CURVE ( 'NONE', #246, #1130, #6117, .T. ) ;
#5205 = CARTESIAN_POINT ( 'NONE',  ( -0.07644895272630074234, 0.03486103293681060145, -0.04573436257871770633 ) ) ;
#5206 = VECTOR ( 'NONE', #3007, 39.37007874015748143 ) ;
#5207 = CARTESIAN_POINT ( 'NONE',  ( 0.04771374552068156222, 0.03242959096673105057, 0.07776559416808162539 ) ) ;
#5208 = VERTEX_POINT ( 'NONE', #7298 ) ;
#5209 = CARTESIAN_POINT ( 'NONE',  ( -0.07543284219591453454, 0.02846948526569289747, 0.04811742286199991586 ) ) ;
#5210 = VERTEX_POINT ( 'NONE', #1863 ) ;
#5211 = CARTESIAN_POINT ( 'NONE',  ( -0.07077827342859772941, 0.04315534825624279397, 0.04015553881028273431 ) ) ;
#5212 = CARTESIAN_POINT ( 'NONE',  ( -0.04487880767774404811, 0.04506030752890931301, -0.07092144877917709589 ) ) ;
#5213 = VECTOR ( 'NONE', #2546, 39.37007874015748143 ) ;
#5214 = CARTESIAN_POINT ( 'NONE',  ( 0.07622852814551887846, 0.03526809104689505175, -0.04564305972787781329 ) ) ;
#5215 = CARTESIAN_POINT ( 'NONE',  ( -0.07874015748031494566, 0.03149606299212598381, -0.04811742286199990892 ) ) ;
#5216 = DIRECTION ( 'NONE',  ( 0.000000000000000000, -1.000000000000000000, 0.000000000000000000 ) ) ;
#5217 = VERTEX_POINT ( 'NONE', #3081 ) ;
#5218 = CARTESIAN_POINT ( 'NONE',  ( 0.000000000000000000, 0.3082057923128421195, 0.000000000000000000 ) ) ;
#5219 = VECTOR ( 'NONE', #4320, 39.37007874015748143 ) ;
#5220 = VERTEX_POINT ( 'NONE', #4932 ) ;
#5221 = CARTESIAN_POINT ( 'NONE',  ( -0.1259842519685039353, 0.005905511811023618496, -0.08267716535433072833 ) ) ;
#5222 = EDGE_CURVE ( 'NONE', #568, #1346, #713, .T. ) ;
#5223 = B_SPLINE_CURVE_WITH_KNOTS ( 'NONE', 3,
 ( #1117, #2232, #7586, #2888, #4662, #1633 ),
 .UNSPECIFIED., .F., .F.,
 ( 4, 2, 4 ),
 ( 0.000000000000000000, 0.5000000000000000000, 1.000000000000000000 ),
 .UNSPECIFIED. ) ;
#5224 = DIRECTION ( 'NONE',  ( -1.000000000000000000, -0.000000000000000000, -0.000000000000000000 ) ) ;
#5225 = AXIS2_PLACEMENT_3D ( 'NONE', #4355, #4315, #1973 ) ;
#5226 = VECTOR ( 'NONE', #1940, 39.37007874015748854 ) ;
#5227 = CARTESIAN_POINT ( 'NONE',  ( -0.04656654295319678782, 0.02936772777951838012, 0.07499921775895848630 ) ) ;
#5228 = CARTESIAN_POINT ( 'NONE',  ( 0.1259842519685039353, -1.574803884209003054E-18, -0.06299212598425198151 ) ) ;
#5229 = CARTESIAN_POINT ( 'NONE',  ( -0.09645669291338582196, 0.005905511811023621965, 0.02263779527559055260 ) ) ;
#5230 = ORIENTED_EDGE ( 'NONE', *, *, #770, .F. ) ;
#5231 = VECTOR ( 'NONE', #4572, 39.37007874015748143 ) ;
#5232 = EDGE_CURVE ( 'NONE', #5437, #566, #7671, .T. ) ;
#5233 = ORIENTED_EDGE ( 'NONE', *, *, #2101, .T. ) ;
#5234 = EDGE_CURVE ( 'NONE', #6716, #7019, #1220, .T. ) ;
#5235 = CARTESIAN_POINT ( 'NONE',  ( -0.09645669291338582196, 0.02559055118110236532, 0.04500536227882346446 ) ) ;
#5236 = CARTESIAN_POINT ( 'NONE',  ( -0.1259842519685039353, 0.005905511811023618496, 0.08267716535433072833 ) ) ;
#5237 =( GEOMETRIC_REPRESENTATION_CONTEXT ( 3 ) GLOBAL_UNCERTAINTY_ASSIGNED_CONTEXT ( ( #6346 ) ) GLOBAL_UNIT_ASSIGNED_CONTEXT ( ( #7228, #5400, #6163 ) ) REPRESENTATION_CONTEXT ( 'NONE', 'WORKASPACE' ) );
#5238 = DIRECTION ( 'NONE',  ( 1.000000000000000000, 0.000000000000000000, -1.217487476229714096E-15 ) ) ;
#5239 = CARTESIAN_POINT ( 'NONE',  ( 0.08659019213609440990, 0.03149606299212598381, 0.05880887093013065225 ) ) ;
#5240 = CARTESIAN_POINT ( 'NONE',  ( 0.07696118927919451402, 0.02755905511811023584, 0.04811742286199986035 ) ) ;
#5241 = ORIENTED_EDGE ( 'NONE', *, *, #4269, .T. ) ;
#5242 = EDGE_CURVE ( 'NONE', #2791, #6697, #408, .T. ) ;
#5243 = EDGE_LOOP ( 'NONE', ( #2116, #2091, #7423, #7069, #2364, #1322, #3238, #2135, #2771, #7694 ) ) ;
#5244 = EDGE_CURVE ( 'NONE', #6434, #6310, #476, .T. ) ;
#5245 = AXIS2_PLACEMENT_3D ( 'NONE', #798, #3203, #7497 ) ;
#5246 = CARTESIAN_POINT ( 'NONE',  ( 0.07521452839459787099, 0.03526809104689506563, 0.04809107167879425604 ) ) ;
#5247 = CARTESIAN_POINT ( 'NONE',  ( -0.04503320364223356576, 0.03611232829824728707, 0.07129419361062344640 ) ) ;
#5248 = DIRECTION ( 'NONE',  ( -0.000000000000000000, -0.000000000000000000, -1.000000000000000000 ) ) ;
#5249 = CARTESIAN_POINT ( 'NONE',  ( 0.09645669291338584972, 0.02755905511811023584, 0.05511811023622045780 ) ) ;
#5250 = ORIENTED_EDGE ( 'NONE', *, *, #4197, .T. ) ;
#5251 = ORIENTED_EDGE ( 'NONE', *, *, #6879, .T. ) ;
#5252 = FACE_OUTER_BOUND ( 'NONE', #2137, .T. ) ;
#5253 = ORIENTED_EDGE ( 'NONE', *, *, #542, .T. ) ;
#5254 = EDGE_CURVE ( 'NONE', #576, #5512, #30, .T. ) ;
#5255 = CARTESIAN_POINT ( 'NONE',  ( -0.1109683108467216656, 0.002993597884792337672, 0.06299212598425198151 ) ) ;
#5256 = CARTESIAN_POINT ( 'NONE',  ( -0.04602144791282575254, 0.04449515384951296948, -0.07021801462978696784 ) ) ;
#5257 = CARTESIAN_POINT ( 'NONE',  ( 0.09645669291338584972, 0.000000000000000000, 0.02657480314960630058 ) ) ;
#5258 = DIRECTION ( 'NONE',  ( 0.000000000000000000, 0.000000000000000000, 1.000000000000000000 ) ) ;
#5259 = CARTESIAN_POINT ( 'NONE',  ( -0.07714575990919927961, 0.03357423899596301275, 0.04745700176422897043 ) ) ;
#5260 = CARTESIAN_POINT ( 'NONE',  ( -0.04657946205944616530, 0.03177289421176773820, -0.07812119967827171885 ) ) ;
#5261 = VERTEX_POINT ( 'NONE', #7763 ) ;
#5262 = CARTESIAN_POINT ( 'NONE',  ( -0.09842519685039370636, 0.005905511811023621965, 0.01476377952755905665 ) ) ;
#5263 = CARTESIAN_POINT ( 'NONE',  ( 0.04608770172981481450, 0.03967902848520046127, -0.07383997719516104119 ) ) ;
#5264 = CARTESIAN_POINT ( 'NONE',  ( -0.1259842519685039353, -1.574803884209003054E-18, 0.08267716535433072833 ) ) ;
#5265 = EDGE_CURVE ( 'NONE', #2215, #2588, #5987, .T. ) ;
#5266 = DIRECTION ( 'NONE',  ( 0.000000000000000000, 0.000000000000000000, 1.000000000000000000 ) ) ;
#5267 = LINE ( 'NONE', #469, #7064 ) ;
#5268 = ORIENTED_EDGE ( 'NONE', *, *, #4820, .T. ) ;
#5269 = ORIENTED_EDGE ( 'NONE', *, *, #5516, .T. ) ;
#5270 = B_SPLINE_CURVE_WITH_KNOTS ( 'NONE', 3,
 ( #2148, #509, #1514, #2912, #331, #4718, #6982, #3967 ),
 .UNSPECIFIED., .F., .F.,
 ( 4, 2, 2, 4 ),
 ( 0.000000000000000000, 0.2499999999999997224, 0.4999999999999994449, 1.000000000000000000 ),
 .UNSPECIFIED. ) ;
#5271 = DIRECTION ( 'NONE',  ( 0.000000000000000000, 0.000000000000000000, 1.000000000000000000 ) ) ;
#5272 = DIRECTION ( 'NONE',  ( 1.000000000000000000, 0.000000000000000000, 0.000000000000000000 ) ) ;
#5273 = LINE ( 'NONE', #6245, #5231 ) ;
#5274 = ADVANCED_FACE ( 'NONE', ( #6545 ), #7167, .F. ) ;
#5275 = DIRECTION ( 'NONE',  ( 0.000000000000000000, 0.000000000000000000, -1.000000000000000000 ) ) ;
#5276 = CARTESIAN_POINT ( 'NONE',  ( -0.07458553926759384223, 0.03003382268297973001, -0.04639636208735239964 ) ) ;
#5277 = ORIENTED_EDGE ( 'NONE', *, *, #4217, .F. ) ;
#5278 = ORIENTED_EDGE ( 'NONE', *, *, #4327, .T. ) ;
#5279 = CYLINDRICAL_SURFACE ( 'NONE', #3198, 0.003937007874015745375 ) ;
#5280 = CARTESIAN_POINT ( 'NONE',  ( 0.08728965698918823846, 0.001968503937007873555, 0.01870078740157480462 ) ) ;
#5281 = DIRECTION ( 'NONE',  ( 0.000000000000000000, -1.000000000000000000, 0.000000000000000000 ) ) ;
#5282 = EDGE_CURVE ( 'NONE', #3824, #5482, #2006, .T. ) ;
#5283 = LINE ( 'NONE', #3446, #3931 ) ;
#5284 = EDGE_CURVE ( 'NONE', #267, #5074, #3560, .T. ) ;
#5285 = CARTESIAN_POINT ( 'NONE',  ( 0.03976576796609576636, 0.04330708661417322081, -0.07038850258441092800 ) ) ;
#5286 = EDGE_LOOP ( 'NONE', ( #1154, #5306, #4585, #1356, #2726, #623, #2735, #4563 ) ) ;
#5287 = CARTESIAN_POINT ( 'NONE',  ( -0.07874015748031494566, 0.02755905511811022543, 0.04811742286199992280 ) ) ;
#5288 = VECTOR ( 'NONE', #3026, 39.37007874015748143 ) ;
#5289 = ORIENTED_EDGE ( 'NONE', *, *, #7314, .T. ) ;
#5290 = DIRECTION ( 'NONE',  ( 0.000000000000000000, 0.000000000000000000, 1.000000000000000000 ) ) ;
#5291 = AXIS2_PLACEMENT_3D ( 'NONE', #4369, #6790, #3762 ) ;
#5292 = CARTESIAN_POINT ( 'NONE',  ( 0.06331663509238939780, 0.03149606299212598381, -0.08603106008497583834 ) ) ;
#5293 = EDGE_CURVE ( 'NONE', #3630, #2083, #4850, .T. ) ;
#5294 = VERTEX_POINT ( 'NONE', #6512 ) ;
#5295 = CARTESIAN_POINT ( 'NONE',  ( -0.04639660822200536439, 0.03190852425293756039, -0.07804775513994748060 ) ) ;
#5296 = EDGE_LOOP ( 'NONE', ( #2003, #3146, #4694, #3095, #3327, #7494, #3211, #7831, #4794, #7275, #1980, #437 ) ) ;
#5297 = CARTESIAN_POINT ( 'NONE',  ( -0.04708567606474321765, 0.03161126890372196324, 0.07832508955528226513 ) ) ;
#5298 = AXIS2_PLACEMENT_3D ( 'NONE', #6968, #5662, #1542 ) ;
#5299 = CARTESIAN_POINT ( 'NONE',  ( 0.04573436257871818511, 0.03486103293681053900, -0.07644895272630081173 ) ) ;
#5300 = CARTESIAN_POINT ( 'NONE',  ( -0.1023622047244094613, 0.005905511811023621965, -0.01476377952755905838 ) ) ;
#5301 = ORIENTED_EDGE ( 'NONE', *, *, #7608, .F. ) ;
#5302 = LINE ( 'NONE', #5783, #6180 ) ;
#5303 = CARTESIAN_POINT ( 'NONE',  ( -0.04351999302633951378, 0.04469496946141586491, 0.07112381294362511708 ) ) ;
#5304 = CARTESIAN_POINT ( 'NONE',  ( -0.05118110236220469594, 0.01181102362204724567, 0.09842519685039370636 ) ) ;
#5305 = VECTOR ( 'NONE', #4427, 39.37007874015748143 ) ;
#5306 = ORIENTED_EDGE ( 'NONE', *, *, #5016, .T. ) ;
#5307 = DIRECTION ( 'NONE',  ( 0.000000000000000000, -1.000000000000000000, 0.000000000000000000 ) ) ;
#5308 = CARTESIAN_POINT ( 'NONE',  ( -0.07108354790047263783, 0.04476932692331947461, -0.04351193913223801862 ) ) ;
#5309 = CARTESIAN_POINT ( 'NONE',  ( -0.04349625577650764741, 0.04516878170851746505, 0.07086724056894620760 ) ) ;
#5310 = CARTESIAN_POINT ( 'NONE',  ( 0.04656654295303018498, 0.02936772777996395425, -0.07499921775864014373 ) ) ;
#5311 = DIRECTION ( 'NONE',  ( 1.000000000000000000, 0.000000000000000000, 0.000000000000000000 ) ) ;
#5312 = CARTESIAN_POINT ( 'NONE',  ( 0.06748035307233443691, 0.04315534825624279397, 0.04811742286199988117 ) ) ;
#5313 = VECTOR ( 'NONE', #2970, 39.37007874015748143 ) ;
#5314 = ORIENTED_EDGE ( 'NONE', *, *, #6654, .F. ) ;
#5315 = VERTEX_POINT ( 'NONE', #4683 ) ;
#5316 = DIRECTION ( 'NONE',  ( -1.000000000000000000, 0.000000000000000000, 0.000000000000000000 ) ) ;
#5317 = ADVANCED_FACE ( 'NONE', ( #5352 ), #7087, .F. ) ;
#5318 = CARTESIAN_POINT ( 'NONE',  ( -0.06889763779527559306, 0.01574803149606299191, -0.06299212598425198151 ) ) ;
#5319 = CARTESIAN_POINT ( 'NONE',  ( -0.09645669291338584972, 0.03149606299212598381, 0.05880887093013065225 ) ) ;
#5320 = CYLINDRICAL_SURFACE ( 'NONE', #7355, 0.01072812687502424332 ) ;
#5321 = CARTESIAN_POINT ( 'NONE',  ( 0.1164233781010027974, -1.600692183787654230E-18, -0.06299212598425198151 ) ) ;
#5322 = EDGE_LOOP ( 'NONE', ( #530, #256, #4816, #3541, #1191, #2564 ) ) ;
#5323 = CARTESIAN_POINT ( 'NONE',  ( -0.06722562855845441721, 0.04330708661417322775, -0.04811742286199990892 ) ) ;
#5324 = VECTOR ( 'NONE', #7285, 39.37007874015748143 ) ;
#5325 = ORIENTED_EDGE ( 'NONE', *, *, #4666, .T. ) ;
#5326 = CARTESIAN_POINT ( 'NONE',  ( 0.1023622047244094613, 0.007874015748031497688, -0.01870078740157480462 ) ) ;
#5327 = EDGE_CURVE ( 'NONE', #2496, #4769, #4725, .T. ) ;
#5328 = CARTESIAN_POINT ( 'NONE',  ( -0.04608770172981516144, 0.03967902848520004494, -0.07383997719516048608 ) ) ;
#5329 = EDGE_CURVE ( 'NONE', #2118, #1777, #5944, .T. ) ;
#5330 = PLANE ( 'NONE',  #4551 ) ;
#5331 = AXIS2_PLACEMENT_3D ( 'NONE', #6909, #3765, #5547 ) ;
#5332 = CARTESIAN_POINT ( 'NONE',  ( -0.07605478723426213616, 0.03371638490757852824, 0.04843911828608704617 ) ) ;
#5333 = ORIENTED_EDGE ( 'NONE', *, *, #6370, .T. ) ;
#5334 = ORIENTED_EDGE ( 'NONE', *, *, #6175, .F. ) ;
#5335 = DIRECTION ( 'NONE',  ( 1.000000000000000000, 0.000000000000000000, 0.000000000000000000 ) ) ;
#5336 = CIRCLE ( 'NONE', #1917, 0.006467032068879520305 ) ;
#5337 = CARTESIAN_POINT ( 'NONE',  ( 0.04600005259978811462, 0.04459054118528223837, -0.07016636177488004555 ) ) ;
#5338 = EDGE_CURVE ( 'NONE', #7148, #2954, #7208, .T. ) ;
#5339 = DIRECTION ( 'NONE',  ( 0.000000000000000000, 0.000000000000000000, -1.000000000000000000 ) ) ;
#5340 = CARTESIAN_POINT ( 'NONE',  ( 0.09842519685039370636, 0.005905511811023621965, 0.02263779527559055260 ) ) ;
#5341 = AXIS2_PLACEMENT_3D ( 'NONE', #3874, #2639, #5659 ) ;
#5342 = CARTESIAN_POINT ( 'NONE',  ( -0.09842519685039370636, 0.001968503937007873555, 0.01476377952755905665 ) ) ;
#5343 = ORIENTED_EDGE ( 'NONE', *, *, #1420, .F. ) ;
#5344 = FACE_OUTER_BOUND ( 'NONE', #1671, .T. ) ;
#5345 = ORIENTED_EDGE ( 'NONE', *, *, #1783, .F. ) ;
#5346 = VERTEX_POINT ( 'NONE', #6628 ) ;
#5347 = CARTESIAN_POINT ( 'NONE',  ( -0.04189684974448616706, 0.03860769112990099922, -0.07251958436280110665 ) ) ;
#5348 = EDGE_CURVE ( 'NONE', #6310, #6918, #1422, .T. ) ;
#5349 = AXIS2_PLACEMENT_3D ( 'NONE', #2349, #6534, #3592 ) ;
#5350 = CARTESIAN_POINT ( 'NONE',  ( 0.07825055509013162380, 0.03190852425293756733, -0.04762782047181666339 ) ) ;
#5351 = DIRECTION ( 'NONE',  ( -5.706327223607917555E-17, -1.000000000000000000, 0.000000000000000000 ) ) ;
#5352 = FACE_OUTER_BOUND ( 'NONE', #5520, .T. ) ;
#5353 = CARTESIAN_POINT ( 'NONE',  ( -0.07525163254471342600, 0.03707212431579451350, 0.04523841632100158300 ) ) ;
#5354 = VECTOR ( 'NONE', #1120, 39.37007874015748854 ) ;
#5355 = CARTESIAN_POINT ( 'NONE',  ( 0.06994293861179345928, 0.03860769112990099922, -0.04811742286199995056 ) ) ;
#5356 = VERTEX_POINT ( 'NONE', #2404 ) ;
#5357 = EDGE_LOOP ( 'NONE', ( #1827, #145, #5418, #537 ) ) ;
#5358 = CARTESIAN_POINT ( 'NONE',  ( 0.07874015748031494566, 0.03149606299212598381, 0.04811742286199992280 ) ) ;
#5359 = CARTESIAN_POINT ( 'NONE',  ( 0.04788874997535615824, 0.03617010768134482079, -0.07472608059419513782 ) ) ;
#5360 = AXIS2_PLACEMENT_3D ( 'NONE', #606, #648, #5439 ) ;
#5361 = DIRECTION ( 'NONE',  ( -1.000000000000000000, -5.706327223607917555E-17, 0.000000000000000000 ) ) ;
#5362 = DIRECTION ( 'NONE',  ( 0.000000000000000000, 0.000000000000000000, -1.000000000000000000 ) ) ;
#5363 =( BOUNDED_SURFACE ( )  B_SPLINE_SURFACE ( 3, 2, ( 
 ( #2051, #853, #2668 ),
 ( #5177, #1491, #5773 ),
 ( #3265, #7590, #193 ),
 ( #775, #2628, #6295 ),
 ( #7436, #6253, #5073 ),
 ( #3223, #3181, #6998 ),
 ( #7523, #5608, #7480 ),
 ( #5109, #3821, #2587 ),
 ( #4592, #4474, #6843 ),
 ( #7553, #1570, #1414 ),
 ( #231, #2090, #6921 ),
 ( #3903, #347, #3863 ),
 ( #4511, #5648, #5033 ),
 ( #6335, #6957, #2009 ),
 ( #891, #3301, #6885 ),
 ( #1453, #5142, #4429 ),
 ( #5737, #313, #5696 ),
 ( #2739, #2706, #2123 ),
 ( #3945, #6377, #931 ),
 ( #3343, #536, #5332 ),
 ( #2938, #5259, #3495 ),
 ( #3538, #7033, #6489 ),
 ( #1001, #4629, #2265 ),
 ( #2780, #2820, #1604 ),
 ( #384, #4096, #1716 ),
 ( #4783, #7146, #6528 ),
 ( #7737, #4132, #1084 ),
 ( #7666, #1045, #5887 ) ),
 .UNSPECIFIED., .F., .F., .F. ) 
 B_SPLINE_SURFACE_WITH_KNOTS ( ( 4, 2, 2, 2, 2, 2, 2, 2, 2, 2, 2, 2, 2, 4 ),
 ( 3, 3 ),
 ( -1.063933455262624482E-06, 1.565402539758793920E-05, 1.983351511080057986E-05, 2.192325996740690188E-05, 2.401300482401322052E-05, 3.237198425043850183E-05, 6.580790195613963386E-05, 0.0001326797373675418844, 0.0002664234081903463854, 0.0003332952436017486359, 0.0003667311613074497882, 0.0003834491201603003373, 0.0004001670790131509406, 0.0005339107498359554416 ),
 ( 0.000000000000000000, 1.000000000000000000 ),
 .UNSPECIFIED. ) 
 GEOMETRIC_REPRESENTATION_ITEM ( )  RATIONAL_B_SPLINE_SURFACE ( (
 ( 1.000000000000000000, 1.000000000000000000, 1.000000000000000000),
 ( 1.000000000000000000, 1.000778839725174008, 1.000000000000000000),
 ( 1.000000000000000000, 0.9831714200816266125, 1.000000000000000000),
 ( 1.000000000000000000, 0.9575031771746067566, 1.000000000000000000),
 ( 1.000000000000000000, 0.9523297387301196126, 1.000000000000000000),
 ( 1.000000000000000000, 0.9451074485486233856, 1.000000000000000000),
 ( 1.000000000000000000, 0.9424202236307446245, 1.000000000000000000),
 ( 1.000000000000000000, 0.9409373826777056582, 1.000000000000000000),
 ( 1.000000000000000000, 0.9416788031542251414, 1.000000000000000000),
 ( 1.000000000000000000, 0.9416788031542251414, 1.000000000000000000),
 ( 1.000000000000000000, 0.9416788031542248083, 1.000000000000000000),
 ( 1.000000000000000000, 0.9416788031542248083, 1.000000000000000000),
 ( 1.000000000000000000, 0.9416788031542250303, 1.000000000000000000),
 ( 1.000000000000000000, 0.9416788031542250303, 1.000000000000000000),
 ( 1.000000000000000000, 0.9416788031542243642, 1.000000000000000000),
 ( 1.000000000000000000, 0.9416788031542243642, 1.000000000000000000),
 ( 1.000000000000000000, 0.9416788031542251414, 1.000000000000000000),
 ( 1.000000000000000000, 0.9416788031542251414, 1.000000000000000000),
 ( 1.000000000000000000, 0.9416788031542244752, 1.000000000000000000),
 ( 1.000000000000000000, 0.9416788031542244752, 1.000000000000000000),
 ( 1.000000000000000000, 0.9416788031542246973, 1.000000000000000000),
 ( 1.000000000000000000, 0.9416788031542246973, 1.000000000000000000),
 ( 1.000000000000000000, 0.9416788031542249193, 1.000000000000000000),
 ( 1.000000000000000000, 0.9416788031542249193, 1.000000000000000000),
 ( 1.000000000000000000, 0.9401967835573277199, 1.000000000000000000),
 ( 1.000000000000000000, 0.9678184218304443087, 1.000000000000000000),
 ( 1.000000000000000000, 1.002301645695579335, 1.000000000000000000),
 ( 1.000000000000000000, 1.000000000000000000, 1.000000000000000000) ) ) 
 REPRESENTATION_ITEM ( '' )  SURFACE ( )  );
#5364 = ORIENTED_EDGE ( 'NONE', *, *, #66, .T. ) ;
#5365 = DIRECTION ( 'NONE',  ( 0.5370986485132710486, -0.8435194376925865267, 0.000000000000000000 ) ) ;
#5366 = ORIENTED_EDGE ( 'NONE', *, *, #7679, .F. ) ;
#5367 = CARTESIAN_POINT ( 'NONE',  ( -0.04594249379886582857, 0.04481996858434143111, -0.07004822375984251503 ) ) ;
#5368 = DIRECTION ( 'NONE',  ( 0.000000000000000000, 0.000000000000000000, -1.000000000000000000 ) ) ;
#5369 = LINE ( 'NONE', #6568, #918 ) ;
#5370 = EDGE_LOOP ( 'NONE', ( #3897, #4760, #4232, #1438 ) ) ;
#5371 = EDGE_CURVE ( 'NONE', #5068, #5198, #4846, .T. ) ;
#5372 = CARTESIAN_POINT ( 'NONE',  ( -0.04697620710987570475, 0.04023852362646643949, 0.07252300723210539091 ) ) ;
#5373 = ORIENTED_EDGE ( 'NONE', *, *, #4960, .T. ) ;
#5374 = CARTESIAN_POINT ( 'NONE',  ( 0.06692913385826772255, 0.04724409448818895491, 0.04322513669223893712 ) ) ;
#5375 = CARTESIAN_POINT ( 'NONE',  ( 0.04737142051207816895, 0.03395578833904029648, -0.07693914848957200681 ) ) ;
#5376 = LINE ( 'NONE', #1723, #5812 ) ;
#5377 = CARTESIAN_POINT ( 'NONE',  ( -0.04639636208735228862, 0.03003382268297973001, 0.07458553926759389774 ) ) ;
#5378 = EDGE_CURVE ( 'NONE', #2044, #4779, #6460, .T. ) ;
#5379 = LINE ( 'NONE', #1129, #238 ) ;
#5380 = EDGE_CURVE ( 'NONE', #7793, #717, #4441, .T. ) ;
#5381 = ORIENTED_EDGE ( 'NONE', *, *, #1410, .F. ) ;
#5382 = CARTESIAN_POINT ( 'NONE',  ( 0.04595995108315448913, 0.04476932692331947461, 0.07006954814955164423 ) ) ;
#5383 = VERTEX_POINT ( 'NONE', #1941 ) ;
#5384 = B_SPLINE_CURVE_WITH_KNOTS ( 'NONE', 3,
 ( #5377, #2948, #5227, #4026, #6616, #3504, #5930, #7789, #7197, #4186 ),
 .UNSPECIFIED., .F., .F.,
 ( 4, 2, 2, 2, 4 ),
 ( 0.7444130222866816027, 0.8083097667150112020, 0.8722065111433408013, 0.9361032555716704007, 1.000000000000000000 ),
 .UNSPECIFIED. ) ;
#5385 = CARTESIAN_POINT ( 'NONE',  ( 0.07272712764953224995, 0.04633366434060631062, -0.04210439303121728261 ) ) ;
#5386 = CARTESIAN_POINT ( 'NONE',  ( 0.09842519685039370636, 0.007874015748031497688, -0.01870078740157480462 ) ) ;
#5387 = CARTESIAN_POINT ( 'NONE',  ( -0.05511811023622046474, 0.03149606299212598381, 0.1023622047244094613 ) ) ;
#5388 = CARTESIAN_POINT ( 'NONE',  ( 0.07105072303018984681, 0.04482994461674413150, -0.04493235482577919576 ) ) ;
#5389 = EDGE_CURVE ( 'NONE', #2860, #6434, #2476, .T. ) ;
#5390 = CARTESIAN_POINT ( 'NONE',  ( 0.06722562855845445884, 0.04330708661417322775, -0.04811742286199992280 ) ) ;
#5391 = ORIENTED_EDGE ( 'NONE', *, *, #2983, .T. ) ;
#5392 = CARTESIAN_POINT ( 'NONE',  ( 0.05118110236220469594, 0.01181102362204724567, 0.09842519685039370636 ) ) ;
#5393 = CARTESIAN_POINT ( 'NONE',  ( -0.04398719208656570040, 0.04724409448818895491, -0.06780420960500210814 ) ) ;
#5394 = CARTESIAN_POINT ( 'NONE',  ( -0.04811742286199997137, 0.04724409448818898266, -0.06692913385826773642 ) ) ;
#5395 = B_SPLINE_CURVE_WITH_KNOTS ( 'NONE', 3,
 ( #504, #4674, #6499, #7155, #1762, #7750 ),
 .UNSPECIFIED., .F., .F.,
 ( 4, 2, 4 ),
 ( 0.000000000000000000, 0.5000000000000000000, 1.000000000000000000 ),
 .UNSPECIFIED. ) ;
#5396 = FACE_OUTER_BOUND ( 'NONE', #4455, .T. ) ;
#5397 = VERTEX_POINT ( 'NONE', #84 ) ;
#5398 = CARTESIAN_POINT ( 'NONE',  ( 0.07458553926759391162, 0.03003382268297973001, 0.04639636208735160861 ) ) ;
#5399 = ORIENTED_EDGE ( 'NONE', *, *, #6750, .F. ) ;
#5400 =( NAMED_UNIT ( * ) PLANE_ANGLE_UNIT ( ) SI_UNIT ( $, .RADIAN. ) );
#5401 = CARTESIAN_POINT ( 'NONE',  ( -0.04633343134377398975, 0.03219018753526926152, -0.07789523266369287324 ) ) ;
#5402 = CARTESIAN_POINT ( 'NONE',  ( 0.04729827275584420898, 0.02796622625178925292, 0.07676292324047967464 ) ) ;
#5403 = DIRECTION ( 'NONE',  ( -1.000000000000000000, -0.000000000000000000, -1.355252715606880789E-16 ) ) ;
#5404 = CARTESIAN_POINT ( 'NONE',  ( -0.06889763779527559306, 0.009842519685039369942, 0.06299212598425198151 ) ) ;
#5405 = ORIENTED_EDGE ( 'NONE', *, *, #4363, .F. ) ;
#5406 = CARTESIAN_POINT ( 'NONE',  ( -0.04884454121934298648, 0.03190884992229307132, 0.07703323971656596270 ) ) ;
#5407 = ORIENTED_EDGE ( 'NONE', *, *, #1562, .T. ) ;
#5408 = CARTESIAN_POINT ( 'NONE',  ( 0.06997942780049476452, 0.04498199997437880848, 0.04588147192311471667 ) ) ;
#5409 = SURFACE_SIDE_STYLE ('',( #2463 ) ) ;
#5410 = CARTESIAN_POINT ( 'NONE',  ( 0.04594249379886580775, 0.04481996858434147274, -0.07004822375984252891 ) ) ;
#5411 = VECTOR ( 'NONE', #6845, 39.37007874015748143 ) ;
#5412 = CARTESIAN_POINT ( 'NONE',  ( -0.1062992125984252023, 0.009280999427183432571, 0.08267716535433072833 ) ) ;
#5413 = DIRECTION ( 'NONE',  ( 0.000000000000000000, 0.000000000000000000, 1.000000000000000000 ) ) ;
#5414 = VERTEX_POINT ( 'NONE', #3835 ) ;
#5415 = PLANE ( 'NONE',  #3118 ) ;
#5416 = VERTEX_POINT ( 'NONE', #1383 ) ;
#5417 = CARTESIAN_POINT ( 'NONE',  ( 0.1062992125984252023, 0.009280999427183432571, -0.08267716535433072833 ) ) ;
#5418 = ORIENTED_EDGE ( 'NONE', *, *, #3567, .F. ) ;
#5419 = ORIENTED_EDGE ( 'NONE', *, *, #6607, .T. ) ;
#5420 = CARTESIAN_POINT ( 'NONE',  ( 0.09645669291338584972, 0.02755905511811023584, 0.05511811023622045780 ) ) ;
#5421 = EDGE_CURVE ( 'NONE', #5864, #4698, #785, .T. ) ;
#5422 = ADVANCED_FACE ( 'NONE', ( #5621 ), #3075, .F. ) ;
#5423 = AXIS2_PLACEMENT_3D ( 'NONE', #7455, #6234, #129 ) ;
#5424 = CARTESIAN_POINT ( 'NONE',  ( 0.04529384593915532914, 0.04616705438962015462, -0.06928047423727531906 ) ) ;
#5425 = CARTESIAN_POINT ( 'NONE',  ( -0.04330505417268782492, 0.04724409448818897572, -0.06808676104914813954 ) ) ;
#5426 = CARTESIAN_POINT ( 'NONE',  ( 0.07295561593984983828, 0.03943962505373885957, -0.04715539950382476031 ) ) ;
#5427 = VECTOR ( 'NONE', #2903, 39.37007874015748854 ) ;
#5428 = ORIENTED_EDGE ( 'NONE', *, *, #667, .T. ) ;
#5429 = LINE ( 'NONE', #5358, #4088 ) ;
#5430 = ADVANCED_FACE ( 'NONE', ( #1976 ), #1342, .F. ) ;
#5431 = VECTOR ( 'NONE', #6689, 39.37007874015748143 ) ;
#5432 = CARTESIAN_POINT ( 'NONE',  ( -0.1259842519685039353, -1.574803884209003054E-18, 0.06299212598425198151 ) ) ;
#5433 = LINE ( 'NONE', #1273, #5206 ) ;
#5434 = CARTESIAN_POINT ( 'NONE',  ( -0.09645669291338584972, 0.02755905511811023584, -0.05880887093013063144 ) ) ;
#5435 = ORIENTED_EDGE ( 'NONE', *, *, #6594, .T. ) ;
#5436 = CARTESIAN_POINT ( 'NONE',  ( 0.06859813918599189098, 0.04702332683964680071, -0.04334037130671940935 ) ) ;
#5437 = VERTEX_POINT ( 'NONE', #6854 ) ;
#5438 = CARTESIAN_POINT ( 'NONE',  ( 0.09645669291338584972, 0.03149606299212598381, -0.05880887093013063144 ) ) ;
#5439 = DIRECTION ( 'NONE',  ( 0.000000000000000000, 0.000000000000000000, -1.000000000000000000 ) ) ;
#5440 = AXIS2_PLACEMENT_3D ( 'NONE', #4737, #5881, #1035 ) ;
#5441 = B_SPLINE_CURVE_WITH_KNOTS ( 'NONE', 3,
 ( #2940, #5406, #6196, #7739, #612, #7191, #6609, #7384, #1986, #5544, #1756, #7821, #3584, #5372, #3163, #6571, #6010, #1953, #1718 ),
 .UNSPECIFIED., .F., .F.,
 ( 4, 3, 3, 3, 3, 3, 4 ),
 ( -4.686221217517480550E-08, -6.617444900424221399E-24, 1.756499305425405225E-05, 9.886359225695860980E-05, 0.0001785335741837340399, 0.0003785335741837341037, 0.0003785935741837340726 ),
 .UNSPECIFIED. ) ;
#5442 = EDGE_CURVE ( 'NONE', #1932, #7147, #3111, .T. ) ;
#5443 = PLANE ( 'NONE',  #3912 ) ;
#5444 = DIRECTION ( 'NONE',  ( 0.000000000000000000, -1.000000000000000000, 0.000000000000000000 ) ) ;
#5445 = VERTEX_POINT ( 'NONE', #7372 ) ;
#5446 = ORIENTED_EDGE ( 'NONE', *, *, #6453, .T. ) ;
#5447 = CARTESIAN_POINT ( 'NONE',  ( 4.821444091131311524E-18, 0.02755905511811023584, 0.03937007874015747977 ) ) ;
#5448 = CARTESIAN_POINT ( 'NONE',  ( -0.06496062992125986590, 0.000000000000000000, 0.02657480314960630405 ) ) ;
#5449 = CARTESIAN_POINT ( 'NONE',  ( 0.09842519685039370636, 0.005905511811023621965, -0.02263779527559055260 ) ) ;
#5450 = TOROIDAL_SURFACE ( 'NONE', #5202, 0.03740157480314960925, 0.001968503937007873988 ) ;
#5451 = CARTESIAN_POINT ( 'NONE',  ( 0.05511811023622046474, 0.02755905511811023584, 0.09842519685039370636 ) ) ;
#5452 = CARTESIAN_POINT ( 'NONE',  ( -0.04811742286199997831, 0.03164780135005641065, -0.07818893826624825905 ) ) ;
#5453 = DIRECTION ( 'NONE',  ( 0.000000000000000000, 0.000000000000000000, -1.000000000000000000 ) ) ;
#5454 = EDGE_LOOP ( 'NONE', ( #5529, #4516, #3707, #1615 ) ) ;
#5455 = PLANE ( 'NONE',  #4823 ) ;
#5456 = AXIS2_PLACEMENT_3D ( 'NONE', #4494, #6905, #1471 ) ;
#5457 = ORIENTED_EDGE ( 'NONE', *, *, #932, .T. ) ;
#5458 = PRESENTATION_STYLE_ASSIGNMENT (( #1298 ) ) ;
#5459 = ORIENTED_EDGE ( 'NONE', *, *, #2427, .T. ) ;
#5460 = CARTESIAN_POINT ( 'NONE',  ( -0.07038850258441092800, 0.04724409448818895491, -0.03976576796609573861 ) ) ;
#5461 = CARTESIAN_POINT ( 'NONE',  ( 0.04210439303121717158, 0.04633366434060631062, -0.07272712764953233322 ) ) ;
#5462 = VECTOR ( 'NONE', #1441, 39.37007874015748143 ) ;
#5463 = CARTESIAN_POINT ( 'NONE',  ( 0.08659019213609440990, 0.02755905511811023584, -0.05880887093013063144 ) ) ;
#5464 = PLANE ( 'NONE',  #2290 ) ;
#5465 = CARTESIAN_POINT ( 'NONE',  ( 0.07004822375984247340, 0.04481996858434147274, -0.04594249379886587020 ) ) ;
#5466 = DIRECTION ( 'NONE',  ( 0.000000000000000000, -1.000000000000000000, 0.000000000000000000 ) ) ;
#5467 = EDGE_CURVE ( 'NONE', #5153, #2673, #6226, .T. ) ;
#5468 = EDGE_CURVE ( 'NONE', #3027, #294, #3228, .T. ) ;
#5469 = VERTEX_POINT ( 'NONE', #3195 ) ;
#5470 = AXIS2_PLACEMENT_3D ( 'NONE', #5995, #5281, #4121 ) ;
#5471 = VERTEX_POINT ( 'NONE', #203 ) ;
#5472 = CARTESIAN_POINT ( 'NONE',  ( -0.07677165354330711677, 0.005905511811023621965, 0.02263779527559055954 ) ) ;
#5473 = CARTESIAN_POINT ( 'NONE',  ( 0.1259842519685039353, -1.574803884209003054E-18, 0.06299212598425198151 ) ) ;
#5474 = CARTESIAN_POINT ( 'NONE',  ( 0.06692913385826772255, 0.04724409448818895491, 0.04811742286199987423 ) ) ;
#5475 = AXIS2_PLACEMENT_3D ( 'NONE', #4112, #6509, #5942 ) ;
#5476 = PLANE ( 'NONE',  #4583 ) ;
#5477 = DIRECTION ( 'NONE',  ( 0.000000000000000000, 1.000000000000000000, 0.000000000000000000 ) ) ;
#5478 = EDGE_CURVE ( 'NONE', #2964, #246, #2179, .T. ) ;
#5479 = ADVANCED_FACE ( 'NONE', ( #6266 ), #5464, .T. ) ;
#5480 = VERTEX_POINT ( 'NONE', #1262 ) ;
#5481 = CARTESIAN_POINT ( 'NONE',  ( 0.04348829089306126966, 0.04530286551456561006, 0.07074672248284545606 ) ) ;
#5482 = VERTEX_POINT ( 'NONE', #6109 ) ;
#5483 = VECTOR ( 'NONE', #2895, 39.37007874015748143 ) ;
#5484 = FILL_AREA_STYLE_COLOUR ( '', #1307 ) ;
#5485 = CARTESIAN_POINT ( 'NONE',  ( 0.04811742286199990892, 0.04048239269985884348, 0.07340495031363095113 ) ) ;
#5486 = VECTOR ( 'NONE', #7216, 39.37007874015748854 ) ;
#5487 = CARTESIAN_POINT ( 'NONE',  ( 0.04351209150207522441, 0.04476864760851667624, 0.07108391575380107463 ) ) ;
#5488 = EDGE_CURVE ( 'NONE', #5999, #2044, #6743, .T. ) ;
#5489 = ORIENTED_EDGE ( 'NONE', *, *, #5108, .F. ) ;
#5490 = CARTESIAN_POINT ( 'NONE',  ( 0.06692913385826773642, 0.04724409448818895491, 0.04322513669223893712 ) ) ;
#5491 = CARTESIAN_POINT ( 'NONE',  ( 0.04637490382785311449, 0.03192330889089442514, -0.07803902177287927455 ) ) ;
#5492 = CARTESIAN_POINT ( 'NONE',  ( -0.04811742286199997137, 0.04724409448818895491, -0.06692913385826773642 ) ) ;
#5493 = ORIENTED_EDGE ( 'NONE', *, *, #3385, .T. ) ;
#5494 = CARTESIAN_POINT ( 'NONE',  ( -0.06496062992125986590, 0.005905511811023621965, 0.02657480314960630405 ) ) ;
#5495 = ORIENTED_EDGE ( 'NONE', *, *, #2985, .T. ) ;
#5496 = DIRECTION ( 'NONE',  ( 0.7071067811865476838, 0.000000000000000000, 0.7071067811865473507 ) ) ;
#5497 = EDGE_LOOP ( 'NONE', ( #1449, #2124, #7515, #4906 ) ) ;
#5498 = EDGE_LOOP ( 'NONE', ( #933, #2149, #3313, #3071 ) ) ;
#5499 = CARTESIAN_POINT ( 'NONE',  ( -0.09799433656553215022, 0.006644926756530214994, -0.01477557654197743375 ) ) ;
#5500 = CARTESIAN_POINT ( 'NONE',  ( 0.07849725697100810862, 0.03152356947971331202, 0.04751391821395425236 ) ) ;
#5501 = PLANE ( 'NONE',  #6112 ) ;
#5502 = CARTESIAN_POINT ( 'NONE',  ( -0.07348851562114601388, 0.03206007347552389253, -0.04594212157920590789 ) ) ;
#5503 = CARTESIAN_POINT ( 'NONE',  ( -0.08728965698918823846, 0.001968503937007873555, 0.01870078740157480462 ) ) ;
#5504 = ORIENTED_EDGE ( 'NONE', *, *, #3222, .F. ) ;
#5505 = ORIENTED_EDGE ( 'NONE', *, *, #3567, .T. ) ;
#5506 = DIRECTION ( 'NONE',  ( 0.000000000000000000, -1.000000000000000000, 0.000000000000000000 ) ) ;
#5507 = DIRECTION ( 'NONE',  ( -0.000000000000000000, -1.000000000000000000, -0.000000000000000000 ) ) ;
#5508 = CARTESIAN_POINT ( 'NONE',  ( 0.09842519685039370636, 0.01181102362204724567, -0.01870078740157483238 ) ) ;
#5509 = DIRECTION ( 'NONE',  ( -0.5370986485132710486, -0.8435194376925865267, -0.000000000000000000 ) ) ;
#5510 = ORIENTED_EDGE ( 'NONE', *, *, #7026, .T. ) ;
#5511 = CYLINDRICAL_SURFACE ( 'NONE', #6475, 0.01072812687502424332 ) ;
#5512 = VERTEX_POINT ( 'NONE', #6896 ) ;
#5513 = CARTESIAN_POINT ( 'NONE',  ( 0.04740228562803820711, 0.03833892558812828505, 0.07355165176928921134 ) ) ;
#5514 = DIRECTION ( 'NONE',  ( 0.000000000000000000, 0.000000000000000000, -1.000000000000000000 ) ) ;
#5515 = EDGE_CURVE ( 'NONE', #6631, #711, #7491, .T. ) ;
#5516 = EDGE_CURVE ( 'NONE', #4049, #1598, #33, .T. ) ;
#5517 = CARTESIAN_POINT ( 'NONE',  ( -0.06962676035647344386, 0.04563202121754634383, -0.04557435191066687430 ) ) ;
#5518 = DIRECTION ( 'NONE',  ( 0.000000000000000000, 0.000000000000000000, -1.000000000000000000 ) ) ;
#5519 = CARTESIAN_POINT ( 'NONE',  ( 0.04348544396992821276, 0.04538425365438047976, 0.07069972069918713242 ) ) ;
#5520 = EDGE_LOOP ( 'NONE', ( #748, #5241, #6021, #6361, #6105, #866, #3572 ) ) ;
#5521 = CARTESIAN_POINT ( 'NONE',  ( 0.06912003441783211299, 0.04689584721416577284, 0.04413263741782141869 ) ) ;
#5522 = CARTESIAN_POINT ( 'NONE',  ( -0.05511811023622047168, 0.02755905511811023584, -0.09645669291338584972 ) ) ;
#5523 = EDGE_CURVE ( 'NONE', #4777, #3466, #243, .T. ) ;
#5524 = CARTESIAN_POINT ( 'NONE',  ( 0.04811742286199983953, 0.03149606299212599075, -0.07844366278012823712 ) ) ;
#5525 = VERTEX_POINT ( 'NONE', #7137 ) ;
#5526 = DIRECTION ( 'NONE',  ( 0.000000000000000000, 1.000000000000000000, 0.000000000000000000 ) ) ;
#5527 = EDGE_LOOP ( 'NONE', ( #6992, #361, #6483, #4998, #1018, #7117, #7192, #2321, #5593, #87, #1870, #7203, #1632, #1397, #1003, #1651 ) ) ;
#5528 = DIRECTION ( 'NONE',  ( -1.000000000000000000, 0.000000000000000000, 0.000000000000000000 ) ) ;
#5529 = ORIENTED_EDGE ( 'NONE', *, *, #6312, .F. ) ;
#5530 = AXIS2_PLACEMENT_3D ( 'NONE', #7255, #3604, #1818 ) ;
#5531 = VERTEX_POINT ( 'NONE', #2927 ) ;
#5532 = CARTESIAN_POINT ( 'NONE',  ( -0.09688773705615985610, 0.005941072410432087988, 0.01491252979083755939 ) ) ;
#5533 = CARTESIAN_POINT ( 'NONE',  ( -0.09645669291338584972, 0.005905511811023621965, -0.02657480314960630058 ) ) ;
#5534 = VECTOR ( 'NONE', #6906, 39.37007874015748143 ) ;
#5535 = DIRECTION ( 'NONE',  ( 0.000000000000000000, 0.000000000000000000, -1.000000000000000000 ) ) ;
#5536 = CARTESIAN_POINT ( 'NONE',  ( 0.07123201438070794755, 0.04449515384951300417, -0.04357343596190924040 ) ) ;
#5537 = CARTESIAN_POINT ( 'NONE',  ( -0.04349901208605119057, 0.04289462535336164423, -0.06760025801587694894 ) ) ;
#5538 = VERTEX_POINT ( 'NONE', #7218 ) ;
#5539 = FACE_OUTER_BOUND ( 'NONE', #7126, .T. ) ;
#5540 = VECTOR ( 'NONE', #1209, 39.37007874015748143 ) ;
#5541 = DIRECTION ( 'NONE',  ( 1.000000000000000000, 0.000000000000000000, 0.000000000000000000 ) ) ;
#5542 = VECTOR ( 'NONE', #3414, 39.37007874015748143 ) ;
#5543 = DIRECTION ( 'NONE',  ( -1.000000000000000000, 0.000000000000000000, 0.000000000000000000 ) ) ;
#5544 = CARTESIAN_POINT ( 'NONE',  ( -0.04809107167879420053, 0.03526809104689523217, 0.07521452839459780160 ) ) ;
#5545 = LINE ( 'NONE', #7385, #4564 ) ;
#5546 = ORIENTED_EDGE ( 'NONE', *, *, #5371, .T. ) ;
#5547 = DIRECTION ( 'NONE',  ( 0.000000000000000000, 0.000000000000000000, 1.000000000000000000 ) ) ;
#5548 = ORIENTED_EDGE ( 'NONE', *, *, #1739, .F. ) ;
#5549 = COLOUR_RGB ( '',0.7921568627450980005, 0.8196078431372548767, 0.9333333333333333481 ) ;
#5550 = CARTESIAN_POINT ( 'NONE',  ( -0.05511811023622047168, 0.02755905511811023584, 0.09645669291338584972 ) ) ;
#5551 = CARTESIAN_POINT ( 'NONE',  ( -0.04771374552068159691, 0.03242959096673103669, -0.07776559416808152825 ) ) ;
#5552 = CARTESIAN_POINT ( 'NONE',  ( 0.07825055509013169319, 0.03190852425293756733, 0.04762782047181659401 ) ) ;
#5553 = LINE ( 'NONE', #6166, #4212 ) ;
#5554 = VECTOR ( 'NONE', #5807, 39.37007874015748854 ) ;
#5555 = CARTESIAN_POINT ( 'NONE',  ( 0.04452819515895922731, 0.04023852362646644643, 0.07353700698302641225 ) ) ;
#5556 = ORIENTED_EDGE ( 'NONE', *, *, #4753, .T. ) ;
#5557 = CARTESIAN_POINT ( 'NONE',  ( 0.07803902177287919129, 0.03192330889089452922, 0.04637490382785320470 ) ) ;
#5558 = CLOSED_SHELL ( 'NONE', ( #4902, #7370, #4567, #3724, #1737, #5479, #4058, #7417, #5152, #2658, #6801, #1247, #2489, #3637 ) ) ;
#5559 = EDGE_CURVE ( 'NONE', #1186, #807, #1545, .T. ) ;
#5560 = EDGE_CURVE ( 'NONE', #711, #2830, #7726, .T. ) ;
#5561 = LINE ( 'NONE', #3622, #5431 ) ;
#5562 = DIRECTION ( 'NONE',  ( 1.000000000000000000, 0.000000000000000000, -1.445602896647344044E-15 ) ) ;
#5563 = VECTOR ( 'NONE', #277, 39.37007874015748143 ) ;
#5564 = CARTESIAN_POINT ( 'NONE',  ( -0.08728965698918823846, 0.005905511811023621965, 0.01870078740157480462 ) ) ;
#5565 = ORIENTED_EDGE ( 'NONE', *, *, #3425, .F. ) ;
#5566 = CARTESIAN_POINT ( 'NONE',  ( -0.07023644914266807815, 0.04633366434060631062, 0.04811742286199993668 ) ) ;
#5567 = ORIENTED_EDGE ( 'NONE', *, *, #7447, .T. ) ;
#5568 = CARTESIAN_POINT ( 'NONE',  ( -0.1023622047244094613, 0.01574803149606299191, 0.04500536227882346446 ) ) ;
#5569 = EDGE_CURVE ( 'NONE', #234, #4657, #5954, .T. ) ;
#5570 = VECTOR ( 'NONE', #3612, 39.37007874015748143 ) ;
#5571 = ORIENTED_EDGE ( 'NONE', *, *, #4164, .F. ) ;
#5572 = CARTESIAN_POINT ( 'NONE',  ( -0.07660907570192469762, 0.03619545847639819847, -0.04598634108360951517 ) ) ;
#5573 = CARTESIAN_POINT ( 'NONE',  ( -0.09831529546636726125, 0.007189850927049969143, 0.01476437271004296496 ) ) ;
#5574 = CARTESIAN_POINT ( 'NONE',  ( 0.04189684974448611154, 0.03860769112990099922, 0.07251958436280116216 ) ) ;
#5575 = LINE ( 'NONE', #5007, #1913 ) ;
#5576 = VECTOR ( 'NONE', #715, 39.37007874015748143 ) ;
#5577 = CARTESIAN_POINT ( 'NONE',  ( -0.1023622047244094613, 0.01181102362204724567, 0.04500536227882344364 ) ) ;
#5578 = CARTESIAN_POINT ( 'NONE',  ( 0.07502173013612475905, 0.03562413162296521746, -0.04801121202533292082 ) ) ;
#5579 = CARTESIAN_POINT ( 'NONE',  ( 0.05118110236220469594, 0.01181102362204724567, 0.09842519685039370636 ) ) ;
#5580 = EDGE_CURVE ( 'NONE', #6168, #3687, #5856, .T. ) ;
#5581 = ORIENTED_EDGE ( 'NONE', *, *, #3117, .T. ) ;
#5582 = ORIENTED_EDGE ( 'NONE', *, *, #5926, .F. ) ;
#5583 = VECTOR ( 'NONE', #4952, 39.37007874015748143 ) ;
#5584 = DIRECTION ( 'NONE',  ( 0.8435194376925867488, -0.5370986485132711596, 0.000000000000000000 ) ) ;
#5585 = LINE ( 'NONE', #6313, #116 ) ;
#5586 = CARTESIAN_POINT ( 'NONE',  ( 0.07874015748031495954, 0.03149606299212598381, -0.04811742286199995056 ) ) ;
#5587 = CYLINDRICAL_SURFACE ( 'NONE', #6974, 0.003937007874015749712 ) ;
#5588 = CIRCLE ( 'NONE', #3433, 0.003937007874015747977 ) ;
#5589 = CARTESIAN_POINT ( 'NONE',  ( -0.06584623711124469592, 0.02755905511811023584, 0.09645669291338582196 ) ) ;
#5590 = ORIENTED_EDGE ( 'NONE', *, *, #1783, .T. ) ;
#5591 = ORIENTED_EDGE ( 'NONE', *, *, #2170, .T. ) ;
#5592 = DIRECTION ( 'NONE',  ( 1.000000000000000000, 0.000000000000000000, 4.058291587432376212E-16 ) ) ;
#5593 = ORIENTED_EDGE ( 'NONE', *, *, #3716, .F. ) ;
#5594 = SURFACE_STYLE_USAGE ( .BOTH. , #3852 ) ;
#5595 = VECTOR ( 'NONE', #7252, 39.37007874015748143 ) ;
#5596 = CIRCLE ( 'NONE', #5349, 0.003937007874015747977 ) ;
#5597 = LINE ( 'NONE', #4825, #2641 ) ;
#5598 = CARTESIAN_POINT ( 'NONE',  ( -0.07004822375984250116, 0.04481996858434143111, -0.04594249379886583551 ) ) ;
#5599 = PLANE ( 'NONE',  #6752 ) ;
#5600 = CARTESIAN_POINT ( 'NONE',  ( 0.04544073802443967386, 0.03617010768134483467, 0.07574008034511614529 ) ) ;
#5601 = VECTOR ( 'NONE', #6045, 39.37007874015748143 ) ;
#5602 = ORIENTED_EDGE ( 'NONE', *, *, #6928, .F. ) ;
#5603 = CARTESIAN_POINT ( 'NONE',  ( -0.09842519685039370636, 0.01181102362204724567, -0.01870078740157483238 ) ) ;
#5604 = CARTESIAN_POINT ( 'NONE',  ( 0.1159497248488431664, 0.006165440297272224528, 0.08267716535433072833 ) ) ;
#5605 = LINE ( 'NONE', #5451, #7829 ) ;
#5606 = AXIS2_PLACEMENT_3D ( 'NONE', #2535, #7427, #3809 ) ;
#5607 = EDGE_CURVE ( 'NONE', #5220, #3201, #7772, .T. ) ;
#5608 = CARTESIAN_POINT ( 'NONE',  ( -0.07092144877917704038, 0.04506030752890936159, 0.04487880767774404117 ) ) ;
#5609 = ORIENTED_EDGE ( 'NONE', *, *, #5607, .F. ) ;
#5610 = CARTESIAN_POINT ( 'NONE',  ( -0.07340495031363090950, 0.04048239269985884348, 0.04811742286199992280 ) ) ;
#5611 = VERTEX_POINT ( 'NONE', #7260 ) ;
#5612 = PLANE ( 'NONE',  #6344 ) ;
#5613 = AXIS2_PLACEMENT_3D ( 'NONE', #6311, #6273, #3756 ) ;
#5614 = DIRECTION ( 'NONE',  ( 0.000000000000000000, 0.000000000000000000, -1.000000000000000000 ) ) ;
#5615 = CARTESIAN_POINT ( 'NONE',  ( -0.09810749775421444274, 0.006801704632957011019, 0.01477019136559769644 ) ) ;
#5616 = EDGE_CURVE ( 'NONE', #4948, #5416, #1664, .T. ) ;
#5617 = LINE ( 'NONE', #1816, #2295 ) ;
#5618 = EDGE_CURVE ( 'NONE', #7534, #4459, #4665, .T. ) ;
#5619 = CARTESIAN_POINT ( 'NONE',  ( 0.04350603470619383156, 0.04289462535336164423, -0.06759734944928642852 ) ) ;
#5620 = PRODUCT_DEFINITION_CONTEXT ( 'detailed design', #4182, 'design' ) ;
#5621 = FACE_OUTER_BOUND ( 'NONE', #2034, .T. ) ;
#5622 = CARTESIAN_POINT ( 'NONE',  ( 0.07603572988704582203, 0.03562413162296529379, -0.04556320007441645725 ) ) ;
#5623 = CARTESIAN_POINT ( 'NONE',  ( -0.08659019213609440990, 0.03149606299212598381, 0.05880887093013065225 ) ) ;
#5624 = ORIENTED_EDGE ( 'NONE', *, *, #2176, .F. ) ;
#5625 = DIRECTION ( 'NONE',  ( 0.000000000000000000, 0.000000000000000000, 1.000000000000000000 ) ) ;
#5626 = ORIENTED_EDGE ( 'NONE', *, *, #5284, .F. ) ;
#5627 = CYLINDRICAL_SURFACE ( 'NONE', #3384, 0.0005615202578557803789 ) ;
#5628 = CARTESIAN_POINT ( 'NONE',  ( 0.09842519685039370636, 0.01181102362204724567, 0.01870078740157483238 ) ) ;
#5629 = DIRECTION ( 'NONE',  ( -1.000000000000000000, 2.232281561944730346E-16, 0.000000000000000000 ) ) ;
#5630 = DIRECTION ( 'NONE',  ( -0.000000000000000000, -0.000000000000000000, -1.000000000000000000 ) ) ;
#5631 = EDGE_CURVE ( 'NONE', #2083, #6400, #5588, .T. ) ;
#5632 = B_SPLINE_CURVE_WITH_KNOTS ( 'NONE', 3,
 ( #5107, #3341, #381, #1530 ),
 .UNSPECIFIED., .F., .F.,
 ( 4, 4 ),
 ( 0.000000000000000000, 0.1223648851025489898 ),
 .UNSPECIFIED. ) ;
#5633 = CARTESIAN_POINT ( 'NONE',  ( -0.1062992125984252023, 0.01574803149606299191, -0.06299212598425198151 ) ) ;
#5634 = CARTESIAN_POINT ( 'NONE',  ( -0.04664191199091904244, 0.04172892111220240230, 0.07171594742208617368 ) ) ;
#5635 = EDGE_LOOP ( 'NONE', ( #3471, #1861, #5677, #5676 ) ) ;
#5636 = DIRECTION ( 'NONE',  ( 0.000000000000000000, 0.000000000000000000, 1.000000000000000000 ) ) ;
#5637 = ORIENTED_EDGE ( 'NONE', *, *, #2315, .F. ) ;
#5638 = DIRECTION ( 'NONE',  ( 0.000000000000000000, 0.000000000000000000, -1.000000000000000000 ) ) ;
#5639 = DIRECTION ( 'NONE',  ( 0.000000000000000000, 0.000000000000000000, -1.000000000000000000 ) ) ;
#5640 = CARTESIAN_POINT ( 'NONE',  ( -0.08659019213609440990, 0.02755905511811023584, -0.05880887093013063144 ) ) ;
#5641 = CARTESIAN_POINT ( 'NONE',  ( -0.07110237588509667195, 0.04473455728097478629, -0.04495375013881686838 ) ) ;
#5642 = CARTESIAN_POINT ( 'NONE',  ( 0.04557435191066697838, 0.04563202121754624668, 0.06962676035647352712 ) ) ;
#5643 = ORIENTED_EDGE ( 'NONE', *, *, #6831, .T. ) ;
#5644 = CARTESIAN_POINT ( 'NONE',  ( 0.07874015748031498729, 0.03149606299212599075, 0.04811742286199987423 ) ) ;
#5645 = CARTESIAN_POINT ( 'NONE',  ( 0.08659019213609440990, 0.03149606299212598381, -0.06275750304127081236 ) ) ;
#5646 = CARTESIAN_POINT ( 'NONE',  ( -0.04811742286199996443, 0.03149606299212598381, -0.07874015748031495954 ) ) ;
#5647 = DIRECTION ( 'NONE',  ( 0.000000000000000000, 1.000000000000000000, 0.000000000000000000 ) ) ;
#5648 = CARTESIAN_POINT ( 'NONE',  ( -0.07156725157925845904, 0.04387607125905067934, 0.04514630795615629660 ) ) ;
#5649 = ORIENTED_EDGE ( 'NONE', *, *, #2704, .F. ) ;
#5650 = LINE ( 'NONE', #4432, #5411 ) ;
#5651 = ORIENTED_EDGE ( 'NONE', *, *, #3093, .T. ) ;
#5652 = FACE_OUTER_BOUND ( 'NONE', #4658, .T. ) ;
#5653 = FILL_AREA_STYLE ('',( #2593 ) ) ;
#5654 = EDGE_CURVE ( 'NONE', #903, #7721, #6618, .T. ) ;
#5655 = CARTESIAN_POINT ( 'NONE',  ( 0.04413263741782126603, 0.04689584721416590468, -0.06912003441783207136 ) ) ;
#5656 = CARTESIAN_POINT ( 'NONE',  ( -0.1023622047244094613, 0.02755905511811023584, -0.04894237015283919856 ) ) ;
#5657 = CARTESIAN_POINT ( 'NONE',  ( 0.1062992125984252023, 0.009842519685039368207, 0.08267716535433072833 ) ) ;
#5658 = CARTESIAN_POINT ( 'NONE',  ( 0.09645669291338584972, 0.005905511811023621965, -0.02657480314960630058 ) ) ;
#5659 = DIRECTION ( 'NONE',  ( 1.000000000000000000, 0.000000000000000000, 0.000000000000000000 ) ) ;
#5660 = CARTESIAN_POINT ( 'NONE',  ( 0.07644895272630077010, 0.03486103293681056675, -0.04573436257871781735 ) ) ;
#5661 =( BOUNDED_SURFACE ( )  B_SPLINE_SURFACE ( 3, 1, ( 
 ( #1486, #7550 ),
 ( #4546, #1367 ),
 ( #1528, #344 ),
 ( #5173, #4382 ),
 ( #5847, #4627 ),
 ( #421, #1673 ),
 ( #2260, #4012 ),
 ( #2815, #5211 ),
 ( #6410, #2775 ),
 ( #4699, #6444 ) ),
 .UNSPECIFIED., .F., .F., .F. ) 
 B_SPLINE_SURFACE_WITH_KNOTS ( ( 4, 3, 3, 4 ),
 ( 2, 2 ),
 ( 0.000000000000000000, 0.2470520139942833093, 0.9588246643342867026, 1.000000000000000000 ),
 ( 0.000000000000000000, 1.000000000000000000 ),
 .UNSPECIFIED. ) 
 GEOMETRIC_REPRESENTATION_ITEM ( )  RATIONAL_B_SPLINE_SURFACE ( (
 ( 1.000000000000000000, 1.000000000000000000),
 ( 0.9060799708944990982, 0.9060799708944990982),
 ( 0.9060799708944990982, 0.9060799708944990982),
 ( 1.000000000000000000, 1.000000000000000000),
 ( 1.000000000000000000, 1.000000000000000000),
 ( 1.000000000000000000, 1.000000000000000000),
 ( 1.000000000000000000, 1.000000000000000000),
 ( 0.9060799708944982100, 0.9060799708944982100),
 ( 0.9060799708944982100, 0.9060799708944982100),
 ( 1.000000000000000000, 1.000000000000000000) ) ) 
 REPRESENTATION_ITEM ( '' )  SURFACE ( )  );
#5662 = DIRECTION ( 'NONE',  ( 0.000000000000000000, 0.000000000000000000, 1.000000000000000000 ) ) ;
#5663 = AXIS2_PLACEMENT_3D ( 'NONE', #5747, #319, #7562 ) ;
#5664 = B_SPLINE_CURVE_WITH_KNOTS ( 'NONE', 3,
 ( #4822, #2420, #1235, #4780, #1874, #6602, #7816, #2377 ),
 .UNSPECIFIED., .F., .F.,
 ( 4, 2, 2, 4 ),
 ( 0.000000000000000000, 0.2500000000000012768, 0.5000000000000025535, 1.000000000000000000 ),
 .UNSPECIFIED. ) ;
#5665 = ORIENTED_EDGE ( 'NONE', *, *, #1158, .T. ) ;
#5666 = EDGE_CURVE ( 'NONE', #2866, #2429, #7367, .T. ) ;
#5667 = ORIENTED_EDGE ( 'NONE', *, *, #4879, .T. ) ;
#5668 = EDGE_CURVE ( 'NONE', #6661, #6391, #1109, .T. ) ;
#5669 = CARTESIAN_POINT ( 'NONE',  ( -0.04811742286199983260, 0.02846948526569289747, 0.07543284219591459006 ) ) ;
#5670 = CARTESIAN_POINT ( 'NONE',  ( 0.06496062992125986590, 0.000000000000000000, -0.02657480314960630405 ) ) ;
#5671 = VECTOR ( 'NONE', #3837, 39.37007874015748143 ) ;
#5672 = DIRECTION ( 'NONE',  ( 0.000000000000000000, 1.000000000000000000, 0.000000000000000000 ) ) ;
#5673 = DIRECTION ( 'NONE',  ( 1.000000000000000000, 0.000000000000000000, 0.000000000000000000 ) ) ;
#5674 = CARTESIAN_POINT ( 'NONE',  ( -0.05118110236220472370, 0.01574803149606299191, 0.09842519685039370636 ) ) ;
#5675 = CARTESIAN_POINT ( 'NONE',  ( -0.04470738755290849797, 0.03943962505373860283, 0.07396961569077144250 ) ) ;
#5676 = ORIENTED_EDGE ( 'NONE', *, *, #7120, .T. ) ;
#5677 = ORIENTED_EDGE ( 'NONE', *, *, #6666, .F. ) ;
#5678 = CARTESIAN_POINT ( 'NONE',  ( 0.1023622047244094613, 0.03149606299212598381, -0.04894237015283919856 ) ) ;
#5679 = CIRCLE ( 'NONE', #1876, 0.001968503937007879193 ) ;
#5680 = ORIENTED_EDGE ( 'NONE', *, *, #2029, .F. ) ;
#5681 = EDGE_CURVE ( 'NONE', #267, #7558, #1287, .T. ) ;
#5682 = DIRECTION ( 'NONE',  ( 0.000000000000000000, 0.000000000000000000, -1.000000000000000000 ) ) ;
#5683 = LINE ( 'NONE', #1403, #6457 ) ;
#5684 = VECTOR ( 'NONE', #3278, 39.37007874015748143 ) ;
#5685 = CARTESIAN_POINT ( 'NONE',  ( -0.07657131578333073452, 0.03276251154988523567, -0.04865307141646411926 ) ) ;
#5686 = CARTESIAN_POINT ( 'NONE',  ( 0.04621400573016524321, 0.04363666782758898049, 0.07068289032394861615 ) ) ;
#5687 = ORIENTED_EDGE ( 'NONE', *, *, #6551, .T. ) ;
#5688 = CARTESIAN_POINT ( 'NONE',  ( 0.07822258814244882619, 0.03149606347722822691, 0.04790303862398424123 ) ) ;
#5689 = VECTOR ( 'NONE', #7665, 39.37007874015748143 ) ;
#5690 = ORIENTED_EDGE ( 'NONE', *, *, #3599, .F. ) ;
#5691 = EDGE_CURVE ( 'NONE', #7142, #2215, #6367, .T. ) ;
#5692 = CARTESIAN_POINT ( 'NONE',  ( -0.1023622047244094613, 0.03149606299212598381, 0.04894237015283921244 ) ) ;
#5693 = CARTESIAN_POINT ( 'NONE',  ( -0.04483195213017199948, 0.04676143729944565869, -0.06877425771313795677 ) ) ;
#5694 = CARTESIAN_POINT ( 'NONE',  ( 0.04685511623311901241, 0.03165401971340429249, 0.07824095700285632615 ) ) ;
#5695 = AXIS2_PLACEMENT_3D ( 'NONE', #1288, #6767, #4951 ) ;
#5696 = CARTESIAN_POINT ( 'NONE',  ( -0.07378206161836016463, 0.03791342768142928060, 0.04749772451242777888 ) ) ;
#5697 = ORIENTED_EDGE ( 'NONE', *, *, #2522, .F. ) ;
#5698 = DIRECTION ( 'NONE',  ( 1.000000000000000000, 0.000000000000000000, 0.000000000000000000 ) ) ;
#5699 =( BOUNDED_SURFACE ( )  B_SPLINE_SURFACE ( 3, 1, ( 
 ( #1027, #3440 ),
 ( #5874, #5240 ),
 ( #6471, #2835 ),
 ( #6547, #4152 ),
 ( #7210, #1736 ),
 ( #5355, #7765 ),
 ( #5905, #7720 ),
 ( #2874, #5312 ),
 ( #5390, #1700 ),
 ( #2288, #4728 ) ),
 .UNSPECIFIED., .F., .F., .F. ) 
 B_SPLINE_SURFACE_WITH_KNOTS ( ( 4, 3, 3, 4 ),
 ( 2, 2 ),
 ( 0.000000000000000000, 0.2470520139942833093, 0.9588246643342867026, 1.000000000000000000 ),
 ( 0.000000000000000000, 1.000000000000000000 ),
 .UNSPECIFIED. ) 
 GEOMETRIC_REPRESENTATION_ITEM ( )  RATIONAL_B_SPLINE_SURFACE ( (
 ( 1.000000000000000000, 1.000000000000000000),
 ( 0.9060799708944990982, 0.9060799708944990982),
 ( 0.9060799708944990982, 0.9060799708944990982),
 ( 1.000000000000000000, 1.000000000000000000),
 ( 1.000000000000000000, 1.000000000000000000),
 ( 1.000000000000000000, 1.000000000000000000),
 ( 1.000000000000000000, 1.000000000000000000),
 ( 0.9060799708944982100, 0.9060799708944982100),
 ( 0.9060799708944982100, 0.9060799708944982100),
 ( 1.000000000000000000, 1.000000000000000000) ) ) 
 REPRESENTATION_ITEM ( '' )  SURFACE ( )  );
#5700 = VERTEX_POINT ( 'NONE', #7175 ) ;
#5701 = LINE ( 'NONE', #3306, #5563 ) ;
#5702 = VECTOR ( 'NONE', #1882, 39.37007874015748143 ) ;
#5703 = CARTESIAN_POINT ( 'NONE',  ( 0.09842519685039370636, 0.02755905511811023584, 0.04894237015283921244 ) ) ;
#5704 = VECTOR ( 'NONE', #1214, 39.37007874015748143 ) ;
#5705 = LINE ( 'NONE', #7489, #2677 ) ;
#5706 = EDGE_CURVE ( 'NONE', #194, #2355, #4813, .T. ) ;
#5707 = FACE_OUTER_BOUND ( 'NONE', #1492, .T. ) ;
#5708 = LINE ( 'NONE', #5151, #5671 ) ;
#5709 = AXIS2_PLACEMENT_3D ( 'NONE', #5732, #2700, #1565 ) ;
#5710 = ORIENTED_EDGE ( 'NONE', *, *, #5738, .T. ) ;
#5711 = ORIENTED_EDGE ( 'NONE', *, *, #4381, .T. ) ;
#5712 = CARTESIAN_POINT ( 'NONE',  ( 0.04811742286199991586, 0.04315534825624279397, 0.06748035307233446467 ) ) ;
#5713 = DIRECTION ( 'NONE',  ( 0.000000000000000000, 0.000000000000000000, 1.000000000000000000 ) ) ;
#5714 = CARTESIAN_POINT ( 'NONE',  ( -0.04811742286199987423, 0.02755905511811023237, 0.07874015748031500117 ) ) ;
#5715 =( BOUNDED_SURFACE ( )  B_SPLINE_SURFACE ( 3, 1, ( 
 ( #5492, #3140 ),
 ( #73, #1210 ),
 ( #2548, #6098 ),
 ( #1291, #32 ),
 ( #2391, #4306 ),
 ( #6807, #3100 ),
 ( #3702, #6692 ),
 ( #5452, #7358 ),
 ( #6137, #5524 ),
 ( #4913, #1248 ) ),
 .UNSPECIFIED., .F., .F., .T. ) 
 B_SPLINE_SURFACE_WITH_KNOTS ( ( 4, 3, 3, 4 ),
 ( 2, 2 ),
 ( 0.000000000000000000, 0.2470520139942820048, 0.9588246643342857034, 1.000000000000000000 ),
 ( 0.000000000000000000, 1.000000000000000000 ),
 .UNSPECIFIED. ) 
 GEOMETRIC_REPRESENTATION_ITEM ( )  RATIONAL_B_SPLINE_SURFACE ( (
 ( 1.000000000000000000, 1.000000000000000000),
 ( 0.9060799708944983211, 0.9060799708944983211),
 ( 0.9060799708944983211, 0.9060799708944983211),
 ( 1.000000000000000000, 1.000000000000000000),
 ( 1.000000000000000000, 1.000000000000000000),
 ( 1.000000000000000000, 1.000000000000000000),
 ( 1.000000000000000000, 1.000000000000000000),
 ( 0.9060799708944987652, 0.9060799708944987652),
 ( 0.9060799708944987652, 0.9060799708944987652),
 ( 1.000000000000000000, 1.000000000000000000) ) ) 
 REPRESENTATION_ITEM ( '' )  SURFACE ( )  );
#5716 = ADVANCED_FACE ( 'NONE', ( #1824 ), #6675, .T. ) ;
#5717 = CARTESIAN_POINT ( 'NONE',  ( 0.05511811023622047168, 0.02559055118110236532, -0.09645669291338582196 ) ) ;
#5718 = DIRECTION ( 'NONE',  ( -1.000000000000000000, 0.000000000000000000, -1.217487476229714096E-15 ) ) ;
#5719 = CARTESIAN_POINT ( 'NONE',  ( -0.04557421421691015134, 0.04196832454366414278, 0.07260030867739596105 ) ) ;
#5720 = ORIENTED_EDGE ( 'NONE', *, *, #1159, .F. ) ;
#5721 = AXIS2_PLACEMENT_3D ( 'NONE', #6051, #6728, #617 ) ;
#5722 = CARTESIAN_POINT ( 'NONE',  ( -0.07283464566929136186, 0.001968503937007873555, -0.01870078740157480462 ) ) ;
#5723 = VERTEX_POINT ( 'NONE', #212 ) ;
#5724 = CARTESIAN_POINT ( 'NONE',  ( -0.1259842519685039353, -1.574803884209003054E-18, -0.06299212598425198151 ) ) ;
#5725 = CARTESIAN_POINT ( 'NONE',  ( 0.03976576796609576636, 0.04330708661417322081, -0.07038850258441092800 ) ) ;
#5726 = AXIS2_PLACEMENT_3D ( 'NONE', #789, #4279, #1305 ) ;
#5727 = EDGE_CURVE ( 'NONE', #805, #4756, #54, .T. ) ;
#5728 = CARTESIAN_POINT ( 'NONE',  ( -0.07688123291277185190, 0.03219018753526925458, -0.04878144329469043250 ) ) ;
#5729 = EDGE_CURVE ( 'NONE', #1336, #5898, #1908, .T. ) ;
#5730 = CARTESIAN_POINT ( 'NONE',  ( 0.04355204064887157472, 0.04459054118528232857, 0.07118036152580110854 ) ) ;
#5731 = VERTEX_POINT ( 'NONE', #4895 ) ;
#5732 = CARTESIAN_POINT ( 'NONE',  ( 0.05118110236220472370, 0.01574803149606299191, -0.1023622047244094613 ) ) ;
#5733 = VERTEX_POINT ( 'NONE', #6751 ) ;
#5734 = AXIS2_PLACEMENT_3D ( 'NONE', #5340, #6576, #1127 ) ;
#5735 = CARTESIAN_POINT ( 'NONE',  ( 0.09813175314864597265, 0.006816840863796388809, 0.01476804592623763047 ) ) ;
#5736 = CARTESIAN_POINT ( 'NONE',  ( 0.07804775513994746672, 0.03190852425293754652, -0.04639660822200544071 ) ) ;
#5737 = CARTESIAN_POINT ( 'NONE',  ( -0.07479606136928117210, 0.03791342768142929448, 0.04504971256151119735 ) ) ;
#5738 = EDGE_CURVE ( 'NONE', #7652, #2496, #6492, .T. ) ;
#5739 = VECTOR ( 'NONE', #3358, 39.37007874015748143 ) ;
#5740 = ORIENTED_EDGE ( 'NONE', *, *, #5559, .F. ) ;
#5741 = CARTESIAN_POINT ( 'NONE',  ( 0.1023622047244094613, 0.02755905511811023584, 0.04894237015283921244 ) ) ;
#5742 = ORIENTED_EDGE ( 'NONE', *, *, #3673, .T. ) ;
#5743 = DIRECTION ( 'NONE',  ( 0.000000000000000000, 0.000000000000000000, -1.000000000000000000 ) ) ;
#5744 = CARTESIAN_POINT ( 'NONE',  ( 0.04339364618986871203, 0.04676143729944540195, -0.06937002354045351815 ) ) ;
#5745 = STYLED_ITEM ( 'NONE', ( #6128 ), #7022 ) ;
#5746 = CARTESIAN_POINT ( 'NONE',  ( 0.1062992125984252023, 0.009280999427183432571, -0.06299212598425198151 ) ) ;
#5747 = CARTESIAN_POINT ( 'NONE',  ( 0.09645669291338584972, 0.02755905511811023584, -0.05880887093013063144 ) ) ;
#5748 = CIRCLE ( 'NONE', #5225, 0.003937007874015749712 ) ;
#5749 = DIRECTION ( 'NONE',  ( 0.000000000000000000, 0.000000000000000000, -1.000000000000000000 ) ) ;
#5750 = VERTEX_POINT ( 'NONE', #2608 ) ;
#5751 = ORIENTED_EDGE ( 'NONE', *, *, #2357, .T. ) ;
#5752 = PLANE ( 'NONE',  #2818 ) ;
#5753 = FACE_OUTER_BOUND ( 'NONE', #5786, .T. ) ;
#5754 = CARTESIAN_POINT ( 'NONE',  ( 0.07038850258441088636, 0.04724409448818898266, 0.03976576796609578718 ) ) ;
#5755 = DIRECTION ( 'NONE',  ( 0.000000000000000000, 0.000000000000000000, -1.000000000000000000 ) ) ;
#5756 = LINE ( 'NONE', #328, #1495 ) ;
#5757 = CARTESIAN_POINT ( 'NONE',  ( -0.04647074948661776561, 0.04249201979835684484, 0.07130272458283104520 ) ) ;
#5758 = EDGE_LOOP ( 'NONE', ( #6401, #7686, #7035, #5546 ) ) ;
#5759 = FACE_OUTER_BOUND ( 'NONE', #3506, .T. ) ;
#5760 = VERTEX_POINT ( 'NONE', #4367 ) ;
#5761 = CARTESIAN_POINT ( 'NONE',  ( 0.07252300723210539091, 0.04023852362646644643, 0.04697620710987571169 ) ) ;
#5762 = LINE ( 'NONE', #6829, #2537 ) ;
#5763 = DIRECTION ( 'NONE',  ( 0.000000000000000000, 0.000000000000000000, 1.000000000000000000 ) ) ;
#5764 = CARTESIAN_POINT ( 'NONE',  ( -0.07543495297538006794, 0.03486103293681048348, -0.04818237452963425316 ) ) ;
#5765 = CARTESIAN_POINT ( 'NONE',  ( 0.04749772451242782745, 0.03791342768142901692, 0.07378206161836030341 ) ) ;
#5766 = VERTEX_POINT ( 'NONE', #800 ) ;
#5767 = LINE ( 'NONE', #5171, #2272 ) ;
#5768 = ORIENTED_EDGE ( 'NONE', *, *, #236, .F. ) ;
#5769 = EDGE_CURVE ( 'NONE', #5538, #267, #6194, .T. ) ;
#5770 = CARTESIAN_POINT ( 'NONE',  ( 0.09676012703295251705, 0.005923048032733865299, 0.01494035243074244047 ) ) ;
#5771 = ADVANCED_FACE ( 'NONE', ( #7456 ), #4326, .F. ) ;
#5772 = CARTESIAN_POINT ( 'NONE',  ( -0.09842519685039370636, 0.01181102362204724567, 0.04500536227882344364 ) ) ;
#5773 = CARTESIAN_POINT ( 'NONE',  ( -0.06785359313656749713, 0.04724409448818895491, 0.04403019752294461131 ) ) ;
#5774 = ORIENTED_EDGE ( 'NONE', *, *, #677, .T. ) ;
#5775 = DIRECTION ( 'NONE',  ( 1.000000000000000000, 0.000000000000000000, 1.355252715606880789E-16 ) ) ;
#5776 = VERTEX_POINT ( 'NONE', #641 ) ;
#5777 = CARTESIAN_POINT ( 'NONE',  ( -0.1023622047244094613, 0.01181102362204724567, 0.01870078740157483238 ) ) ;
#5778 = CARTESIAN_POINT ( 'NONE',  ( 0.04330956414419388778, 0.04724409448818895491, -0.06815208925554386288 ) ) ;
#5779 = EDGE_CURVE ( 'NONE', #3458, #7158, #4074, .T. ) ;
#5780 = B_SPLINE_CURVE_WITH_KNOTS ( 'NONE', 3,
 ( #1538, #5114, #6384, #3307, #1460, #7528 ),
 .UNSPECIFIED., .F., .F.,
 ( 4, 2, 4 ),
 ( 0.000000000000000000, 0.5000000000000000000, 1.000000000000000000 ),
 .UNSPECIFIED. ) ;
#5781 = CARTESIAN_POINT ( 'NONE',  ( -0.09842519685039370636, 0.01574803149606299191, 0.04500536227882346446 ) ) ;
#5782 = B_SPLINE_CURVE_WITH_KNOTS ( 'NONE', 3,
 ( #937, #2749, #2678, #1423, #7004, #241 ),
 .UNSPECIFIED., .F., .F.,
 ( 4, 2, 4 ),
 ( 0.000000000000000000, 0.5000000000000000000, 1.000000000000000000 ),
 .UNSPECIFIED. ) ;
#5783 = CARTESIAN_POINT ( 'NONE',  ( -0.09842519685039370636, 0.01574803149606299191, -0.04894237015283919856 ) ) ;
#5784 = CARTESIAN_POINT ( 'NONE',  ( -0.09645669291338584972, 0.02559055118110236532, 0.09645669291338582196 ) ) ;
#5785 = EDGE_LOOP ( 'NONE', ( #5023, #3938, #5884, #5268 ) ) ;
#5786 = EDGE_LOOP ( 'NONE', ( #284, #4099, #2838, #3124 ) ) ;
#5787 = EDGE_CURVE ( 'NONE', #5346, #5864, #714, .T. ) ;
#5788 = CARTESIAN_POINT ( 'NONE',  ( -0.04811742286199997137, 0.04330708661417322081, -0.06692913385826773642 ) ) ;
#5789 = CARTESIAN_POINT ( 'NONE',  ( 0.09836761241622148100, 0.007401369576251944256, -0.01476399009428278238 ) ) ;
#5790 = CARTESIAN_POINT ( 'NONE',  ( 0.07677165354330711677, 0.005905511811023621965, 0.02263779527559055954 ) ) ;
#5791 = CARTESIAN_POINT ( 'NONE',  ( -0.04681164834286349885, 0.02874278477870751553, -0.07558313591421836342 ) ) ;
#5792 = CARTESIAN_POINT ( 'NONE',  ( -0.09645669291338584972, 0.02755905511811023584, 0.05511811023622045780 ) ) ;
#5793 = CARTESIAN_POINT ( 'NONE',  ( 0.1164233781010027835, 0.005905511811023553444, 0.06299212598425198151 ) ) ;
#5794 = CARTESIAN_POINT ( 'NONE',  ( -0.04540305171260906880, 0.04273142322981888369, 0.07218708583814105462 ) ) ;
#5795 = VERTEX_POINT ( 'NONE', #1316 ) ;
#5796 = CARTESIAN_POINT ( 'NONE',  ( 0.000000000000000000, 0.09645669291338582196, 0.000000000000000000 ) ) ;
#5797 = EDGE_LOOP ( 'NONE', ( #7335, #6011, #1097, #3224, #5567, #5844 ) ) ;
#5798 = CARTESIAN_POINT ( 'NONE',  ( 0.07692520444868905516, 0.03210898529255889339, 0.04879965690122575056 ) ) ;
#5799 = CARTESIAN_POINT ( 'NONE',  ( -0.1062992125984252023, 0.009280999427183432571, 0.06299212598425198151 ) ) ;
#5800 = CARTESIAN_POINT ( 'NONE',  ( -0.07605478723426195575, 0.03371638490757853518, -0.04843911828608719883 ) ) ;
#5801 = CARTESIAN_POINT ( 'NONE',  ( 0.04470738755290869920, 0.03943962505373854732, 0.07396961569077145637 ) ) ;
#5802 = VECTOR ( 'NONE', #1308, 39.37007874015748143 ) ;
#5803 = EDGE_CURVE ( 'NONE', #7594, #4604, #3721, .T. ) ;
#5804 = ORIENTED_EDGE ( 'NONE', *, *, #4228, .F. ) ;
#5805 = LINE ( 'NONE', #4695, #5952 ) ;
#5806 = VERTEX_POINT ( 'NONE', #6862 ) ;
#5807 = DIRECTION ( 'NONE',  ( -0.7071067811865472397, 0.000000000000000000, -0.7071067811865476838 ) ) ;
#5808 = CIRCLE ( 'NONE', #3901, 0.003937007874015747977 ) ;
#5809 = CARTESIAN_POINT ( 'NONE',  ( 0.04782341000297914840, 0.03149606299212597688, 0.07862185584156852758 ) ) ;
#5810 = DIRECTION ( 'NONE',  ( 0.000000000000000000, 0.000000000000000000, -1.000000000000000000 ) ) ;
#5811 = CARTESIAN_POINT ( 'NONE',  ( -0.08728965698918823846, 0.005905511811023621965, -0.01870078740157480809 ) ) ;
#5812 = VECTOR ( 'NONE', #1169, 39.37007874015748143 ) ;
#5813 = ORIENTED_EDGE ( 'NONE', *, *, #6031, .T. ) ;
#5814 = ADVANCED_FACE ( 'NONE', ( #3801 ), #681, .T. ) ;
#5815 = CARTESIAN_POINT ( 'NONE',  ( 0.1117542798527060843, 0.01275443361127101029, -0.06299212598425198151 ) ) ;
#5816 = ADVANCED_FACE ( 'NONE', ( #6235 ), #6435, .F. ) ;
#5817 = ORIENTED_EDGE ( 'NONE', *, *, #1323, .T. ) ;
#5818 = DIRECTION ( 'NONE',  ( -0.8435194376925867488, -0.5370986485132711596, 0.000000000000000000 ) ) ;
#5819 =( CONVERSION_BASED_UNIT ( 'INCH', #6455 ) LENGTH_UNIT ( ) NAMED_UNIT ( #6558 ) );
#5820 = AXIS2_PLACEMENT_3D ( 'NONE', #5025, #2729, #3894 ) ;
#5821 = CARTESIAN_POINT ( 'NONE',  ( -0.05511811023622046474, 0.03149606299212598381, 0.09645669291338584972 ) ) ;
#5822 = EDGE_CURVE ( 'NONE', #5760, #2604, #161, .T. ) ;
#5823 = FACE_OUTER_BOUND ( 'NONE', #1077, .T. ) ;
#5824 = ADVANCED_FACE ( 'NONE', ( #7046 ), #2685, .F. ) ;
#5825 = AXIS2_PLACEMENT_3D ( 'NONE', #5326, #7734, #4742 ) ;
#5826 = DIRECTION ( 'NONE',  ( 0.000000000000000000, 0.000000000000000000, 1.000000000000000000 ) ) ;
#5827 = ORIENTED_EDGE ( 'NONE', *, *, #3962, .F. ) ;
#5828 = CIRCLE ( 'NONE', #7591, 0.006467032068879366782 ) ;
#5829 = VERTEX_POINT ( 'NONE', #5192 ) ;
#5830 = CARTESIAN_POINT ( 'NONE',  ( 0.1259842519685039353, -1.574803884209003054E-18, 0.08267716535433072833 ) ) ;
#5831 = FACE_OUTER_BOUND ( 'NONE', #7476, .T. ) ;
#5832 = CIRCLE ( 'NONE', #4955, 0.001968503937007879193 ) ;
#5833 = CARTESIAN_POINT ( 'NONE',  ( -0.04794158768414034238, 0.02755905511811022890, -0.07834358685339451456 ) ) ;
#5834 = PLANE ( 'NONE',  #3373 ) ;
#5835 = EDGE_CURVE ( 'NONE', #892, #5469, #7646, .T. ) ;
#5836 = CARTESIAN_POINT ( 'NONE',  ( -0.07853050406722700272, 0.03149606299212599075, 0.04790776944891200761 ) ) ;
#5837 = ORIENTED_EDGE ( 'NONE', *, *, #2870, .T. ) ;
#5838 = ORIENTED_EDGE ( 'NONE', *, *, #5234, .F. ) ;
#5839 = CARTESIAN_POINT ( 'NONE',  ( 0.06496062992125986590, 0.005905511811023621965, 0.02657480314960629711 ) ) ;
#5840 = AXIS2_PLACEMENT_3D ( 'NONE', #1000, #1341, #5810 ) ;
#5841 = CARTESIAN_POINT ( 'NONE',  ( 0.04748410656847994182, 0.03797414095024419234, -0.07374918499338972699 ) ) ;
#5842 = CARTESIAN_POINT ( 'NONE',  ( 0.04506072670400549512, 0.04425762060212819204, 0.07136064015963121399 ) ) ;
#5843 = VERTEX_POINT ( 'NONE', #2646 ) ;
#5844 = ORIENTED_EDGE ( 'NONE', *, *, #2976, .T. ) ;
#5845 = CARTESIAN_POINT ( 'NONE',  ( -0.09645669291338584972, 0.02755905511811023584, -0.05511811023622045780 ) ) ;
#5846 = VERTEX_POINT ( 'NONE', #872 ) ;
#5847 = CARTESIAN_POINT ( 'NONE',  ( -0.04353832913269309324, 0.03432075690644036114, 0.07416106375100821324 ) ) ;
#5848 = CARTESIAN_POINT ( 'NONE',  ( -0.04600005259978802441, 0.04459054118528229388, -0.07016636177488008719 ) ) ;
#5849 = B_SPLINE_CURVE_WITH_KNOTS ( 'NONE', 3,
 ( #3531, #1787, #602, #4778, #4210, #6640, #3688, #6717, #7180, #1747, #3010, #3573, #1276, #4166, #5436, #7141, #6599 ),
 .UNSPECIFIED., .F., .F.,
 ( 4, 1, 2, 2, 2, 2, 2, 2, 4 ),
 ( 0.000000000000000000, 0.06249999999997893352, 0.09374999999996840028, 0.1249999999999578670, 0.1874999999999659439, 0.2187499999999698574, 0.2499999999999737987, 0.4999999999999847899, 1.000000000000000000 ),
 .UNSPECIFIED. ) ;
#5850 = VECTOR ( 'NONE', #6332, 39.37007874015748143 ) ;
#5851 = DIRECTION ( 'NONE',  ( 0.000000000000000000, 1.000000000000000000, 0.000000000000000000 ) ) ;
#5852 = FACE_OUTER_BOUND ( 'NONE', #5243, .T. ) ;
#5853 = CARTESIAN_POINT ( 'NONE',  ( 0.08728965698918823846, 0.001968503937007873555, -0.01870078740157480809 ) ) ;
#5854 = ORIENTED_EDGE ( 'NONE', *, *, #2836, .F. ) ;
#5855 = DIRECTION ( 'NONE',  ( -0.7071067811865473507, 0.000000000000000000, 0.7071067811865475727 ) ) ;
#5856 = CIRCLE ( 'NONE', #285, 0.003937007874015760987 ) ;
#5857 = ORIENTED_EDGE ( 'NONE', *, *, #5038, .F. ) ;
#5858 = DIRECTION ( 'NONE',  ( -0.000000000000000000, -0.000000000000000000, -1.000000000000000000 ) ) ;
#5859 = CARTESIAN_POINT ( 'NONE',  ( 0.04351999302633952071, 0.04469496946141589960, -0.07112381294362511708 ) ) ;
#5860 = VECTOR ( 'NONE', #786, 39.37007874015748854 ) ;
#5861 = CARTESIAN_POINT ( 'NONE',  ( -0.07558313591463244885, 0.02874278477833426548, 0.04681164834294385124 ) ) ;
#5862 = DIRECTION ( 'NONE',  ( 0.000000000000000000, -1.000000000000000000, 0.000000000000000000 ) ) ;
#5863 = LINE ( 'NONE', #548, #3514 ) ;
#5864 = VERTEX_POINT ( 'NONE', #6904 ) ;
#5865 = VECTOR ( 'NONE', #6447, 39.37007874015748854 ) ;
#5866 = ORIENTED_EDGE ( 'NONE', *, *, #1411, .F. ) ;
#5867 = DIRECTION ( 'NONE',  ( 1.000000000000000000, 0.000000000000000000, -1.355252715606880789E-16 ) ) ;
#5868 = EDGE_CURVE ( 'NONE', #5178, #2565, #3982, .T. ) ;
#5869 = EDGE_CURVE ( 'NONE', #5843, #613, #4647, .T. ) ;
#5870 = CARTESIAN_POINT ( 'NONE',  ( -0.09645669291338582196, 0.005905511811023621965, -0.01501381231061532304 ) ) ;
#5871 = VECTOR ( 'NONE', #4245, 39.37007874015748143 ) ;
#5872 = CARTESIAN_POINT ( 'NONE',  ( -0.04811742286199993668, 0.02755905511811023237, -0.07874015748031495954 ) ) ;
#5873 = CARTESIAN_POINT ( 'NONE',  ( -0.07804775513994746672, 0.03190852425293755346, 0.04639660822200543377 ) ) ;
#5874 = CARTESIAN_POINT ( 'NONE',  ( 0.07696118927919451402, 0.02755905511811023584, -0.04811742286199992974 ) ) ;
#5875 = ORIENTED_EDGE ( 'NONE', *, *, #1842, .T. ) ;
#5876 = ORIENTED_EDGE ( 'NONE', *, *, #7755, .T. ) ;
#5877 = VECTOR ( 'NONE', #5867, 39.37007874015748143 ) ;
#5878 = CARTESIAN_POINT ( 'NONE',  ( -0.09645669291338584972, 0.03149606299212598381, 0.04894237015283921244 ) ) ;
#5879 = ADVANCED_FACE ( 'NONE', ( #6355 ), #6975, .T. ) ;
#5880 = CARTESIAN_POINT ( 'NONE',  ( -0.1023622047244094613, 0.01181102362204724567, -0.01870078740157483238 ) ) ;
#5881 = DIRECTION ( 'NONE',  ( -1.000000000000000000, -0.000000000000000000, -0.000000000000000000 ) ) ;
#5882 = ORIENTED_EDGE ( 'NONE', *, *, #4922, .F. ) ;
#5883 = CARTESIAN_POINT ( 'NONE',  ( -0.05511811023622046474, 0.01574803149606302313, -0.1023622047244094613 ) ) ;
#5884 = ORIENTED_EDGE ( 'NONE', *, *, #962, .F. ) ;
#5885 = CARTESIAN_POINT ( 'NONE',  ( 0.09645669291338584972, 0.000000000000000000, -0.05511811023622045780 ) ) ;
#5886 = CARTESIAN_POINT ( 'NONE',  ( -0.1164233781010027974, -1.600692183787654230E-18, -0.08267716535433072833 ) ) ;
#5887 = CARTESIAN_POINT ( 'NONE',  ( -0.07874015748031494566, 0.03149606299212598381, 0.04811742286199993668 ) ) ;
#5888 = VERTEX_POINT ( 'NONE', #5714 ) ;
#5889 = DIRECTION ( 'NONE',  ( 0.000000000000000000, 0.000000000000000000, 1.000000000000000000 ) ) ;
#5890 = ORIENTED_EDGE ( 'NONE', *, *, #2836, .T. ) ;
#5891 = CARTESIAN_POINT ( 'NONE',  ( -0.1067728658505845696, 0.009582591198791106518, -0.06299212598425198151 ) ) ;
#5892 = CARTESIAN_POINT ( 'NONE',  ( 0.04643002673841994249, 0.03815283111289090312, -0.07466642287366948016 ) ) ;
#5893 = LINE ( 'NONE', #581, #3955 ) ;
#5894 = ORIENTED_EDGE ( 'NONE', *, *, #731, .F. ) ;
#5895 = CARTESIAN_POINT ( 'NONE',  ( 0.05511811023622047861, 0.02755905511811023584, -0.1023622047244094613 ) ) ;
#5896 = DIRECTION ( 'NONE',  ( 1.000000000000000000, 0.000000000000000000, 0.000000000000000000 ) ) ;
#5897 = ADVANCED_FACE ( 'NONE', ( #5753 ), #325, .F. ) ;
#5898 = VERTEX_POINT ( 'NONE', #251 ) ;
#5899 = ORIENTED_EDGE ( 'NONE', *, *, #5769, .F. ) ;
#5900 = CARTESIAN_POINT ( 'NONE',  ( -0.07640153241519358207, 0.02846948526569289747, -0.04577879779687839962 ) ) ;
#5901 = DIRECTION ( 'NONE',  ( 0.000000000000000000, 0.000000000000000000, 1.000000000000000000 ) ) ;
#5902 = CARTESIAN_POINT ( 'NONE',  ( 0.07458553926759391162, 0.03003382268297973001, 0.04639636208735160861 ) ) ;
#5903 = DIRECTION ( 'NONE',  ( 0.000000000000000000, 0.000000000000000000, -1.000000000000000000 ) ) ;
#5904 = CARTESIAN_POINT ( 'NONE',  ( -0.1259842519685039353, 0.005905511811023618496, 0.06299212598425198151 ) ) ;
#5905 = CARTESIAN_POINT ( 'NONE',  ( 0.06762153619863521536, 0.04289462535336164423, -0.04811742286199995056 ) ) ;
#5906 = EDGE_CURVE ( 'NONE', #5178, #5829, #4570, .T. ) ;
#5907 = EDGE_CURVE ( 'NONE', #6391, #7147, #3959, .T. ) ;
#5908 = ORIENTED_EDGE ( 'NONE', *, *, #4448, .T. ) ;
#5909 = CARTESIAN_POINT ( 'NONE',  ( 0.07374918499338972699, 0.03797414095024419234, 0.04748410656847996264 ) ) ;
#5910 = CARTESIAN_POINT ( 'NONE',  ( 0.06692913385826772255, 0.04330708661417322081, 0.04322513669223895794 ) ) ;
#5911 = CARTESIAN_POINT ( 'NONE',  ( -0.09842519685039370636, 0.005905511811023621965, -0.01476377952755905665 ) ) ;
#5912 = CARTESIAN_POINT ( 'NONE',  ( -0.1164233781010027835, 0.006467032068879333823, -0.06299212598425198151 ) ) ;
#5913 = DIRECTION ( 'NONE',  ( 0.000000000000000000, -1.000000000000000000, 0.000000000000000000 ) ) ;
#5914 = EDGE_CURVE ( 'NONE', #5733, #5924, #4643, .T. ) ;
#5915 = EDGE_LOOP ( 'NONE', ( #350, #2469, #7274, #4729, #6900 ) ) ;
#5916 = CARTESIAN_POINT ( 'NONE',  ( -0.1062992125984252023, 0.01574803149606299191, 0.06299212598425198151 ) ) ;
#5917 = AXIS2_PLACEMENT_3D ( 'NONE', #7403, #893, #855 ) ;
#5918 = VERTEX_POINT ( 'NONE', #5790 ) ;
#5919 = DIRECTION ( 'NONE',  ( 0.000000000000000000, 0.000000000000000000, -1.000000000000000000 ) ) ;
#5920 = CARTESIAN_POINT ( 'NONE',  ( -0.04419390004000301603, 0.04172892111220249944, -0.07272994717300683420 ) ) ;
#5921 = CARTESIAN_POINT ( 'NONE',  ( 0.09645669291338584972, 0.03149606299212598381, -0.04894237015283919856 ) ) ;
#5922 = VECTOR ( 'NONE', #5855, 39.37007874015748854 ) ;
#5923 = DIRECTION ( 'NONE',  ( 0.000000000000000000, 0.000000000000000000, 1.000000000000000000 ) ) ;
#5924 = VERTEX_POINT ( 'NONE', #981 ) ;
#5925 = DIRECTION ( 'NONE',  ( -0.000000000000000000, -1.000000000000000000, -0.000000000000000000 ) ) ;
#5926 = EDGE_CURVE ( 'NONE', #2394, #2439, #7194, .T. ) ;
#5927 = ORIENTED_EDGE ( 'NONE', *, *, #6167, .T. ) ;
#5928 = LINE ( 'NONE', #7113, #3794 ) ;
#5929 = VECTOR ( 'NONE', #1131, 39.37007874015748143 ) ;
#5930 = CARTESIAN_POINT ( 'NONE',  ( -0.04745201633871794222, 0.02782422051078385292, 0.07712063192262376410 ) ) ;
#5931 = EDGE_LOOP ( 'NONE', ( #2256, #6765, #372, #5446 ) ) ;
#5932 = DIRECTION ( 'NONE',  ( 1.000000000000000000, 2.707733616970879528E-18, 0.000000000000000000 ) ) ;
#5933 = EDGE_LOOP ( 'NONE', ( #5697, #5626, #7264, #1311 ) ) ;
#5934 = CARTESIAN_POINT ( 'NONE',  ( -0.1117542798527060843, 0.01275443361127101029, -0.06299212598425198151 ) ) ;
#5935 = CARTESIAN_POINT ( 'NONE',  ( -0.07074672248285907017, 0.04530286551454691668, 0.04348829089306058965 ) ) ;
#5936 = VERTEX_POINT ( 'NONE', #365 ) ;
#5937 = VECTOR ( 'NONE', #845, 39.37007874015748143 ) ;
#5938 = VERTEX_POINT ( 'NONE', #3397 ) ;
#5939 = CARTESIAN_POINT ( 'NONE',  ( -0.04353832913269317650, 0.03432075690644036114, -0.07416106375100812997 ) ) ;
#5940 = CARTESIAN_POINT ( 'NONE',  ( 0.07355165176928915582, 0.03833892558812827117, -0.04740228562803823487 ) ) ;
#5941 = DIMENSIONAL_EXPONENTS ( 1.000000000000000000, 0.000000000000000000, 0.000000000000000000, 0.000000000000000000, 0.000000000000000000, 0.000000000000000000, 0.000000000000000000 ) ;
#5942 = DIRECTION ( 'NONE',  ( 0.000000000000000000, 0.000000000000000000, 1.000000000000000000 ) ) ;
#5943 = VECTOR ( 'NONE', #6366, 39.37007874015748143 ) ;
#5944 = LINE ( 'NONE', #4802, #904 ) ;
#5945 = DIRECTION ( 'NONE',  ( 1.000000000000000000, 2.232281561944730346E-16, 0.000000000000000000 ) ) ;
#5946 = CARTESIAN_POINT ( 'NONE',  ( -0.07676281534275797291, 0.02796622616611706483, -0.04729853379859511736 ) ) ;
#5947 = VECTOR ( 'NONE', #4340, 39.37007874015748143 ) ;
#5948 = ORIENTED_EDGE ( 'NONE', *, *, #332, .F. ) ;
#5949 = ORIENTED_EDGE ( 'NONE', *, *, #5580, .T. ) ;
#5950 = LINE ( 'NONE', #7336, #6133 ) ;
#5951 = CARTESIAN_POINT ( 'NONE',  ( -0.06780420960509857264, 0.04724409448818896184, 0.04398719208665101410 ) ) ;
#5952 = VECTOR ( 'NONE', #340, 39.37007874015748143 ) ;
#5953 = ADVANCED_FACE ( 'NONE', ( #5831 ), #6275, .F. ) ;
#5954 = LINE ( 'NONE', #2411, #7241 ) ;
#5955 = CARTESIAN_POINT ( 'NONE',  ( 0.09842519685039370636, 0.007874015748031471668, 0.01476377952755905838 ) ) ;
#5956 = CARTESIAN_POINT ( 'NONE',  ( 0.04811742286199990892, 0.03149606299212598381, 0.07874015748031498729 ) ) ;
#5957 = ORIENTED_EDGE ( 'NONE', *, *, #4522, .F. ) ;
#5958 = FACE_OUTER_BOUND ( 'NONE', #307, .T. ) ;
#5959 = AXIS2_PLACEMENT_3D ( 'NONE', #4736, #1074, #4047 ) ;
#5960 = ORIENTED_EDGE ( 'NONE', *, *, #6192, .F. ) ;
#5961 = CARTESIAN_POINT ( 'NONE',  ( -0.08728965698918823846, 0.005905511811023621965, -0.01870078740157480809 ) ) ;
#5962 = CARTESIAN_POINT ( 'NONE',  ( -0.04852469953823794480, 0.03333483556450116819, -0.07626139865388954775 ) ) ;
#5963 = CARTESIAN_POINT ( 'NONE',  ( 0.04794158768417218497, 0.02755905511811023237, 0.07834358685339627704 ) ) ;
#5964 = ADVANCED_FACE ( 'NONE', ( #4764 ), #5, .T. ) ;
#5965 = EDGE_CURVE ( 'NONE', #4769, #6557, #4801, .T. ) ;
#5966 = AXIS2_PLACEMENT_3D ( 'NONE', #92, #3045, #6753 ) ;
#5967 = LINE ( 'NONE', #7188, #1531 ) ;
#5968 = DIRECTION ( 'NONE',  ( 1.000000000000000000, 0.000000000000000000, 0.000000000000000000 ) ) ;
#5969 = ORIENTED_EDGE ( 'NONE', *, *, #5769, .T. ) ;
#5970 = DIRECTION ( 'NONE',  ( 0.000000000000000000, 0.000000000000000000, -1.000000000000000000 ) ) ;
#5971 = VERTEX_POINT ( 'NONE', #5870 ) ;
#5972 = CARTESIAN_POINT ( 'NONE',  ( 0.07049778985967473932, 0.04563202121754613566, 0.04347150067081170799 ) ) ;
#5973 = VECTOR ( 'NONE', #309, 39.37007874015748143 ) ;
#5974 = LINE ( 'NONE', #4227, #6699 ) ;
#5975 = EDGE_CURVE ( 'NONE', #6296, #6522, #4076, .T. ) ;
#5976 = DIRECTION ( 'NONE',  ( 0.000000000000000000, 0.000000000000000000, 1.000000000000000000 ) ) ;
#5977 = VECTOR ( 'NONE', #5507, 39.37007874015748143 ) ;
#5978 = ORIENTED_EDGE ( 'NONE', *, *, #2225, .T. ) ;
#5979 = CARTESIAN_POINT ( 'NONE',  ( -0.09842519685039370636, 0.01181102362204724567, 0.04500536227882344364 ) ) ;
#5980 = VERTEX_POINT ( 'NONE', #7166 ) ;
#5981 = CARTESIAN_POINT ( 'NONE',  ( -0.04495427367712166028, 0.03833892558812855567, -0.07456565152021005227 ) ) ;
#5982 = ORIENTED_EDGE ( 'NONE', *, *, #7075, .F. ) ;
#5983 = ORIENTED_EDGE ( 'NONE', *, *, #1781, .F. ) ;
#5984 = CARTESIAN_POINT ( 'NONE',  ( -0.04517980852090020677, 0.03003382268297973001, -0.07580254313921516718 ) ) ;
#5985 = CARTESIAN_POINT ( 'NONE',  ( 0.04434486169540251960, 0.04048239269985884348, -0.07496759631371767429 ) ) ;
#5986 = CARTESIAN_POINT ( 'NONE',  ( 0.04595995108315489158, 0.04476932692331955788, -0.07006954814955139443 ) ) ;
#5987 = LINE ( 'NONE', #7801, #1923 ) ;
#5988 = DIRECTION ( 'NONE',  ( -1.000000000000000000, 0.000000000000000000, 0.000000000000000000 ) ) ;
#5989 = VECTOR ( 'NONE', #7830, 39.37007874015748143 ) ;
#5990 = CARTESIAN_POINT ( 'NONE',  ( -0.04434486169540252654, 0.04048239269985884348, 0.07496759631371764654 ) ) ;
#5991 = EDGE_LOOP ( 'NONE', ( #28, #1345, #1320, #7326, #6719, #6501, #3412 ) ) ;
#5992 = VERTEX_POINT ( 'NONE', #5902 ) ;
#5993 = CARTESIAN_POINT ( 'NONE',  ( -0.06889763779527559306, 0.009842519685039369942, 0.08267716535433072833 ) ) ;
#5994 = PRESENTATION_LAYER_ASSIGNMENT (  '', '', ( #3960 ) ) ;
#5995 = CARTESIAN_POINT ( 'NONE',  ( 0.07677165354330711677, 0.005905511811023621965, -0.01870078740157480462 ) ) ;
#5996 = DIRECTION ( 'NONE',  ( 0.000000000000000000, -3.614007241618363562E-16, 1.000000000000000000 ) ) ;
#5997 = DIRECTION ( 'NONE',  ( 0.000000000000000000, 0.000000000000000000, 1.000000000000000000 ) ) ;
#5998 = AXIS2_PLACEMENT_3D ( 'NONE', #6508, #3473, #5901 ) ;
#5999 = VERTEX_POINT ( 'NONE', #1696 ) ;
#6000 = CARTESIAN_POINT ( 'NONE',  ( -0.09842519685039370636, 0.02755905511811023584, -0.04894237015283919856 ) ) ;
#6001 = ORIENTED_EDGE ( 'NONE', *, *, #4717, .T. ) ;
#6002 = DIRECTION ( 'NONE',  ( -1.000000000000000000, 0.000000000000000000, 0.000000000000000000 ) ) ;
#6003 = FILL_AREA_STYLE ('',( #62 ) ) ;
#6004 = CARTESIAN_POINT ( 'NONE',  ( 0.08728965698918823846, 0.005905511811023621965, 0.01870078740157480462 ) ) ;
#6005 = FACE_OUTER_BOUND ( 'NONE', #321, .T. ) ;
#6006 = CARTESIAN_POINT ( 'NONE',  ( -0.07771454563992451214, 0.03161179841724844758, 0.04855457223440804576 ) ) ;
#6007 = CYLINDRICAL_SURFACE ( 'NONE', #6630, 0.007874015748031497688 ) ;
#6008 = ORIENTED_EDGE ( 'NONE', *, *, #1903, .F. ) ;
#6009 = B_SPLINE_CURVE_WITH_KNOTS ( 'NONE', 3,
 ( #2053, #4477, #3781, #6215, #3905, #153, #6256, #2011, #5075, #2589 ),
 .UNSPECIFIED., .F., .F.,
 ( 4, 3, 3, 4 ),
 ( 2.284515603039783889E-16, 4.000545356693202634E-05, 0.0002000054532038362013, 0.0003789617248658075474 ),
 .UNSPECIFIED. ) ;
#6010 = CARTESIAN_POINT ( 'NONE',  ( -0.04596025582282960847, 0.04476796829371383624, 0.07007028385620836519 ) ) ;
#6011 = ORIENTED_EDGE ( 'NONE', *, *, #4060, .T. ) ;
#6012 = CARTESIAN_POINT ( 'NONE',  ( 0.07110237588509668583, 0.04473455728097477935, 0.04495375013881695858 ) ) ;
#6013 = EDGE_CURVE ( 'NONE', #5346, #654, #6497, .T. ) ;
#6014 = EDGE_CURVE ( 'NONE', #3928, #4739, #6747, .T. ) ;
#6015 = CARTESIAN_POINT ( 'NONE',  ( 0.09842519685039370636, 0.005905511811023620231, -0.01476377952755906012 ) ) ;
#6016 = CARTESIAN_POINT ( 'NONE',  ( 0.04801121202533242815, 0.03562413162296523828, -0.07502173013612528640 ) ) ;
#6017 = CARTESIAN_POINT ( 'NONE',  ( 0.09645669291338584972, 0.005905511811023621965, 0.02657480314960630058 ) ) ;
#6018 = CARTESIAN_POINT ( 'NONE',  ( 0.1062992125984252023, 0.009280999427183432571, 0.08267716535433072833 ) ) ;
#6019 = ORIENTED_EDGE ( 'NONE', *, *, #7075, .T. ) ;
#6020 = CARTESIAN_POINT ( 'NONE',  ( -0.05511811023622047168, 0.02755905511811023584, -0.09645669291338584972 ) ) ;
#6021 = ORIENTED_EDGE ( 'NONE', *, *, #6963, .F. ) ;
#6022 = CARTESIAN_POINT ( 'NONE',  ( -0.04869586204253960326, 0.03257173687834657994, 0.07667462149314438480 ) ) ;
#6023 = ADVANCED_FACE ( 'NONE', ( #7716 ), #2285, .F. ) ;
#6024 = EDGE_LOOP ( 'NONE', ( #1309, #6581, #3995, #4918 ) ) ;
#6025 = ORIENTED_EDGE ( 'NONE', *, *, #793, .F. ) ;
#6026 = DIRECTION ( 'NONE',  ( 0.000000000000000000, 0.000000000000000000, -1.000000000000000000 ) ) ;
#6027 = CARTESIAN_POINT ( 'NONE',  ( 0.04598634108360953598, 0.03619545847639819847, -0.07660907570192469762 ) ) ;
#6028 = FACE_OUTER_BOUND ( 'NONE', #1527, .T. ) ;
#6029 = CARTESIAN_POINT ( 'NONE',  ( -0.04351193913223755372, 0.04476932692331955788, -0.07108354790047279048 ) ) ;
#6030 = CARTESIAN_POINT ( 'NONE',  ( 0.07112381294362510320, 0.04469496946141584409, -0.04351999302633953459 ) ) ;
#6031 = EDGE_CURVE ( 'NONE', #2118, #805, #4936, .T. ) ;
#6032 = ORIENTED_EDGE ( 'NONE', *, *, #2002, .T. ) ;
#6033 = ORIENTED_EDGE ( 'NONE', *, *, #4614, .T. ) ;
#6034 = DIRECTION ( 'NONE',  ( -1.445602896647343847E-15, 0.000000000000000000, 1.000000000000000000 ) ) ;
#6035 = CARTESIAN_POINT ( 'NONE',  ( 0.07749446457217268325, 0.03165407675297351314, 0.04865708058756014476 ) ) ;
#6036 = DIRECTION ( 'NONE',  ( -1.000000000000000000, 2.707733616970879528E-18, 0.000000000000000000 ) ) ;
#6037 = CARTESIAN_POINT ( 'NONE',  ( -0.1259842519685039353, -1.574803884209003054E-18, -0.08267716535433072833 ) ) ;
#6038 = ORIENTED_EDGE ( 'NONE', *, *, #565, .T. ) ;
#6039 = CARTESIAN_POINT ( 'NONE',  ( 0.05511811023622046474, 0.02755905511811023584, -0.09842519685039370636 ) ) ;
#6040 = ORIENTED_EDGE ( 'NONE', *, *, #5204, .T. ) ;
#6041 = CYLINDRICAL_SURFACE ( 'NONE', #5360, 0.003937007874015749712 ) ;
#6042 = FACE_OUTER_BOUND ( 'NONE', #2612, .T. ) ;
#6043 = EDGE_CURVE ( 'NONE', #3009, #7414, #4475, .T. ) ;
#6044 = CARTESIAN_POINT ( 'NONE',  ( 0.06584623711124472367, 0.02755905511811023584, -0.09645669291338582196 ) ) ;
#6045 = DIRECTION ( 'NONE',  ( 0.000000000000000000, 0.000000000000000000, -1.000000000000000000 ) ) ;
#6046 = ORIENTED_EDGE ( 'NONE', *, *, #3974, .F. ) ;
#6047 = VECTOR ( 'NONE', #4078, 39.37007874015748143 ) ;
#6048 = VERTEX_POINT ( 'NONE', #7085 ) ;
#6049 = CARTESIAN_POINT ( 'NONE',  ( 0.07098615696155625987, 0.04494917878645576792, 0.04490561068448201132 ) ) ;
#6050 = CARTESIAN_POINT ( 'NONE',  ( 0.000000000000000000, 0.04724409448818898266, 0.000000000000000000 ) ) ;
#6051 = CARTESIAN_POINT ( 'NONE',  ( 0.000000000000000000, 0.09645669291338582196, 0.000000000000000000 ) ) ;
#6052 = AXIS2_PLACEMENT_3D ( 'NONE', #584, #4793, #4308 ) ;
#6053 = CARTESIAN_POINT ( 'NONE',  ( 0.04811742286199988811, 0.03149606299212598381, 0.07874015748031495954 ) ) ;
#6054 = EDGE_CURVE ( 'NONE', #4311, #1579, #7128, .T. ) ;
#6055 = DIRECTION ( 'NONE',  ( 0.000000000000000000, -1.000000000000000000, 0.000000000000000000 ) ) ;
#6056 = ADVANCED_FACE ( 'NONE', ( #6028 ), #3435, .T. ) ;
#6057 = CARTESIAN_POINT ( 'NONE',  ( 0.06889763779527559306, 0.009842519685039369942, -0.08267716535433072833 ) ) ;
#6058 = ORIENTED_EDGE ( 'NONE', *, *, #4153, .F. ) ;
#6059 = CARTESIAN_POINT ( 'NONE',  ( -0.04677617801571229417, 0.03164152125807701693, 0.07820048377683218310 ) ) ;
#6060 = AXIS2_PLACEMENT_3D ( 'NONE', #1202, #2345, #4177 ) ;
#6061 = EDGE_LOOP ( 'NONE', ( #3808, #5571, #7644, #7386 ) ) ;
#6062 = ORIENTED_EDGE ( 'NONE', *, *, #4145, .F. ) ;
#6063 = LINE ( 'NONE', #7487, #281 ) ;
#6064 = CARTESIAN_POINT ( 'NONE',  ( 0.07804775513994732794, 0.03190852425293713018, 0.04639660822200682155 ) ) ;
#6065 = CIRCLE ( 'NONE', #3263, 0.007874015748031499423 ) ;
#6066 = ADVANCED_FACE ( 'NONE', ( #7207 ), #3601, .F. ) ;
#6067 = CARTESIAN_POINT ( 'NONE',  ( 0.09842519685039370636, 0.02559055118110236532, 0.04894237015283921244 ) ) ;
#6068 = ADVANCED_FACE ( 'NONE', ( #6544 ), #3515, .F. ) ;
#6069 = CARTESIAN_POINT ( 'NONE',  ( 0.04779161441472264821, 0.02760959072074414128, -0.07792559920627212255 ) ) ;
#6070 = CARTESIAN_POINT ( 'NONE',  ( 0.07092144877917702650, 0.04506030752890938240, -0.04487880767774408974 ) ) ;
#6071 = AXIS2_PLACEMENT_3D ( 'NONE', #1751, #5851, #5290 ) ;
#6072 = CARTESIAN_POINT ( 'NONE',  ( -0.06496062992125986590, 0.000000000000000000, 0.02657480314960630405 ) ) ;
#6073 = EDGE_LOOP ( 'NONE', ( #4705, #1800, #779, #2196, #7257, #1128, #4545, #3593 ) ) ;
#6074 = SHAPE_DEFINITION_REPRESENTATION ( #3602, #6419 ) ;
#6075 = ORIENTED_EDGE ( 'NONE', *, *, #3283, .F. ) ;
#6076 = CARTESIAN_POINT ( 'NONE',  ( -0.06692913385826770867, 0.04724409448818898266, 0.04811742286199992280 ) ) ;
#6077 = CARTESIAN_POINT ( 'NONE',  ( 0.06496062992125986590, 0.000000000000000000, 0.02657480314960629711 ) ) ;
#6078 = EDGE_CURVE ( 'NONE', #3102, #5723, #1701, .T. ) ;
#6079 = LINE ( 'NONE', #2572, #5576 ) ;
#6080 = CARTESIAN_POINT ( 'NONE',  ( -0.07812288937526422339, 0.03178818152119072815, -0.04658600209559899535 ) ) ;
#6081 = ORIENTED_EDGE ( 'NONE', *, *, #3681, .F. ) ;
#6082 = CARTESIAN_POINT ( 'NONE',  ( 0.07499921775864470952, 0.02936772777995658862, 0.04656654295303363361 ) ) ;
#6083 = EDGE_LOOP ( 'NONE', ( #6624, #5680, #4907, #5837 ) ) ;
#6084 = LINE ( 'NONE', #6231, #1868 ) ;
#6085 = DIRECTION ( 'NONE',  ( 0.000000000000000000, 0.000000000000000000, -1.000000000000000000 ) ) ;
#6086 = VECTOR ( 'NONE', #1709, 39.37007874015748143 ) ;
#6087 = CARTESIAN_POINT ( 'NONE',  ( -0.04744814616777429106, 0.03149606299212601851, -0.07847086105202866202 ) ) ;
#6088 = CARTESIAN_POINT ( 'NONE',  ( 0.04270338230719554484, 0.04476932692331947461, 0.07332611692551058158 ) ) ;
#6089 = CARTESIAN_POINT ( 'NONE',  ( -0.07111579545716752160, 0.04470977535499396499, -0.04352529650757444579 ) ) ;
#6090 = CARTESIAN_POINT ( 'NONE',  ( -0.04811742286199986035, 0.03190852425293756733, 0.07804775513994748060 ) ) ;
#6091 = AXIS2_PLACEMENT_3D ( 'NONE', #7474, #2045, #885 ) ;
#6092 = ORIENTED_EDGE ( 'NONE', *, *, #1949, .F. ) ;
#6093 = EDGE_LOOP ( 'NONE', ( #1580, #2591, #5435, #5751 ) ) ;
#6094 = CARTESIAN_POINT ( 'NONE',  ( 0.000000000000000000, 0.09842519685039370636, 0.000000000000000000 ) ) ;
#6095 = EDGE_CURVE ( 'NONE', #2724, #2118, #6627, .T. ) ;
#6096 = LINE ( 'NONE', #4345, #658 ) ;
#6097 = VECTOR ( 'NONE', #2809, 39.37007874015748143 ) ;
#6098 = CARTESIAN_POINT ( 'NONE',  ( 0.04811742286199983260, 0.04633366434060631062, -0.07023644914266810590 ) ) ;
#6099 = ORIENTED_EDGE ( 'NONE', *, *, #1721, .T. ) ;
#6100 = DIRECTION ( 'NONE',  ( 0.000000000000000000, 0.000000000000000000, -1.000000000000000000 ) ) ;
#6101 = CIRCLE ( 'NONE', #5094, 0.0005615202578557803789 ) ;
#6102 = ORIENTED_EDGE ( 'NONE', *, *, #201, .F. ) ;
#6103 = LINE ( 'NONE', #7201, #6468 ) ;
#6104 = ORIENTED_EDGE ( 'NONE', *, *, #7800, .F. ) ;
#6105 = ORIENTED_EDGE ( 'NONE', *, *, #3528, .T. ) ;
#6106 = CARTESIAN_POINT ( 'NONE',  ( -0.09645669291338582196, 0.005905511811023621965, -0.01501381231061532304 ) ) ;
#6107 = FACE_OUTER_BOUND ( 'NONE', #6298, .T. ) ;
#6108 = LINE ( 'NONE', #83, #5226 ) ;
#6109 = CARTESIAN_POINT ( 'NONE',  ( -0.04322513669223895100, 0.04724409448818898266, -0.06692913385826773642 ) ) ;
#6110 = CARTESIAN_POINT ( 'NONE',  ( 0.06692913385826773642, 0.04724409448818895491, -0.04322513669223895100 ) ) ;
#6111 = EDGE_LOOP ( 'NONE', ( #3371, #6922 ) ) ;
#6112 = AXIS2_PLACEMENT_3D ( 'NONE', #6704, #4276, #6183 ) ;
#6113 = EDGE_CURVE ( 'NONE', #5012, #3089, #673, .T. ) ;
#6114 = ORIENTED_EDGE ( 'NONE', *, *, #3332, .T. ) ;
#6115 = EDGE_CURVE ( 'NONE', #5980, #5806, #2559, .T. ) ;
#6116 = FACE_OUTER_BOUND ( 'NONE', #3670, .T. ) ;
#6117 = LINE ( 'NONE', #1229, #3811 ) ;
#6118 = CARTESIAN_POINT ( 'NONE',  ( 0.07283464566929134798, 0.005905511811023621965, 0.01870078740157480116 ) ) ;
#6119 = VECTOR ( 'NONE', #7680, 39.37007874015748143 ) ;
#6120 = LINE ( 'NONE', #1189, #6605 ) ;
#6121 = CARTESIAN_POINT ( 'NONE',  ( 0.07852503081920887695, 0.03150943455458717762, -0.04760429426167956529 ) ) ;
#6122 = ORIENTED_EDGE ( 'NONE', *, *, #5421, .F. ) ;
#6123 = AXIS2_PLACEMENT_3D ( 'NONE', #1103, #1067, #5275 ) ;
#6124 = LINE ( 'NONE', #4740, #5570 ) ;
#6125 = ORIENTED_EDGE ( 'NONE', *, *, #4753, .F. ) ;
#6126 = ADVANCED_FACE ( 'NONE', ( #3633, #202 ), #5501, .F. ) ;
#6127 = VECTOR ( 'NONE', #3984, 39.37007874015748143 ) ;
#6128 = PRESENTATION_STYLE_ASSIGNMENT (( #1279 ) ) ;
#6129 = CARTESIAN_POINT ( 'NONE',  ( -0.04777676044448233433, 0.03216084518934599068, -0.07791772565175297816 ) ) ;
#6130 = CARTESIAN_POINT ( 'NONE',  ( 0.04517980852090011656, 0.03003382268297973001, -0.07580254313921527820 ) ) ;
#6131 = CARTESIAN_POINT ( 'NONE',  ( -0.06692913385826773642, 0.04724409448818895491, -0.04322513669223893018 ) ) ;
#6132 = LINE ( 'NONE', #7231, #1171 ) ;
#6133 = VECTOR ( 'NONE', #5506, 39.37007874015748143 ) ;
#6134 = CARTESIAN_POINT ( 'NONE',  ( 0.04351193913223752596, 0.04476932692331957175, 0.07108354790047279048 ) ) ;
#6135 = ORIENTED_EDGE ( 'NONE', *, *, #4363, .T. ) ;
#6136 = CARTESIAN_POINT ( 'NONE',  ( 0.07010371479774359094, 0.04469496946141591348, 0.04598272780507824814 ) ) ;
#6137 = CARTESIAN_POINT ( 'NONE',  ( -0.04811742286199997831, 0.03149606299212599075, -0.07844366278012823712 ) ) ;
#6138 = VERTEX_POINT ( 'NONE', #5533 ) ;
#6139 = DIRECTION ( 'NONE',  ( 0.000000000000000000, 0.000000000000000000, -1.000000000000000000 ) ) ;
#6140 = VERTEX_POINT ( 'NONE', #6067 ) ;
#6141 = CARTESIAN_POINT ( 'NONE',  ( -0.07874015748031494566, 0.03149606299212598381, 0.04811742286199992280 ) ) ;
#6142 = VERTEX_POINT ( 'NONE', #1900 ) ;
#6143 = VERTEX_POINT ( 'NONE', #741 ) ;
#6144 = CARTESIAN_POINT ( 'NONE',  ( -0.07835038663612813037, 0.03164780135005641065, -0.04772765201781294098 ) ) ;
#6145 = CARTESIAN_POINT ( 'NONE',  ( 0.1259842519685039353, 0.005905511811023618496, 0.06299212598425198151 ) ) ;
#6146 = CARTESIAN_POINT ( 'NONE',  ( 0.000000000000000000, 0.04330708661417323468, 0.000000000000000000 ) ) ;
#6147 = DIRECTION ( 'NONE',  ( 0.000000000000000000, 0.000000000000000000, 1.000000000000000000 ) ) ;
#6148 = EDGE_CURVE ( 'NONE', #7148, #61, #6742, .T. ) ;
#6149 = DIRECTION ( 'NONE',  ( 0.000000000000000000, 0.000000000000000000, 1.000000000000000000 ) ) ;
#6150 = DIRECTION ( 'NONE',  ( 1.000000000000000000, 0.000000000000000000, 0.000000000000000000 ) ) ;
#6151 = EDGE_LOOP ( 'NONE', ( #4512, #3606, #3296, #5314 ) ) ;
#6152 = ORIENTED_EDGE ( 'NONE', *, *, #2178, .T. ) ;
#6153 = CARTESIAN_POINT ( 'NONE',  ( -0.04811742286199998525, 0.02755905511811023584, -0.07696118927919452790 ) ) ;
#6154 = DIRECTION ( 'NONE',  ( 0.000000000000000000, 0.000000000000000000, 1.000000000000000000 ) ) ;
#6155 = CARTESIAN_POINT ( 'NONE',  ( 0.07108354790047265170, 0.04476932692331947461, -0.04811742286199995056 ) ) ;
#6156 = EDGE_CURVE ( 'NONE', #1888, #1579, #170, .T. ) ;
#6157 = FACE_OUTER_BOUND ( 'NONE', #914, .T. ) ;
#6158 = EDGE_CURVE ( 'NONE', #4784, #3143, #2428, .T. ) ;
#6159 = DIRECTION ( 'NONE',  ( 0.000000000000000000, -1.000000000000000000, 3.614007241618364055E-16 ) ) ;
#6160 = VERTEX_POINT ( 'NONE', #3193 ) ;
#6161 = DIRECTION ( 'NONE',  ( 0.000000000000000000, 0.000000000000000000, -1.000000000000000000 ) ) ;
#6162 = EDGE_LOOP ( 'NONE', ( #6102, #4189, #6608, #2577 ) ) ;
#6163 =( NAMED_UNIT ( * ) SI_UNIT ( $, .STERADIAN. ) SOLID_ANGLE_UNIT ( ) );
#6164 = CARTESIAN_POINT ( 'NONE',  ( 0.05511811023622046474, 0.01574803149606302313, 0.1023622047244094613 ) ) ;
#6165 = B_SPLINE_CURVE_WITH_KNOTS ( 'NONE', 3,
 ( #2859, #7040, #4791, #5861, #7116, #1054, #7673, #2825, #1090, #2241 ),
 .UNSPECIFIED., .F., .F.,
 ( 4, 2, 2, 2, 4 ),
 ( 0.7444130001157986953, 0.8083097500868490215, 0.8722065000578993477, 0.9361032500289496738, 1.000000000000000000 ),
 .UNSPECIFIED. ) ;
#6166 = CARTESIAN_POINT ( 'NONE',  ( -0.07677165354330711677, 0.005905511811023621965, -0.02263779527559056301 ) ) ;
#6167 = EDGE_CURVE ( 'NONE', #737, #903, #2444, .T. ) ;
#6168 = VERTEX_POINT ( 'NONE', #3150 ) ;
#6169 = ORIENTED_EDGE ( 'NONE', *, *, #4374, .F. ) ;
#6170 = CARTESIAN_POINT ( 'NONE',  ( 0.07755898274845414442, 0.03281114030980837593, 0.04762816426853082319 ) ) ;
#6171 = DIRECTION ( 'NONE',  ( -0.7071067811865473507, 0.000000000000000000, 0.7071067811865476838 ) ) ;
#6172 = CARTESIAN_POINT ( 'NONE',  ( 0.05118110236220469594, 0.01181102362204724567, -0.09842519685039370636 ) ) ;
#6173 = CARTESIAN_POINT ( 'NONE',  ( -0.1164233781010027835, 0.005905511811023620231, 0.06299212598425198151 ) ) ;
#6174 = CARTESIAN_POINT ( 'NONE',  ( -0.06889763779527559306, 0.009842519685039369942, 0.06299212598425198151 ) ) ;
#6175 = EDGE_CURVE ( 'NONE', #7775, #7793, #5617, .T. ) ;
#6176 = EDGE_LOOP ( 'NONE', ( #7179, #3574, #1963, #4220, #4508, #5505, #6490, #205, #1556, #854, #7482, #958 ) ) ;
#6177 = CARTESIAN_POINT ( 'NONE',  ( -0.06692913385826770867, 0.04724409448818895491, 0.04811742286199992280 ) ) ;
#6178 = ORIENTED_EDGE ( 'NONE', *, *, #7766, .T. ) ;
#6179 = CARTESIAN_POINT ( 'NONE',  ( -0.09842519685039370636, 0.02755905511811023584, 0.04894237015283921244 ) ) ;
#6180 = VECTOR ( 'NONE', #3992, 39.37007874015748143 ) ;
#6181 = ORIENTED_EDGE ( 'NONE', *, *, #6158, .T. ) ;
#6182 = CARTESIAN_POINT ( 'NONE',  ( -0.09768888381577903179, 0.006323382781405686472, -0.01479606844440913178 ) ) ;
#6183 = DIRECTION ( 'NONE',  ( 0.000000000000000000, 0.000000000000000000, 1.000000000000000000 ) ) ;
#6184 = AXIS2_PLACEMENT_3D ( 'NONE', #8, #7374, #6782 ) ;
#6185 = CARTESIAN_POINT ( 'NONE',  ( -0.04462688404783604623, 0.03792383456189223068, -0.07031325133517093984 ) ) ;
#6186 = CARTESIAN_POINT ( 'NONE',  ( 0.06962676035647348549, 0.04563202121754635771, -0.04557435191066686042 ) ) ;
#6187 = CARTESIAN_POINT ( 'NONE',  ( -0.05511811023622047168, 0.03149606299212598381, -0.09842519685039370636 ) ) ;
#6188 = ORIENTED_EDGE ( 'NONE', *, *, #4697, .T. ) ;
#6189 = EDGE_LOOP ( 'NONE', ( #1957, #1030, #6671, #3977, #574, #4983 ) ) ;
#6190 = CARTESIAN_POINT ( 'NONE',  ( 0.04811742286199982566, 0.02846948526569289747, -0.07543284219591459006 ) ) ;
#6191 = AXIS2_PLACEMENT_3D ( 'NONE', #2568, #5713, #6821 ) ;
#6192 = EDGE_CURVE ( 'NONE', #668, #894, #6108, .T. ) ;
#6193 = CARTESIAN_POINT ( 'NONE',  ( -0.09645669291338582196, 0.007874015748031495954, 0.02263779527559055260 ) ) ;
#6194 = LINE ( 'NONE', #6118, #3564 ) ;
#6195 = CARTESIAN_POINT ( 'NONE',  ( 0.1159497248488431664, 0.006165440297272224528, 0.06299212598425198151 ) ) ;
#6196 = CARTESIAN_POINT ( 'NONE',  ( -0.04884438215999988009, 0.03190958539275174505, 0.07703318077500230510 ) ) ;
#6197 = CARTESIAN_POINT ( 'NONE',  ( 0.07812050110964097183, 0.03177418425857462397, -0.04657741722464837225 ) ) ;
#6198 = VERTEX_POINT ( 'NONE', #3712 ) ;
#6199 = LINE ( 'NONE', #4939, #2042 ) ;
#6200 = VERTEX_POINT ( 'NONE', #7409 ) ;
#6201 = VECTOR ( 'NONE', #1281, 39.37007874015748143 ) ;
#6202 = FILL_AREA_STYLE ('',( #6911 ) ) ;
#6203 = EDGE_CURVE ( 'NONE', #6207, #737, #290, .T. ) ;
#6204 = CARTESIAN_POINT ( 'NONE',  ( 0.06889763779527559306, 0.009842519685039369942, -0.06299212598425198151 ) ) ;
#6205 = CARTESIAN_POINT ( 'NONE',  ( -0.05511811023622046474, 0.03149606299212598381, 0.1023622047244094613 ) ) ;
#6206 = DIRECTION ( 'NONE',  ( 0.000000000000000000, 0.000000000000000000, -1.000000000000000000 ) ) ;
#6207 = VERTEX_POINT ( 'NONE', #3074 ) ;
#6208 = CARTESIAN_POINT ( 'NONE',  ( 0.07701223264166345839, 0.03192330889089442514, 0.04885379207413179103 ) ) ;
#6209 = CIRCLE ( 'NONE', #4304, 0.03740157480314960925 ) ;
#6210 = EDGE_CURVE ( 'NONE', #6537, #5733, #5041, .T. ) ;
#6211 = CARTESIAN_POINT ( 'NONE',  ( -0.1164233781010027835, 0.006467032068879333823, 0.08267716535433072833 ) ) ;
#6212 = ADVANCED_FACE ( 'NONE', ( #4239 ), #2711, .F. ) ;
#6213 = CARTESIAN_POINT ( 'NONE',  ( -0.1062992125984252023, 0.009280999427183432571, -0.06299212598425198151 ) ) ;
#6214 = VERTEX_POINT ( 'NONE', #392 ) ;
#6215 = CARTESIAN_POINT ( 'NONE',  ( 0.06835136698354270235, 0.04154684672117767846, 0.04381424494158411148 ) ) ;
#6216 = ORIENTED_EDGE ( 'NONE', *, *, #5378, .T. ) ;
#6217 = CARTESIAN_POINT ( 'NONE',  ( 0.05511811023622046474, 0.02559055118110236532, 0.09842519685039370636 ) ) ;
#6218 = B_SPLINE_CURVE_WITH_KNOTS ( 'NONE', 3,
 ( #6461, #2789, #2319, #4759, #6538, #5382 ),
 .UNSPECIFIED., .F., .F.,
 ( 4, 2, 4 ),
 ( 0.000000000000000000, 0.5000000000000000000, 1.000000000000000000 ),
 .UNSPECIFIED. ) ;
#6219 = LENGTH_MEASURE_WITH_UNIT ( LENGTH_MEASURE( 0.02539999999999999897 ), #3709 );
#6220 = VECTOR ( 'NONE', #4982, 39.37007874015748854 ) ;
#6221 = CARTESIAN_POINT ( 'NONE',  ( -0.09732079866744665353, 0.006092145630867971777, -0.01483943635908757143 ) ) ;
#6222 = EDGE_CURVE ( 'NONE', #4808, #2118, #5782, .T. ) ;
#6223 = CARTESIAN_POINT ( 'NONE',  ( -0.08728965698918823846, 0.005905511811023621965, 0.02263779527559055260 ) ) ;
#6224 = CARTESIAN_POINT ( 'NONE',  ( 0.1067728658505845696, 0.009582591198791106518, -0.08267716535433072833 ) ) ;
#6225 = VECTOR ( 'NONE', #4287, 39.37007874015748143 ) ;
#6226 = LINE ( 'NONE', #164, #2672 ) ;
#6227 = CARTESIAN_POINT ( 'NONE',  ( 0.07803902177287924680, 0.03192330889089447371, -0.04637490382785326715 ) ) ;
#6228 = DIRECTION ( 'NONE',  ( -0.000000000000000000, -1.000000000000000000, -0.000000000000000000 ) ) ;
#6229 = ORIENTED_EDGE ( 'NONE', *, *, #5005, .F. ) ;
#6230 = EDGE_LOOP ( 'NONE', ( #1571, #3994, #5908, #2575, #2986, #3864, #3226, #4009 ) ) ;
#6231 = CARTESIAN_POINT ( 'NONE',  ( -0.1023622047244094613, 0.03149606299212598381, -0.04894237015283919856 ) ) ;
#6232 = AXIS2_PLACEMENT_3D ( 'NONE', #6004, #571, #4824 ) ;
#6233 = LINE ( 'NONE', #4491, #1444 ) ;
#6234 = DIRECTION ( 'NONE',  ( 0.000000000000000000, 0.000000000000000000, -1.000000000000000000 ) ) ;
#6235 = FACE_OUTER_BOUND ( 'NONE', #1430, .T. ) ;
#6236 = AXIS2_PLACEMENT_3D ( 'NONE', #122, #4926, #5535 ) ;
#6237 = CARTESIAN_POINT ( 'NONE',  ( 0.09645669291338584972, 0.03149606299212598381, 0.04894237015283921244 ) ) ;
#6238 = ORIENTED_EDGE ( 'NONE', *, *, #6325, .T. ) ;
#6239 = FACE_OUTER_BOUND ( 'NONE', #6414, .T. ) ;
#6240 = ORIENTED_EDGE ( 'NONE', *, *, #7368, .T. ) ;
#6241 = LINE ( 'NONE', #296, #1540 ) ;
#6242 = AXIS2_PLACEMENT_3D ( 'NONE', #5190, #5154, #3395 ) ;
#6243 = VECTOR ( 'NONE', #946, 39.37007874015748143 ) ;
#6244 = CARTESIAN_POINT ( 'NONE',  ( 0.07059815599749870441, 0.04330708661417322775, -0.03997542137918377175 ) ) ;
#6245 = CARTESIAN_POINT ( 'NONE',  ( 0.09842519685039370636, 0.02559055118110236532, -0.04894237015283919856 ) ) ;
#6246 = CARTESIAN_POINT ( 'NONE',  ( 0.04322513669223892324, 0.04724409448818895491, 0.06692913385826773642 ) ) ;
#6247 = EDGE_CURVE ( 'NONE', #6451, #5846, #5705, .T. ) ;
#6248 = CIRCLE ( 'NONE', #6378, 0.003937007874015741038 ) ;
#6249 = VERTEX_POINT ( 'NONE', #5821 ) ;
#6250 = PLANE ( 'NONE',  #7479 ) ;
#6251 = CARTESIAN_POINT ( 'NONE',  ( 0.09690881573372342461, 0.005958136653374038194, 0.01491117167214940815 ) ) ;
#6252 = DIRECTION ( 'NONE',  ( 1.000000000000000000, 0.000000000000000000, 0.000000000000000000 ) ) ;
#6253 = CARTESIAN_POINT ( 'NONE',  ( -0.07051423731127492989, 0.04563022806078857740, 0.04471013516498512780 ) ) ;
#6254 = VERTEX_POINT ( 'NONE', #2098 ) ;
#6255 = EDGE_CURVE ( 'NONE', #7797, #547, #3879, .T. ) ;
#6256 = CARTESIAN_POINT ( 'NONE',  ( 0.07129419361062457050, 0.03611232829824514989, 0.04503320364223411393 ) ) ;
#6257 =( BOUNDED_SURFACE ( )  B_SPLINE_SURFACE ( 3, 2, ( 
 ( #6246, #692, #2460 ),
 ( #5028, #4298, #812 ),
 ( #1240, #1999, #3813 ),
 ( #1284, #3217, #5642 ),
 ( #5519, #101, #1838 ),
 ( #2810, #6369, #3369 ),
 ( #5168, #923, #3335 ),
 ( #4504, #2081, #3975 ),
 ( #338, #7027, #6915 ),
 ( #5730, #5102, #2770 ),
 ( #302, #1561, #1445 ),
 ( #6406, #5842, #2043 ),
 ( #957, #2194, #5686 ),
 ( #847, #883, #3857 ),
 ( #1482, #6328, #2731 ),
 ( #5801, #3256, #265 ),
 ( #3292, #7513, #5765 ),
 ( #4584, #1595, #7582 ),
 ( #2115, #2155, #4465 ),
 ( #6287, #3895, #2698 ),
 ( #5135, #2661, #7545 ),
 ( #4540, #6950, #1523 ),
 ( #3937, #375, #4008 ),
 ( #6989, #5207, #7623 ),
 ( #4622, #415, #6439 ),
 ( #992, #3408, #7472 ),
 ( #6875, #6556, #3529 ),
 ( #5956, #527, #2930 ) ),
 .UNSPECIFIED., .F., .F., .F. ) 
 B_SPLINE_SURFACE_WITH_KNOTS ( ( 4, 2, 2, 2, 2, 2, 2, 2, 2, 2, 2, 2, 2, 4 ),
 ( 3, 3 ),
 ( -1.063933455262855299E-06, 1.565402539758818654E-05, 1.983351511080094917E-05, 2.192325996740732879E-05, 2.401300482401370841E-05, 3.237198425043922689E-05, 6.580790195614131437E-05, 0.0001326797373675454893, 0.0002664234081903538122, 0.0003332952436017579600, 0.0003667311613074600339, 0.0003834491201603110709, 0.0004001670790131621621, 0.0005339107498359705120 ),
 ( 0.000000000000000000, 1.000000000000000000 ),
 .UNSPECIFIED. ) 
 GEOMETRIC_REPRESENTATION_ITEM ( )  RATIONAL_B_SPLINE_SURFACE ( (
 ( 1.000000000000000000, 1.000000000000000000, 1.000000000000000000),
 ( 1.000000000000000000, 1.000778839725174008, 1.000000000000000000),
 ( 1.000000000000000000, 0.9831714200816279448, 1.000000000000000000),
 ( 1.000000000000000000, 0.9575031771746030929, 1.000000000000000000),
 ( 1.000000000000000000, 0.9523297387301178363, 1.000000000000000000),
 ( 1.000000000000000000, 0.9451074485486250509, 1.000000000000000000),
 ( 1.000000000000000000, 0.9424202236307445135, 1.000000000000000000),
 ( 1.000000000000000000, 0.9409373826777057692, 1.000000000000000000),
 ( 1.000000000000000000, 0.9416788031542248083, 1.000000000000000000),
 ( 1.000000000000000000, 0.9416788031542248083, 1.000000000000000000),
 ( 1.000000000000000000, 0.9416788031542251414, 1.000000000000000000),
 ( 1.000000000000000000, 0.9416788031542251414, 1.000000000000000000),
 ( 1.000000000000000000, 0.9416788031542250303, 1.000000000000000000),
 ( 1.000000000000000000, 0.9416788031542250303, 1.000000000000000000),
 ( 1.000000000000000000, 0.9416788031542250303, 1.000000000000000000),
 ( 1.000000000000000000, 0.9416788031542250303, 1.000000000000000000),
 ( 1.000000000000000000, 0.9416788031542251414, 1.000000000000000000),
 ( 1.000000000000000000, 0.9416788031542251414, 1.000000000000000000),
 ( 1.000000000000000000, 0.9416788031542248083, 1.000000000000000000),
 ( 1.000000000000000000, 0.9416788031542248083, 1.000000000000000000),
 ( 1.000000000000000000, 0.9416788031542243642, 1.000000000000000000),
 ( 1.000000000000000000, 0.9416788031542243642, 1.000000000000000000),
 ( 1.000000000000000000, 0.9416788031542246973, 1.000000000000000000),
 ( 1.000000000000000000, 0.9416788031542246973, 1.000000000000000000),
 ( 1.000000000000000000, 0.9401967835573221688, 1.000000000000000000),
 ( 1.000000000000000000, 0.9678184218304857200, 1.000000000000000000),
 ( 1.000000000000000000, 1.002301645695551358, 1.000000000000000000),
 ( 1.000000000000000000, 1.000000000000000000, 1.000000000000000000) ) ) 
 REPRESENTATION_ITEM ( '' )  SURFACE ( )  );
#6258 = ADVANCED_FACE ( 'NONE', ( #6264 ), #2786, .F. ) ;
#6259 = ORIENTED_EDGE ( 'NONE', *, *, #1938, .T. ) ;
#6260 = LINE ( 'NONE', #4517, #3922 ) ;
#6261 = VECTOR ( 'NONE', #5271, 39.37007874015748143 ) ;
#6262 = CARTESIAN_POINT ( 'NONE',  ( 0.1062992125984252023, 0.009280999427183432571, -0.08267716535433072833 ) ) ;
#6263 = LINE ( 'NONE', #6301, #4853 ) ;
#6264 = FACE_OUTER_BOUND ( 'NONE', #5785, .T. ) ;
#6265 = CARTESIAN_POINT ( 'NONE',  ( 0.04462688407535047447, 0.03792383443922399400, -0.07031325140159658260 ) ) ;
#6266 = FACE_OUTER_BOUND ( 'NONE', #1880, .T. ) ;
#6267 = CARTESIAN_POINT ( 'NONE',  ( 0.07701223264166348614, 0.03192330889089453616, -0.04885379207413167307 ) ) ;
#6268 = EDGE_CURVE ( 'NONE', #6142, #6933, #4485, .T. ) ;
#6269 = CARTESIAN_POINT ( 'NONE',  ( 0.1164233781010027835, 0.006467032068879333823, 0.08267716535433072833 ) ) ;
#6270 = VERTEX_POINT ( 'NONE', #6421 ) ;
#6271 = ORIENTED_EDGE ( 'NONE', *, *, #1593, .T. ) ;
#6272 = CARTESIAN_POINT ( 'NONE',  ( -0.09842519685039370636, 0.007874015748031471668, 0.01476377952755905838 ) ) ;
#6273 = DIRECTION ( 'NONE',  ( -0.000000000000000000, -1.000000000000000000, -0.000000000000000000 ) ) ;
#6274 = DIRECTION ( 'NONE',  ( 0.000000000000000000, 0.000000000000000000, 1.000000000000000000 ) ) ;
#6275 = PLANE ( 'NONE',  #41 ) ;
#6276 = LINE ( 'NONE', #1394, #773 ) ;
#6277 = EDGE_CURVE ( 'NONE', #6207, #7721, #972, .T. ) ;
#6278 = DIRECTION ( 'NONE',  ( 0.000000000000000000, 0.000000000000000000, 1.000000000000000000 ) ) ;
#6279 = CARTESIAN_POINT ( 'NONE',  ( -0.04348544396992815725, 0.04538425365438036180, 0.07069972069918720181 ) ) ;
#6280 = ORIENTED_EDGE ( 'NONE', *, *, #5926, .T. ) ;
#6281 = DIRECTION ( 'NONE',  ( 0.000000000000000000, 0.000000000000000000, -1.000000000000000000 ) ) ;
#6282 = ORIENTED_EDGE ( 'NONE', *, *, #2669, .T. ) ;
#6283 =( LENGTH_UNIT ( ) NAMED_UNIT ( * ) SI_UNIT ( $, .METRE. ) );
#6284 = CARTESIAN_POINT ( 'NONE',  ( 0.04884426315353893044, 0.03191011596265885819, -0.07703289346799030435 ) ) ;
#6285 = CARTESIAN_POINT ( 'NONE',  ( -0.07458542502473738955, 0.03003382268297973001, 0.04639663789471777655 ) ) ;
#6286 = CARTESIAN_POINT ( 'NONE',  ( -0.07502173013612480068, 0.03562413162296512031, -0.04801121202533298327 ) ) ;
#6287 = CARTESIAN_POINT ( 'NONE',  ( 0.04599110633517052710, 0.03371638490757849355, 0.07706878698518314363 ) ) ;
#6288 = ORIENTED_EDGE ( 'NONE', *, *, #439, .T. ) ;
#6289 = CARTESIAN_POINT ( 'NONE',  ( 0.07727539840481052746, 0.03333483556450123064, 0.04607668758732150899 ) ) ;
#6290 = ORIENTED_EDGE ( 'NONE', *, *, #1015, .T. ) ;
#6291 = CARTESIAN_POINT ( 'NONE',  ( 0.1062992125984252023, 0.009842519685039368207, -0.06299212598425198151 ) ) ;
#6292 = CARTESIAN_POINT ( 'NONE',  ( 0.09838720075975032620, 0.007430581414158028523, 0.01476353416528170329 ) ) ;
#6293 = CARTESIAN_POINT ( 'NONE',  ( 0.07771575384913935458, 0.03161150406399940854, -0.04855405682908685294 ) ) ;
#6294 = EDGE_CURVE ( 'NONE', #5864, #6522, #7561, .T. ) ;
#6295 = CARTESIAN_POINT ( 'NONE',  ( -0.06962676035647344386, 0.04563202121754639240, 0.04557435191066686042 ) ) ;
#6296 = VERTEX_POINT ( 'NONE', #280 ) ;
#6297 = CARTESIAN_POINT ( 'NONE',  ( -0.09645669291338584972, 0.03149606299212598381, -0.04894237015283919856 ) ) ;
#6298 = EDGE_LOOP ( 'NONE', ( #1589, #4108, #2913, #2783 ) ) ;
#6299 = CARTESIAN_POINT ( 'NONE',  ( 0.09842519685039370636, 0.01574803149606299191, -0.04500536227882345752 ) ) ;
#6300 = CARTESIAN_POINT ( 'NONE',  ( 0.04557435191066703389, 0.04563202121754614260, -0.06962676035647359651 ) ) ;
#6301 = CARTESIAN_POINT ( 'NONE',  ( -0.1067728658505845696, 0.009582591198791106518, 0.06299212598425198151 ) ) ;
#6302 = ADVANCED_FACE ( 'NONE', ( #6929 ), #3272, .T. ) ;
#6303 = EDGE_CURVE ( 'NONE', #3814, #6659, #1498, .T. ) ;
#6304 = CARTESIAN_POINT ( 'NONE',  ( -0.07355165176928915582, 0.03833892558812827117, 0.04740228562803822793 ) ) ;
#6305 = CARTESIAN_POINT ( 'NONE',  ( 0.04548766261071991029, 0.03408620088688493061, -0.07239135461588509790 ) ) ;
#6306 = CARTESIAN_POINT ( 'NONE',  ( -0.06759734944928504075, 0.04289462535336164423, -0.04350603470618964741 ) ) ;
#6307 = DIRECTION ( 'NONE',  ( 1.000000000000000000, 0.000000000000000000, -1.445602896647343847E-15 ) ) ;
#6308 = CARTESIAN_POINT ( 'NONE',  ( -0.1067728658505845696, 0.009582591198791106518, -0.08267716535433072833 ) ) ;
#6309 = CIRCLE ( 'NONE', #3758, 0.001968503937007879193 ) ;
#6310 = VERTEX_POINT ( 'NONE', #5657 ) ;
#6311 = CARTESIAN_POINT ( 'NONE',  ( -0.09645669291338584972, 0.03149606299212598381, -0.05880887093013063144 ) ) ;
#6312 = EDGE_CURVE ( 'NONE', #6951, #6652, #4599, .T. ) ;
#6313 = CARTESIAN_POINT ( 'NONE',  ( 0.08659019213609440990, 0.02755905511811023584, 0.06275750304127082624 ) ) ;
#6314 = ADVANCED_FACE ( 'NONE', ( #897 ), #3388, .T. ) ;
#6315 = AXIS2_PLACEMENT_3D ( 'NONE', #5218, #5925, #1086 ) ;
#6316 = DIRECTION ( 'NONE',  ( 1.000000000000000000, 0.000000000000000000, 0.000000000000000000 ) ) ;
#6317 = CARTESIAN_POINT ( 'NONE',  ( -0.04865701923752554364, 0.03165401434042612594, 0.07749460138868996539 ) ) ;
#6318 = DIRECTION ( 'NONE',  ( 1.000000000000000000, 0.000000000000000000, 0.000000000000000000 ) ) ;
#6319 = CARTESIAN_POINT ( 'NONE',  ( -0.04852469953823800725, 0.03333483556450120983, 0.07626139865388943673 ) ) ;
#6320 = ORIENTED_EDGE ( 'NONE', *, *, #7509, .F. ) ;
#6321 = CARTESIAN_POINT ( 'NONE',  ( 0.07792559920627369074, 0.02760959072074416557, 0.04779161441472078858 ) ) ;
#6322 = VECTOR ( 'NONE', #6228, 39.37007874015748143 ) ;
#6323 = EDGE_LOOP ( 'NONE', ( #1703, #2238, #3946, #4720 ) ) ;
#6324 = DIRECTION ( 'NONE',  ( -1.000000000000000000, 2.707733616970879528E-18, 0.000000000000000000 ) ) ;
#6325 = EDGE_CURVE ( 'NONE', #3143, #4155, #2712, .T. ) ;
#6326 = CARTESIAN_POINT ( 'NONE',  ( 0.04025537035627904658, 0.04289462535336164423, -0.07087810497459420822 ) ) ;
#6327 = CARTESIAN_POINT ( 'NONE',  ( -0.07466642287367018793, 0.03815283111289124313, -0.04643002673841919309 ) ) ;
#6328 = CARTESIAN_POINT ( 'NONE',  ( 0.04557421421691002644, 0.04196832454366418441, 0.07260030867739580840 ) ) ;
#6329 = ORIENTED_EDGE ( 'NONE', *, *, #677, .F. ) ;
#6330 = CARTESIAN_POINT ( 'NONE',  ( 0.07657131578333069288, 0.03276251154988524955, 0.04865307141646414008 ) ) ;
#6331 = ORIENTED_EDGE ( 'NONE', *, *, #6594, .F. ) ;
#6332 = DIRECTION ( 'NONE',  ( -0.7071067811865473507, 0.000000000000000000, -0.7071067811865476838 ) ) ;
#6333 = CARTESIAN_POINT ( 'NONE',  ( 0.07804718052592334032, 0.03190958539275173811, -0.04639637020908347897 ) ) ;
#6334 = CIRCLE ( 'NONE', #1254, 0.0005615202578557803789 ) ;
#6335 = CARTESIAN_POINT ( 'NONE',  ( -0.07231672433375191389, 0.04249201979835720566, 0.04402273753570131593 ) ) ;
#6336 = B_SPLINE_CURVE_WITH_KNOTS ( 'NONE', 3,
 ( #2246, #2180, #979, #3434, #6352, #5308 ),
 .UNSPECIFIED., .F., .F.,
 ( 4, 2, 4 ),
 ( 0.000000000000000000, 0.5000000000000000000, 1.000000000000000000 ),
 .UNSPECIFIED. ) ;
#6337 = CLOSED_SHELL ( 'NONE', ( #5814, #393, #3101, #887, #1343, #1623, #1554, #5116, #5003, #1507, #11, #5148, #3364, #3480 ) ) ;
#6338 = ORIENTED_EDGE ( 'NONE', *, *, #5293, .F. ) ;
#6339 = LINE ( 'NONE', #819, #4660 ) ;
#6340 = ORIENTED_EDGE ( 'NONE', *, *, #1489, .F. ) ;
#6341 = DIRECTION ( 'NONE',  ( 0.000000000000000000, 0.000000000000000000, 1.000000000000000000 ) ) ;
#6342 = DIRECTION ( 'NONE',  ( 0.000000000000000000, 0.000000000000000000, 1.000000000000000000 ) ) ;
#6343 =( CONVERSION_BASED_UNIT ( 'INCH', #3909 ) LENGTH_UNIT ( ) NAMED_UNIT ( #3448 ) );
#6344 = AXIS2_PLACEMENT_3D ( 'NONE', #6889, #3827, #2127 ) ;
#6345 = CARTESIAN_POINT ( 'NONE',  ( -0.09842519685039370636, 0.02755905511811023584, -0.04894237015283919856 ) ) ;
#6346 = UNCERTAINTY_MEASURE_WITH_UNIT (LENGTH_MEASURE( 1.000000000000000082E-05 ), #7228, 'distance_accuracy_value', 'NONE');
#6347 = CARTESIAN_POINT ( 'NONE',  ( 0.07755898274845424156, 0.03281114030980838286, -0.04762816426853074686 ) ) ;
#6348 = DIRECTION ( 'NONE',  ( -1.000000000000000000, 0.000000000000000000, 0.000000000000000000 ) ) ;
#6349 = VECTOR ( 'NONE', #5335, 39.37007874015748143 ) ;
#6350 = EDGE_LOOP ( 'NONE', ( #935, #3840, #5649, #705 ) ) ;
#6351 = ORIENTED_EDGE ( 'NONE', *, *, #4353, .F. ) ;
#6352 = CARTESIAN_POINT ( 'NONE',  ( -0.07086724056899479374, 0.04516878170842768964, -0.04349625577652144887 ) ) ;
#6353 = DIRECTION ( 'NONE',  ( -0.000000000000000000, -1.000000000000000000, -0.000000000000000000 ) ) ;
#6354 = VECTOR ( 'NONE', #4986, 39.37007874015748143 ) ;
#6355 = FACE_OUTER_BOUND ( 'NONE', #5357, .T. ) ;
#6356 = CARTESIAN_POINT ( 'NONE',  ( -0.09645669291338584972, 0.02755905511811023584, 0.04894237015283921244 ) ) ;
#6357 = DIRECTION ( 'NONE',  ( 0.000000000000000000, -1.000000000000000000, 0.000000000000000000 ) ) ;
#6358 = CARTESIAN_POINT ( 'NONE',  ( -0.04588147192311461953, 0.04498199997437897502, 0.06997942780049468126 ) ) ;
#6359 = EDGE_CURVE ( 'NONE', #6142, #7395, #4080, .T. ) ;
#6360 = ADVANCED_FACE ( 'NONE', ( #7708 ), #431, .T. ) ;
#6361 = ORIENTED_EDGE ( 'NONE', *, *, #7426, .T. ) ;
#6362 = CARTESIAN_POINT ( 'NONE',  ( -0.07070303269301231319, 0.04536378619117702876, 0.04348653231680970482 ) ) ;
#6363 = ORIENTED_EDGE ( 'NONE', *, *, #5204, .F. ) ;
#6364 = DIRECTION ( 'NONE',  ( 0.000000000000000000, -1.000000000000000000, 0.000000000000000000 ) ) ;
#6365 = CARTESIAN_POINT ( 'NONE',  ( 0.04871044439659930059, 0.03250672395235903317, -0.07670982641008669556 ) ) ;
#6366 = DIRECTION ( 'NONE',  ( 1.000000000000000000, 0.000000000000000000, 1.355252715606880789E-16 ) ) ;
#6367 = CIRCLE ( 'NONE', #7621, 0.009866500777291436347 ) ;
#6368 = CARTESIAN_POINT ( 'NONE',  ( -0.07741014721891295580, 0.03164152125807629529, -0.04868421925268100192 ) ) ;
#6369 = CARTESIAN_POINT ( 'NONE',  ( 0.04483461788561164674, 0.04522749973546142527, 0.07081476518369261841 ) ) ;
#6370 = EDGE_CURVE ( 'NONE', #3305, #4049, #3426, .T. ) ;
#6371 = ORIENTED_EDGE ( 'NONE', *, *, #630, .T. ) ;
#6372 = DIRECTION ( 'NONE',  ( 1.000000000000000000, 0.000000000000000000, 1.217487476229714096E-15 ) ) ;
#6373 = ORIENTED_EDGE ( 'NONE', *, *, #532, .F. ) ;
#6374 = VECTOR ( 'NONE', #3548, 39.37007874015748143 ) ;
#6375 = CARTESIAN_POINT ( 'NONE',  ( 0.07874015748031494566, 0.02755905511811023584, -0.04811742286199990892 ) ) ;
#6376 = CARTESIAN_POINT ( 'NONE',  ( 0.07783151518030892446, 0.03230785462245892858, -0.04630703869799605854 ) ) ;
#6377 = CARTESIAN_POINT ( 'NONE',  ( -0.07631931423068936959, 0.03510043636827228641, 0.04711467675562567431 ) ) ;
#6378 = AXIS2_PLACEMENT_3D ( 'NONE', #5853, #1636, #496 ) ;
#6379 = ORIENTED_EDGE ( 'NONE', *, *, #1104, .F. ) ;
#6380 = CARTESIAN_POINT ( 'NONE',  ( -0.1023622047244094613, 0.03149606299212598381, 0.04894237015283921244 ) ) ;
#6381 = EDGE_CURVE ( 'NONE', #2318, #6441, #3691, .T. ) ;
#6382 = ORIENTED_EDGE ( 'NONE', *, *, #1113, .F. ) ;
#6383 = LINE ( 'NONE', #6217, #3155 ) ;
#6384 = CARTESIAN_POINT ( 'NONE',  ( -0.07852502753513063150, 0.03150943570771424368, 0.04760428620204329442 ) ) ;
#6385 = VECTOR ( 'NONE', #759, 39.37007874015748143 ) ;
#6386 = CARTESIAN_POINT ( 'NONE',  ( 0.04548766259238510440, 0.03408620096862721716, 0.07239135457162114429 ) ) ;
#6387 = DIRECTION ( 'NONE',  ( 1.000000000000000000, 0.000000000000000000, 0.000000000000000000 ) ) ;
#6388 = VECTOR ( 'NONE', #5002, 39.37007874015748143 ) ;
#6389 = LINE ( 'NONE', #3236, #6322 ) ;
#6390 = ORIENTED_EDGE ( 'NONE', *, *, #6277, .F. ) ;
#6391 = VERTEX_POINT ( 'NONE', #5264 ) ;
#6392 = PLANE ( 'NONE',  #2549 ) ;
#6393 = CARTESIAN_POINT ( 'NONE',  ( -0.09645669291338584972, 0.005905511811023621965, -0.02657480314960630058 ) ) ;
#6394 = EDGE_CURVE ( 'NONE', #134, #6270, #5596, .T. ) ;
#6395 = CARTESIAN_POINT ( 'NONE',  ( 0.06692913385826773642, 0.04724409448818898266, -0.04322513669223895100 ) ) ;
#6396 = DIRECTION ( 'NONE',  ( 0.000000000000000000, 0.000000000000000000, -1.000000000000000000 ) ) ;
#6397 = SURFACE_STYLE_FILL_AREA ( #3923 ) ;
#6398 = CARTESIAN_POINT ( 'NONE',  ( 0.000000000000000000, 0.3082057923128421195, -0.03937007874015747977 ) ) ;
#6399 = CARTESIAN_POINT ( 'NONE',  ( -0.04483195213017198560, 0.04676143729944570032, 0.06877425771313787350 ) ) ;
#6400 = VERTEX_POINT ( 'NONE', #5300 ) ;
#6401 = ORIENTED_EDGE ( 'NONE', *, *, #2795, .T. ) ;
#6402 = DIRECTION ( 'NONE',  ( -1.000000000000000000, 0.000000000000000000, 0.000000000000000000 ) ) ;
#6403 = CARTESIAN_POINT ( 'NONE',  ( 0.06734876800141968711, 0.04328404036756951234, 0.04348649108168270438 ) ) ;
#6404 = EDGE_CURVE ( 'NONE', #2394, #5999, #4066, .T. ) ;
#6405 = ADVANCED_FACE ( 'NONE', ( #2273 ), #2905, .T. ) ;
#6406 = CARTESIAN_POINT ( 'NONE',  ( 0.04368041252709783939, 0.04401821717066623646, 0.07149027865524233694 ) ) ;
#6407 = ORIENTED_EDGE ( 'NONE', *, *, #5523, .T. ) ;
#6408 = LINE ( 'NONE', #2157, #2655 ) ;
#6409 = ORIENTED_EDGE ( 'NONE', *, *, #2828, .T. ) ;
#6410 = CARTESIAN_POINT ( 'NONE',  ( -0.03997542137918368155, 0.04330708661417322775, 0.07059815599749880155 ) ) ;
#6411 = CARTESIAN_POINT ( 'NONE',  ( 0.07711317322444054267, 0.03184908972245822922, -0.04881071764128622897 ) ) ;
#6412 = EDGE_CURVE ( 'NONE', #3767, #3344, #6165, .T. ) ;
#6413 = LINE ( 'NONE', #966, #5483 ) ;
#6414 = EDGE_LOOP ( 'NONE', ( #3780, #2437, #5876, #1122 ) ) ;
#6415 = LINE ( 'NONE', #3947, #5922 ) ;
#6416 = EDGE_LOOP ( 'NONE', ( #6019, #7833, #6639, #943 ) ) ;
#6417 = FACE_OUTER_BOUND ( 'NONE', #1725, .T. ) ;
#6418 = CARTESIAN_POINT ( 'NONE',  ( 0.04348544396992822664, 0.04538425365438035486, -0.07069972069918721569 ) ) ;
#6419 = ADVANCED_BREP_SHAPE_REPRESENTATION ( 'CUI_DEVICES_TS18-5-25-SL-260-SMT-TR', ( #7079, #4236, #1829, #4258, #4366, #6987, #7022, #3590 ), #930 ) ;
#6420 = EDGE_CURVE ( 'NONE', #6254, #5829, #5395, .T. ) ;
#6421 = CARTESIAN_POINT ( 'NONE',  ( -0.09842519685039370636, 0.007874015748031471668, 0.01476377952755905838 ) ) ;
#6422 = DIRECTION ( 'NONE',  ( -1.000000000000000000, 0.000000000000000000, 0.000000000000000000 ) ) ;
#6423 = DIRECTION ( 'NONE',  ( -0.7071067811865472397, 0.000000000000000000, 0.7071067811865476838 ) ) ;
#6424 = ORIENTED_EDGE ( 'NONE', *, *, #6551, .F. ) ;
#6425 = ORIENTED_EDGE ( 'NONE', *, *, #5488, .T. ) ;
#6426 = CARTESIAN_POINT ( 'NONE',  ( 0.07874015748031494566, 0.03149606299212598381, 0.04811742286199992280 ) ) ;
#6427 = CARTESIAN_POINT ( 'NONE',  ( 0.09645669291338582196, 0.005905511811023621965, -0.01501381231061532304 ) ) ;
#6428 = CARTESIAN_POINT ( 'NONE',  ( 0.07458542502473751445, 0.03003382268297973001, -0.04639663789471758226 ) ) ;
#6429 = CARTESIAN_POINT ( 'NONE',  ( 0.04333705737939472918, 0.04328404036759397194, 0.06741066546756319111 ) ) ;
#6430 = LINE ( 'NONE', #2873, #1223 ) ;
#6431 = CARTESIAN_POINT ( 'NONE',  ( -0.09645669291338582196, 0.02755905511811023584, -0.04894237015283919162 ) ) ;
#6432 = ORIENTED_EDGE ( 'NONE', *, *, #1350, .T. ) ;
#6433 = EDGE_CURVE ( 'NONE', #7652, #4687, #7077, .T. ) ;
#6434 = VERTEX_POINT ( 'NONE', #1687 ) ;
#6435 =( BOUNDED_SURFACE ( )  B_SPLINE_SURFACE ( 3, 1, ( 
 ( #175, #5474 ),
 ( #3161, #3206 ),
 ( #1271, #7337 ),
 ( #6155, #130 ),
 ( #6822, #5050 ),
 ( #4976, #3682 ),
 ( #4451, #5017 ),
 ( #1433, #3844 ),
 ( #1865, #7380 ),
 ( #5586, #2570 ) ),
 .UNSPECIFIED., .F., .F., .F. ) 
 B_SPLINE_SURFACE_WITH_KNOTS ( ( 4, 3, 3, 4 ),
 ( 2, 2 ),
 ( 0.000000000000000000, 0.2470520139942820048, 0.9588246643342857034, 1.000000000000000000 ),
 ( 0.000000000000000000, 1.000000000000000000 ),
 .UNSPECIFIED. ) 
 GEOMETRIC_REPRESENTATION_ITEM ( )  RATIONAL_B_SPLINE_SURFACE ( (
 ( 1.000000000000000000, 1.000000000000000000),
 ( 0.9060799708944983211, 0.9060799708944983211),
 ( 0.9060799708944983211, 0.9060799708944983211),
 ( 1.000000000000000000, 1.000000000000000000),
 ( 1.000000000000000000, 1.000000000000000000),
 ( 1.000000000000000000, 1.000000000000000000),
 ( 1.000000000000000000, 1.000000000000000000),
 ( 0.9060799708944987652, 0.9060799708944987652),
 ( 0.9060799708944987652, 0.9060799708944987652),
 ( 1.000000000000000000, 1.000000000000000000) ) ) 
 REPRESENTATION_ITEM ( '' )  SURFACE ( )  );
#6436 = FACE_OUTER_BOUND ( 'NONE', #2852, .T. ) ;
#6437 = CIRCLE ( 'NONE', #5165, 0.03937007874015747977 ) ;
#6438 = DIRECTION ( 'NONE',  ( 0.000000000000000000, -1.000000000000000000, -3.614007241618364055E-16 ) ) ;
#6439 = CARTESIAN_POINT ( 'NONE',  ( 0.04885379207413192981, 0.03192330889089447371, 0.07701223264166327798 ) ) ;
#6440 = AXIS2_PLACEMENT_3D ( 'NONE', #7413, #5466, #48 ) ;
#6441 = VERTEX_POINT ( 'NONE', #545 ) ;
#6442 = CARTESIAN_POINT ( 'NONE',  ( -0.06722562855845441721, 0.04330708661417322775, 0.04811742286199991586 ) ) ;
#6443 = ORIENTED_EDGE ( 'NONE', *, *, #6433, .F. ) ;
#6444 = CARTESIAN_POINT ( 'NONE',  ( -0.07038850258441084473, 0.04330708661417322081, 0.03976576796609582187 ) ) ;
#6445 = CARTESIAN_POINT ( 'NONE',  ( -0.04495375013881694470, 0.04473455728097475159, -0.07110237588509671358 ) ) ;
#6446 = CARTESIAN_POINT ( 'NONE',  ( -0.09842519685039370636, 0.007874015748031497688, -0.01870078740157480462 ) ) ;
#6447 = DIRECTION ( 'NONE',  ( 0.7071067811865472397, 0.000000000000000000, 0.7071067811865476838 ) ) ;
#6448 = AXIS2_PLACEMENT_3D ( 'NONE', #3944, #5071, #2202 ) ;
#6449 = EDGE_LOOP ( 'NONE', ( #1934, #886 ) ) ;
#6450 = LINE ( 'NONE', #6380, #109 ) ;
#6451 = VERTEX_POINT ( 'NONE', #2314 ) ;
#6452 = DIRECTION ( 'NONE',  ( 0.7071067811865474617, 0.000000000000000000, -0.7071067811865475727 ) ) ;
#6453 = EDGE_CURVE ( 'NONE', #2604, #3441, #5893, .T. ) ;
#6454 = EDGE_CURVE ( 'NONE', #7634, #5888, #5384, .T. ) ;
#6455 = LENGTH_MEASURE_WITH_UNIT ( LENGTH_MEASURE( 0.02539999999999999897 ), #7073 );
#6456 = CARTESIAN_POINT ( 'NONE',  ( 0.04350370756854302773, 0.04498199997437888481, -0.07096433004428563673 ) ) ;
#6457 = VECTOR ( 'NONE', #262, 39.37007874015748143 ) ;
#6458 = CARTESIAN_POINT ( 'NONE',  ( -0.1062992125984252023, 0.009842519685039368207, -0.06299212598425198151 ) ) ;
#6459 = DIRECTION ( 'NONE',  ( 1.000000000000000000, -5.706327223607917555E-17, 0.000000000000000000 ) ) ;
#6460 = B_SPLINE_CURVE_WITH_KNOTS ( 'NONE', 3,
 ( #674, #2445, #7446, #2020, #1901, #3676, #7330, #4394, #5502, #6816 ),
 .UNSPECIFIED., .F., .F.,
 ( 4, 3, 3, 4 ),
 ( 2.279761372340545909E-16, 4.000545356693085405E-05, 0.0002000054532038207243, 0.0003789617248658869110 ),
 .UNSPECIFIED. ) ;
#6461 = CARTESIAN_POINT ( 'NONE',  ( 0.04322513669223892324, 0.04724409448818898266, 0.06692913385826773642 ) ) ;
#6462 = EDGE_CURVE ( 'NONE', #169, #5766, #4483, .T. ) ;
#6463 = ORIENTED_EDGE ( 'NONE', *, *, #201, .T. ) ;
#6464 = VECTOR ( 'NONE', #488, 39.37007874015748143 ) ;
#6465 = ORIENTED_EDGE ( 'NONE', *, *, #1310, .F. ) ;
#6466 = DIRECTION ( 'NONE',  ( 1.000000000000000000, 0.000000000000000000, 0.000000000000000000 ) ) ;
#6467 = CARTESIAN_POINT ( 'NONE',  ( -0.04346451389530923276, 0.04573217900894834681, 0.07049932299827622872 ) ) ;
#6468 = VECTOR ( 'NONE', #78, 39.37007874015748143 ) ;
#6469 = CARTESIAN_POINT ( 'NONE',  ( 0.04811742286199990892, 0.03149606299212598381, 0.07874015748031498729 ) ) ;
#6470 = CARTESIAN_POINT ( 'NONE',  ( -0.07108391575380104688, 0.04476864760851667624, 0.04351209150207527299 ) ) ;
#6471 = CARTESIAN_POINT ( 'NONE',  ( 0.07543284219591457618, 0.02846948526569289747, -0.04811742286199992974 ) ) ;
#6472 = ORIENTED_EDGE ( 'NONE', *, *, #5706, .F. ) ;
#6473 = ORIENTED_EDGE ( 'NONE', *, *, #4472, .T. ) ;
#6474 = CARTESIAN_POINT ( 'NONE',  ( 0.07006954814955136668, 0.04476932692331955788, 0.04595995108315492628 ) ) ;
#6475 = AXIS2_PLACEMENT_3D ( 'NONE', #7776, #4817, #60 ) ;
#6476 = CARTESIAN_POINT ( 'NONE',  ( -0.06858806478053280919, 0.04678773088205873815, 0.04468073709417844097 ) ) ;
#6477 = CARTESIAN_POINT ( 'NONE',  ( -0.1067728658505845696, 0.009582591198791106518, 0.08267716535433072833 ) ) ;
#6478 = AXIS2_PLACEMENT_3D ( 'NONE', #7538, #2107, #5755 ) ;
#6479 = DIRECTION ( 'NONE',  ( -1.000000000000000000, -5.706327223607917555E-17, 0.000000000000000000 ) ) ;
#6480 =( BOUNDED_SURFACE ( )  B_SPLINE_SURFACE ( 3, 2, ( 
 ( #823, #4556, #7596 ),
 ( #4436, #4598, #5778 ),
 ( #354, #5655, #5744 ),
 ( #6300, #4518, #316 ),
 ( #6849, #2748, #6418 ),
 ( #3830, #2634, #6456 ),
 ( #5410, #4065, #7705 ),
 ( #1010, #3502, #5859 ),
 ( #502, #4636, #579 ),
 ( #5337, #3424, #6496 ),
 ( #4136, #430, #2981 ),
 ( #4183, #6614, #1052 ),
 ( #3464, #1126, #7074 ),
 ( #7746, #3588, #4788 ),
 ( #4710, #2824, #541 ),
 ( #2270, #5263, #7153 ),
 ( #7672, #5892, #1722 ),
 ( #6016, #3545, #2945 ),
 ( #464, #2857, #5299 ),
 ( #2208, #5375, #7785 ),
 ( #7114, #1684, #1168 ),
 ( #4102, #1759, #7278 ),
 ( #4263, #2501, #4302 ),
 ( #1883, #6768, #4875 ),
 ( #3022, #660, #5491 ),
 ( #1369, #1843, #6690 ),
 ( #3660, #1331, #1208 ),
 ( #1965, #3739, #1802 ) ),
 .UNSPECIFIED., .F., .F., .T. ) 
 B_SPLINE_SURFACE_WITH_KNOTS ( ( 4, 2, 2, 2, 2, 2, 2, 2, 2, 2, 2, 2, 2, 4 ),
 ( 3, 3 ),
 ( -1.063933455262539144E-06, 1.565402539758891498E-05, 1.983351511080177926E-05, 2.192325996740820970E-05, 2.401300482401464353E-05, 3.237198425044037208E-05, 6.580790195614327949E-05, 0.0001326797373675490943, 0.0002664234081903607511, 0.0003332952436017665794, 0.0003667311613074694665, 0.0003834491201603209371, 0.0004001670790131724078, 0.0005339107498359840645 ),
 ( 0.000000000000000000, 1.000000000000000000 ),
 .UNSPECIFIED. ) 
 GEOMETRIC_REPRESENTATION_ITEM ( )  RATIONAL_B_SPLINE_SURFACE ( (
 ( 1.000000000000000000, 1.000000000000000000, 1.000000000000000000),
 ( 1.000000000000000000, 1.000778839725176228, 1.000000000000000000),
 ( 1.000000000000000000, 0.9831714200816232818, 1.000000000000000000),
 ( 1.000000000000000000, 0.9575031771746032039, 1.000000000000000000),
 ( 1.000000000000000000, 0.9523297387301170591, 1.000000000000000000),
 ( 1.000000000000000000, 0.9451074485486232746, 1.000000000000000000),
 ( 1.000000000000000000, 0.9424202236307444025, 1.000000000000000000),
 ( 1.000000000000000000, 0.9409373826777052141, 1.000000000000000000),
 ( 1.000000000000000000, 0.9416788031542242532, 1.000000000000000000),
 ( 1.000000000000000000, 0.9416788031542242532, 1.000000000000000000),
 ( 1.000000000000000000, 0.9416788031542248083, 1.000000000000000000),
 ( 1.000000000000000000, 0.9416788031542248083, 1.000000000000000000),
 ( 1.000000000000000000, 0.9416788031542245863, 1.000000000000000000),
 ( 1.000000000000000000, 0.9416788031542245863, 1.000000000000000000),
 ( 1.000000000000000000, 0.9416788031542245863, 1.000000000000000000),
 ( 1.000000000000000000, 0.9416788031542245863, 1.000000000000000000),
 ( 1.000000000000000000, 0.9416788031542253634, 1.000000000000000000),
 ( 1.000000000000000000, 0.9416788031542253634, 1.000000000000000000),
 ( 1.000000000000000000, 0.9416788031542249193, 1.000000000000000000),
 ( 1.000000000000000000, 0.9416788031542249193, 1.000000000000000000),
 ( 1.000000000000000000, 0.9416788031542248083, 1.000000000000000000),
 ( 1.000000000000000000, 0.9416788031542248083, 1.000000000000000000),
 ( 1.000000000000000000, 0.9416788031542250303, 1.000000000000000000),
 ( 1.000000000000000000, 0.9416788031542250303, 1.000000000000000000),
 ( 1.000000000000000000, 0.9401967835573236121, 1.000000000000000000),
 ( 1.000000000000000000, 0.9678184218304795028, 1.000000000000000000),
 ( 1.000000000000000000, 1.002301645695555798, 1.000000000000000000),
 ( 1.000000000000000000, 1.000000000000000000, 1.000000000000000000) ) ) 
 REPRESENTATION_ITEM ( '' )  SURFACE ( )  );
#6481 = ORIENTED_EDGE ( 'NONE', *, *, #2131, .F. ) ;
#6482 = DIRECTION ( 'NONE',  ( 0.000000000000000000, 0.000000000000000000, 1.000000000000000000 ) ) ;
#6483 = ORIENTED_EDGE ( 'NONE', *, *, #2880, .F. ) ;
#6484 = PLANE ( 'NONE',  #382 ) ;
#6485 = CARTESIAN_POINT ( 'NONE',  ( -0.04711467675562591717, 0.03510043636827245295, -0.07631931423068948062 ) ) ;
#6486 = VECTOR ( 'NONE', #2695, 39.37007874015748143 ) ;
#6487 = LINE ( 'NONE', #4782, #3133 ) ;
#6488 = EDGE_CURVE ( 'NONE', #5045, #5414, #4637, .T. ) ;
#6489 = CARTESIAN_POINT ( 'NONE',  ( -0.07657131578333062349, 0.03276251154988523567, 0.04865307141646422334 ) ) ;
#6490 = ORIENTED_EDGE ( 'NONE', *, *, #4154, .T. ) ;
#6491 = DIRECTION ( 'NONE',  ( 1.445602896647343847E-15, 0.000000000000000000, 1.000000000000000000 ) ) ;
#6492 = CIRCLE ( 'NONE', #3053, 0.006467032068879520305 ) ;
#6493 = ORIENTED_EDGE ( 'NONE', *, *, #6643, .F. ) ;
#6494 = CARTESIAN_POINT ( 'NONE',  ( 0.04351193913223799087, 0.04476932692331948155, -0.07108354790047267946 ) ) ;
#6495 = CARTESIAN_POINT ( 'NONE',  ( 0.07593912424806054107, 0.02844911785059243275, -0.04695753956932374740 ) ) ;
#6496 = CARTESIAN_POINT ( 'NONE',  ( 0.04355204064887165105, 0.04459054118528228000, -0.07118036152580109466 ) ) ;
#6497 = CIRCLE ( 'NONE', #671, 0.01072812687502424332 ) ;
#6498 = EDGE_CURVE ( 'NONE', #7019, #7822, #4385, .T. ) ;
#6499 = CARTESIAN_POINT ( 'NONE',  ( 0.06928047423607300304, 0.04616705439099361152, 0.04529384593809019505 ) ) ;
#6500 = EDGE_CURVE ( 'NONE', #6160, #2583, #6730, .T. ) ;
#6501 = ORIENTED_EDGE ( 'NONE', *, *, #3829, .T. ) ;
#6502 = FACE_OUTER_BOUND ( 'NONE', #7767, .T. ) ;
#6503 = LINE ( 'NONE', #3507, #4285 ) ;
#6504 = ORIENTED_EDGE ( 'NONE', *, *, #5488, .F. ) ;
#6505 = AXIS2_PLACEMENT_3D ( 'NONE', #5404, #2425, #65 ) ;
#6506 = ORIENTED_EDGE ( 'NONE', *, *, #5284, .T. ) ;
#6507 = CARTESIAN_POINT ( 'NONE',  ( -0.03997542137918377175, 0.04330708661417322775, -0.07059815599749871828 ) ) ;
#6508 = CARTESIAN_POINT ( 'NONE',  ( 0.06889763779527559306, 0.009842519685039369942, 0.06299212598425198151 ) ) ;
#6509 = DIRECTION ( 'NONE',  ( 1.000000000000000000, 0.000000000000000000, -0.000000000000000000 ) ) ;
#6510 = ADVANCED_FACE ( 'NONE', ( #621 ), #5715, .F. ) ;
#6511 = AXIS2_PLACEMENT_3D ( 'NONE', #6673, #3080, #597 ) ;
#6512 = CARTESIAN_POINT ( 'NONE',  ( 0.09842519685039370636, 0.007874015748031471668, -0.01476377952755905838 ) ) ;
#6513 = DIRECTION ( 'NONE',  ( -0.000000000000000000, -0.000000000000000000, -1.000000000000000000 ) ) ;
#6514 = CARTESIAN_POINT ( 'NONE',  ( -0.07792559920630146020, 0.02760959072074432169, -0.04779161441469357424 ) ) ;
#6515 = VERTEX_POINT ( 'NONE', #4264 ) ;
#6516 = EDGE_LOOP ( 'NONE', ( #103, #461, #1905, #700, #416, #1678, #3029, #7284 ) ) ;
#6517 = DIRECTION ( 'NONE',  ( 0.000000000000000000, 0.000000000000000000, -1.000000000000000000 ) ) ;
#6518 = DIRECTION ( 'NONE',  ( 0.000000000000000000, 1.000000000000000000, 0.000000000000000000 ) ) ;
#6519 = ADVANCED_FACE ( 'NONE', ( #3624 ), #7319, .T. ) ;
#6520 = CARTESIAN_POINT ( 'NONE',  ( -0.07847086105113552923, 0.03149606299212597688, -0.04744814616813291391 ) ) ;
#6521 = FACE_OUTER_BOUND ( 'NONE', #3689, .T. ) ;
#6522 = VERTEX_POINT ( 'NONE', #2433 ) ;
#6523 = CARTESIAN_POINT ( 'NONE',  ( -0.09645669291338584972, 0.02755905511811023584, 0.05511811023622045780 ) ) ;
#6524 = ORIENTED_EDGE ( 'NONE', *, *, #2443, .T. ) ;
#6525 = CARTESIAN_POINT ( 'NONE',  ( 0.09100150360959005646, 0.001968503937007873555, 0.02001312335958005048 ) ) ;
#6526 = CARTESIAN_POINT ( 'NONE',  ( -0.05511811023622046474, 0.02755905511811023584, 0.09645669291338584972 ) ) ;
#6527 = DIRECTION ( 'NONE',  ( 0.000000000000000000, 0.000000000000000000, 1.000000000000000000 ) ) ;
#6528 = CARTESIAN_POINT ( 'NONE',  ( -0.07741014721891190109, 0.03164152125807724591, 0.04868421925268131417 ) ) ;
#6529 = ORIENTED_EDGE ( 'NONE', *, *, #6312, .T. ) ;
#6530 = CARTESIAN_POINT ( 'NONE',  ( 0.06889763779527559306, 0.01574803149606299191, -0.06299212598425198151 ) ) ;
#6531 = VERTEX_POINT ( 'NONE', #4956 ) ;
#6532 = DIRECTION ( 'NONE',  ( 0.7071067811865475727, 0.000000000000000000, 0.7071067811865474617 ) ) ;
#6533 = CARTESIAN_POINT ( 'NONE',  ( 0.05511811023622046474, 0.02559055118110236532, -0.09842519685039370636 ) ) ;
#6534 = DIRECTION ( 'NONE',  ( -1.000000000000000000, 0.000000000000000000, 0.000000000000000000 ) ) ;
#6535 = ORIENTED_EDGE ( 'NONE', *, *, #90, .T. ) ;
#6536 = DIRECTION ( 'NONE',  ( 1.000000000000000000, 0.000000000000000000, 0.000000000000000000 ) ) ;
#6537 = VERTEX_POINT ( 'NONE', #3663 ) ;
#6538 = CARTESIAN_POINT ( 'NONE',  ( 0.04581808850922940851, 0.04516878170898951106, 0.06990550596122978300 ) ) ;
#6539 = DIRECTION ( 'NONE',  ( 0.000000000000000000, 0.000000000000000000, 1.000000000000000000 ) ) ;
#6540 = ORIENTED_EDGE ( 'NONE', *, *, #6113, .F. ) ;
#6541 = EDGE_CURVE ( 'NONE', #4593, #4898, #2504, .T. ) ;
#6542 = ORIENTED_EDGE ( 'NONE', *, *, #254, .T. ) ;
#6543 = CARTESIAN_POINT ( 'NONE',  ( 0.04772765201781294098, 0.03164780135005641065, -0.07835038663612813037 ) ) ;
#6544 = FACE_OUTER_BOUND ( 'NONE', #216, .T. ) ;
#6545 = FACE_OUTER_BOUND ( 'NONE', #1203, .T. ) ;
#6546 = CARTESIAN_POINT ( 'NONE',  ( -0.07772382616100767527, 0.03250672395235904705, 0.04626243244568287172 ) ) ;
#6547 = CARTESIAN_POINT ( 'NONE',  ( 0.07458574343811000262, 0.03003382268297973001, -0.04811742286199995056 ) ) ;
#6548 = EDGE_LOOP ( 'NONE', ( #4872, #967, #4819, #831, #1991, #2448, #6282, #1363 ) ) ;
#6549 = ADVANCED_FACE ( 'NONE', ( #661 ), #1372, .T. ) ;
#6550 = VERTEX_POINT ( 'NONE', #4878 ) ;
#6551 = EDGE_CURVE ( 'NONE', #3458, #1574, #6770, .T. ) ;
#6552 = CARTESIAN_POINT ( 'NONE',  ( 0.1164233781010027835, 0.005905511811023553444, 0.08267716535433072833 ) ) ;
#6553 = DIRECTION ( 'NONE',  ( 0.000000000000000000, 0.000000000000000000, -1.000000000000000000 ) ) ;
#6554 = DIRECTION ( 'NONE',  ( 0.000000000000000000, 1.000000000000000000, 0.000000000000000000 ) ) ;
#6555 = CARTESIAN_POINT ( 'NONE',  ( -0.07874015748031500117, 0.03149606299212598381, -0.04811742286199987423 ) ) ;
#6556 = CARTESIAN_POINT ( 'NONE',  ( 0.04790303862183351025, 0.03149606347738442141, 0.07822258814334555332 ) ) ;
#6557 = VERTEX_POINT ( 'NONE', #6174 ) ;
#6558 = DIMENSIONAL_EXPONENTS ( 1.000000000000000000, 0.000000000000000000, 0.000000000000000000, 0.000000000000000000, 0.000000000000000000, 0.000000000000000000, 0.000000000000000000 ) ;
#6559 = ORIENTED_EDGE ( 'NONE', *, *, #5222, .T. ) ;
#6560 = CARTESIAN_POINT ( 'NONE',  ( 0.04344171147018521806, 0.04607327564544044796, 0.07006615467577331779 ) ) ;
#6561 = VECTOR ( 'NONE', #5453, 39.37007874015748143 ) ;
#6562 = VERTEX_POINT ( 'NONE', #732 ) ;
#6563 = EDGE_CURVE ( 'NONE', #4798, #3598, #7382, .T. ) ;
#6564 = CARTESIAN_POINT ( 'NONE',  ( -0.04607668758732155062, 0.03333483556450109186, -0.07727539840481063849 ) ) ;
#6565 = CARTESIAN_POINT ( 'NONE',  ( 0.1164233781010027835, 0.006467032068879333823, 0.06299212598425198151 ) ) ;
#6566 = VECTOR ( 'NONE', #3038, 39.37007874015748143 ) ;
#6567 = DIRECTION ( 'NONE',  ( -1.000000000000000000, -5.706327223607917555E-17, -0.000000000000000000 ) ) ;
#6568 = CARTESIAN_POINT ( 'NONE',  ( -0.09842519685039370636, 0.007874015748031471668, -0.01476377952755905838 ) ) ;
#6569 = ORIENTED_EDGE ( 'NONE', *, *, #3828, .T. ) ;
#6570 = VERTEX_POINT ( 'NONE', #7401 ) ;
#6571 = CARTESIAN_POINT ( 'NONE',  ( -0.04596040819266719590, 0.04476728897891096848, 0.07007065170953674649 ) ) ;
#6572 = ORIENTED_EDGE ( 'NONE', *, *, #4069, .F. ) ;
#6573 = DIRECTION ( 'NONE',  ( 0.000000000000000000, 0.000000000000000000, 1.000000000000000000 ) ) ;
#6574 = PLANE ( 'NONE',  #6575 ) ;
#6575 = AXIS2_PLACEMENT_3D ( 'NONE', #2718, #7607, #3396 ) ;
#6576 = DIRECTION ( 'NONE',  ( 0.000000000000000000, 1.000000000000000000, 0.000000000000000000 ) ) ;
#6577 = ORIENTED_EDGE ( 'NONE', *, *, #1373, .T. ) ;
#6578 = CARTESIAN_POINT ( 'NONE',  ( 0.09842519685039370636, 0.001968503937007873555, 0.01476377952755905665 ) ) ;
#6579 = ORIENTED_EDGE ( 'NONE', *, *, #3771, .T. ) ;
#6580 = CARTESIAN_POINT ( 'NONE',  ( -0.1259842519685039353, 0.005905511811023618496, -0.06299212598425198151 ) ) ;
#6581 = ORIENTED_EDGE ( 'NONE', *, *, #1043, .F. ) ;
#6582 = CARTESIAN_POINT ( 'NONE',  ( -0.04811742286199997137, 0.02755905511811022543, -0.07874015748031491790 ) ) ;
#6583 = CARTESIAN_POINT ( 'NONE',  ( 0.04762782047181656625, 0.03190852425293756733, -0.07825055509013172095 ) ) ;
#6584 = CARTESIAN_POINT ( 'NONE',  ( -0.09645669291338584972, 0.03149606299212598381, 0.05880887093013065225 ) ) ;
#6585 = CARTESIAN_POINT ( 'NONE',  ( 0.04811742286199987423, 0.02755905511811023237, -0.07874015748031498729 ) ) ;
#6586 = DIRECTION ( 'NONE',  ( 0.000000000000000000, 0.000000000000000000, -1.000000000000000000 ) ) ;
#6587 = CARTESIAN_POINT ( 'NONE',  ( -0.04270338230719549627, 0.04476932692331947461, 0.07332611692551060933 ) ) ;
#6588 = AXIS2_PLACEMENT_3D ( 'NONE', #7340, #3086, #1318 ) ;
#6589 = VERTEX_POINT ( 'NONE', #2984 ) ;
#6590 = ORIENTED_EDGE ( 'NONE', *, *, #3625, .F. ) ;
#6591 = DIRECTION ( 'NONE',  ( 0.7071067811865473507, 0.000000000000000000, 0.7071067811865476838 ) ) ;
#6592 = VECTOR ( 'NONE', #703, 39.37007874015748143 ) ;
#6593 = DIRECTION ( 'NONE',  ( 0.000000000000000000, 0.000000000000000000, -1.000000000000000000 ) ) ;
#6594 = EDGE_CURVE ( 'NONE', #5045, #3175, #1302, .T. ) ;
#6595 = FACE_OUTER_BOUND ( 'NONE', #2629, .T. ) ;
#6596 = ADVANCED_FACE ( 'NONE', ( #7240 ), #1805, .F. ) ;
#6597 = DIRECTION ( 'NONE',  ( 0.000000000000000000, -1.000000000000000000, 0.000000000000000000 ) ) ;
#6598 = ORIENTED_EDGE ( 'NONE', *, *, #932, .F. ) ;
#6599 = CARTESIAN_POINT ( 'NONE',  ( 0.06692913385826773642, 0.04724409448818898266, -0.04322513669223895100 ) ) ;
#6600 = CIRCLE ( 'NONE', #5331, 0.007874015748031499423 ) ;
#6601 = ORIENTED_EDGE ( 'NONE', *, *, #542, .F. ) ;
#6602 = CARTESIAN_POINT ( 'NONE',  ( 0.04837039139633975138, 0.03152255174207310023, 0.07814638787261056485 ) ) ;
#6603 = CARTESIAN_POINT ( 'NONE',  ( -0.04749772451242773030, 0.03791342768142899611, -0.07378206161836041443 ) ) ;
#6604 = LINE ( 'NONE', #423, #2758 ) ;
#6605 = VECTOR ( 'NONE', #752, 39.37007874015748854 ) ;
#6606 = DIRECTION ( 'NONE',  ( 1.000000000000000000, 0.000000000000000000, 0.000000000000000000 ) ) ;
#6607 = EDGE_CURVE ( 'NONE', #34, #2814, #2164, .T. ) ;
#6608 = ORIENTED_EDGE ( 'NONE', *, *, #5053, .T. ) ;
#6609 = CARTESIAN_POINT ( 'NONE',  ( -0.04871044439659927283, 0.03250672395235910950, 0.07670982641008665393 ) ) ;
#6610 = ORIENTED_EDGE ( 'NONE', *, *, #1455, .F. ) ;
#6611 = CARTESIAN_POINT ( 'NONE',  ( 0.07149027865524222591, 0.04401821717066633360, 0.04368041252709764510 ) ) ;
#6612 = CIRCLE ( 'NONE', #3171, 0.003937007874015743640 ) ;
#6613 = DIRECTION ( 'NONE',  ( 0.000000000000000000, 1.000000000000000000, 5.421010862427521184E-16 ) ) ;
#6614 = CARTESIAN_POINT ( 'NONE',  ( 0.04506072670400532859, 0.04425762060212810878, -0.07136064015963107521 ) ) ;
#6615 = CARTESIAN_POINT ( 'NONE',  ( 0.09842519685039370636, 0.007715302024233953657, -0.01476377952755905318 ) ) ;
#6616 = CARTESIAN_POINT ( 'NONE',  ( -0.04695695470830003881, 0.02844911768440359229, 0.07593936677892287879 ) ) ;
#6617 = ADVANCED_FACE ( 'NONE', ( #1532 ), #5363, .T. ) ;
#6618 = CIRCLE ( 'NONE', #2923, 0.04055118110236220763 ) ;
#6619 = VERTEX_POINT ( 'NONE', #3418 ) ;
#6620 = DIRECTION ( 'NONE',  ( 0.000000000000000000, -1.000000000000000000, 0.000000000000000000 ) ) ;
#6621 = ORIENTED_EDGE ( 'NONE', *, *, #3253, .F. ) ;
#6622 = CARTESIAN_POINT ( 'NONE',  ( 0.04832837713773935340, 0.03150952044023550697, -0.07822463022930042920 ) ) ;
#6623 = ORIENTED_EDGE ( 'NONE', *, *, #7481, .F. ) ;
#6624 = ORIENTED_EDGE ( 'NONE', *, *, #1697, .F. ) ;
#6625 = VECTOR ( 'NONE', #6777, 39.37007874015748143 ) ;
#6626 = DIRECTION ( 'NONE',  ( -1.355252715606880789E-16, 0.000000000000000000, 1.000000000000000000 ) ) ;
#6627 = LINE ( 'NONE', #4845, #4984 ) ;
#6628 = CARTESIAN_POINT ( 'NONE',  ( -0.05511811023622047168, 0.03149606299212598381, -0.09645669291338584972 ) ) ;
#6629 = CARTESIAN_POINT ( 'NONE',  ( 0.07396961569077140086, 0.03943962505373859589, -0.04470738755290834532 ) ) ;
#6630 = AXIS2_PLACEMENT_3D ( 'NONE', #142, #573, #4945 ) ;
#6631 = VERTEX_POINT ( 'NONE', #2235 ) ;
#6632 = ORIENTED_EDGE ( 'NONE', *, *, #4228, .T. ) ;
#6633 = LINE ( 'NONE', #89, #53 ) ;
#6634 = COLOUR_RGB ( '',0.7921568627450980005, 0.8196078431372548767, 0.9333333333333333481 ) ;
#6635 = CARTESIAN_POINT ( 'NONE',  ( 0.000000000000000000, 0.02755905511811023584, 0.000000000000000000 ) ) ;
#6636 = FACE_OUTER_BOUND ( 'NONE', #1851, .T. ) ;
#6637 = DIRECTION ( 'NONE',  ( 0.000000000000000000, 0.000000000000000000, -1.000000000000000000 ) ) ;
#6638 = AXIS2_PLACEMENT_3D ( 'NONE', #6711, #1269, #3680 ) ;
#6639 = ORIENTED_EDGE ( 'NONE', *, *, #1749, .F. ) ;
#6640 = CARTESIAN_POINT ( 'NONE',  ( 0.07074672248283200848, 0.04530286551458399119, -0.04348829089306190110 ) ) ;
#6641 = EDGE_LOOP ( 'NONE', ( #5325, #4176, #3402, #694 ) ) ;
#6642 = DIRECTION ( 'NONE',  ( -0.000000000000000000, -0.000000000000000000, -1.000000000000000000 ) ) ;
#6643 = EDGE_CURVE ( 'NONE', #6160, #6249, #6999, .T. ) ;
#6644 = CARTESIAN_POINT ( 'NONE',  ( -0.04762816426853072604, 0.03281114030980837593, -0.07755898274845428320 ) ) ;
#6645 = EDGE_CURVE ( 'NONE', #7320, #7578, #2686, .T. ) ;
#6646 = CARTESIAN_POINT ( 'NONE',  ( 0.07660907570192466987, 0.03619545847639819847, 0.04598634108360957068 ) ) ;
#6647 = B_SPLINE_CURVE_WITH_KNOTS ( 'NONE', 3,
 ( #5203, #1591, #2879, #4006, #3405, #7619, #5247, #1663, #4083, #7771 ),
 .UNSPECIFIED., .F., .F.,
 ( 4, 3, 3, 4 ),
 ( 2.277470861499823325E-16, 4.000545356693689848E-05, 0.0002000054532038498352, 0.0003789617248658870736 ),
 .UNSPECIFIED. ) ;
#6648 = CARTESIAN_POINT ( 'NONE',  ( 0.09645669291338580809, 0.02755905511811023584, 0.04894237015283921244 ) ) ;
#6649 = CARTESIAN_POINT ( 'NONE',  ( -0.04811742286199988117, 0.04724409448818897572, 0.06870810205938816806 ) ) ;
#6650 = EDGE_LOOP ( 'NONE', ( #6058, #2372, #7309, #23 ) ) ;
#6651 = DIRECTION ( 'NONE',  ( 1.000000000000000000, 0.000000000000000000, 0.000000000000000000 ) ) ;
#6652 = VERTEX_POINT ( 'NONE', #7189 ) ;
#6653 = CARTESIAN_POINT ( 'NONE',  ( 0.07272994717300688972, 0.04172892111220240230, 0.04419390004000261357 ) ) ;
#6654 = EDGE_CURVE ( 'NONE', #2691, #1888, #5369, .T. ) ;
#6655 = CARTESIAN_POINT ( 'NONE',  ( -0.04639660822200678686, 0.03190852425293712324, 0.07804775513994732794 ) ) ;
#6656 = EDGE_CURVE ( 'NONE', #2604, #2102, #3457, .T. ) ;
#6657 = CARTESIAN_POINT ( 'NONE',  ( -0.08728965698918823846, 0.005905511811023621965, 0.02263779527559055260 ) ) ;
#6658 = DIRECTION ( 'NONE',  ( 0.000000000000000000, 0.000000000000000000, -1.000000000000000000 ) ) ;
#6659 = VERTEX_POINT ( 'NONE', #4702 ) ;
#6660 = PLANE ( 'NONE',  #2620 ) ;
#6661 = VERTEX_POINT ( 'NONE', #2305 ) ;
#6662 = CARTESIAN_POINT ( 'NONE',  ( 0.04884462017292180713, 0.03190852425293757427, -0.07703375538902647313 ) ) ;
#6663 = ORIENTED_EDGE ( 'NONE', *, *, #4032, .F. ) ;
#6664 = EDGE_LOOP ( 'NONE', ( #4351, #1680, #3585, #7359 ) ) ;
#6665 = LINE ( 'NONE', #1897, #3299 ) ;
#6666 = EDGE_CURVE ( 'NONE', #2102, #7594, #3575, .T. ) ;
#6667 = CARTESIAN_POINT ( 'NONE',  ( 0.05511811023622046474, 0.01574803149606302313, 0.09842519685039370636 ) ) ;
#6668 = DIRECTION ( 'NONE',  ( 0.000000000000000000, 0.000000000000000000, 1.000000000000000000 ) ) ;
#6669 = DIRECTION ( 'NONE',  ( 0.000000000000000000, 0.000000000000000000, -1.000000000000000000 ) ) ;
#6670 = CARTESIAN_POINT ( 'NONE',  ( 0.07081476518369261841, 0.04522749973546138363, -0.04483461788561171613 ) ) ;
#6671 = ORIENTED_EDGE ( 'NONE', *, *, #1015, .F. ) ;
#6672 = ORIENTED_EDGE ( 'NONE', *, *, #4530, .F. ) ;
#6673 = CARTESIAN_POINT ( 'NONE',  ( -0.09645669291338582196, 0.02559055118110236532, 0.04894237015283921244 ) ) ;
#6674 = CARTESIAN_POINT ( 'NONE',  ( -0.04581808850928842380, 0.04516878170881594157, -0.06990550596130369609 ) ) ;
#6675 = PLANE ( 'NONE',  #2059 ) ;
#6676 = DIRECTION ( 'NONE',  ( 0.000000000000000000, -1.000000000000000000, 0.000000000000000000 ) ) ;
#6677 = CARTESIAN_POINT ( 'NONE',  ( -0.07804775513994732794, 0.03190852425293713018, -0.04639660822200685625 ) ) ;
#6678 = EDGE_CURVE ( 'NONE', #3168, #1821, #6248, .T. ) ;
#6679 = ORIENTED_EDGE ( 'NONE', *, *, #4261, .T. ) ;
#6680 = CARTESIAN_POINT ( 'NONE',  ( 0.04346926451383263668, 0.04565550594463525097, 0.07046362139424573734 ) ) ;
#6681 = EDGE_LOOP ( 'NONE', ( #7322, #644, #1566, #4289 ) ) ;
#6682 = FILL_AREA_STYLE ('',( #5484 ) ) ;
#6683 = CARTESIAN_POINT ( 'NONE',  ( 0.07874015748031500117, 0.03149606299212598381, 0.04811742286199988811 ) ) ;
#6684 = CARTESIAN_POINT ( 'NONE',  ( -0.07010179570624650025, 0.04470977535499396499, -0.04597330845849088854 ) ) ;
#6685 = CARTESIAN_POINT ( 'NONE',  ( -0.04811742286199986035, 0.04048239269985884348, 0.07340495031363095113 ) ) ;
#6686 = CARTESIAN_POINT ( 'NONE',  ( 0.04584951730047945317, 0.03434763534871645985, 0.07672696081734846352 ) ) ;
#6687 = ORIENTED_EDGE ( 'NONE', *, *, #4069, .T. ) ;
#6688 = CARTESIAN_POINT ( 'NONE',  ( 0.07004822375984250116, 0.04481996858434136866, 0.04594249379886591877 ) ) ;
#6689 = DIRECTION ( 'NONE',  ( 1.000000000000000000, 0.000000000000000000, -1.355252715606880789E-16 ) ) ;
#6690 = CARTESIAN_POINT ( 'NONE',  ( 0.04677617801571384848, 0.03164152125807718346, -0.07820048377683209984 ) ) ;
#6691 = AXIS2_PLACEMENT_3D ( 'NONE', #5589, #179, #2573 ) ;
#6692 = CARTESIAN_POINT ( 'NONE',  ( 0.04811742286199984647, 0.03190852425293756733, -0.07804775513994748060 ) ) ;
#6693 = ORIENTED_EDGE ( 'NONE', *, *, #3135, .F. ) ;
#6694 = EDGE_CURVE ( 'NONE', #4234, #688, #6413, .T. ) ;
#6695 = CARTESIAN_POINT ( 'NONE',  ( -0.1067728658505845696, 0.009582591198791106518, -0.06299212598425198151 ) ) ;
#6696 = ADVANCED_FACE ( 'NONE', ( #1676 ), #3379, .T. ) ;
#6697 = VERTEX_POINT ( 'NONE', #7632 ) ;
#6698 = CARTESIAN_POINT ( 'NONE',  ( 0.04865708058756029741, 0.03165407675297364498, -0.07749446457217243345 ) ) ;
#6699 = VECTOR ( 'NONE', #7196, 39.37007874015748143 ) ;
#6700 = ORIENTED_EDGE ( 'NONE', *, *, #5467, .T. ) ;
#6701 = VERTEX_POINT ( 'NONE', #425 ) ;
#6702 = CARTESIAN_POINT ( 'NONE',  ( -0.03976576796609585657, 0.04724409448818895491, -0.07038850258441081698 ) ) ;
#6703 = FACE_OUTER_BOUND ( 'NONE', #3249, .T. ) ;
#6704 = CARTESIAN_POINT ( 'NONE',  ( -0.09645669291338584972, 0.02755905511811023584, -0.05880887093013063144 ) ) ;
#6705 = CARTESIAN_POINT ( 'NONE',  ( -0.04503320361471939426, 0.03611232842091464251, -0.07129419354419827548 ) ) ;
#6706 = DIRECTION ( 'NONE',  ( -1.000000000000000000, -0.000000000000000000, -0.000000000000000000 ) ) ;
#6707 = EDGE_CURVE ( 'NONE', #2781, #5068, #4019, .T. ) ;
#6708 = CARTESIAN_POINT ( 'NONE',  ( -0.07677165354330711677, 0.001968503937007873555, -0.02263779527559056301 ) ) ;
#6709 = APPLICATION_PROTOCOL_DEFINITION ( 'draft international standard', 'automotive_design', 1998, #7826 ) ;
#6710 = VERTEX_POINT ( 'NONE', #5292 ) ;
#6711 = CARTESIAN_POINT ( 'NONE',  ( -0.09645669291338584972, 0.03149606299212598381, -0.05880887093013063144 ) ) ;
#6712 =( GEOMETRIC_REPRESENTATION_CONTEXT ( 3 ) GLOBAL_UNCERTAINTY_ASSIGNED_CONTEXT ( ( #788 ) ) GLOBAL_UNIT_ASSIGNED_CONTEXT ( ( #7247, #4390, #7288 ) ) REPRESENTATION_CONTEXT ( 'NONE', 'WORKASPACE' ) );
#6713 = DIRECTION ( 'NONE',  ( 0.000000000000000000, 1.000000000000000000, 0.000000000000000000 ) ) ;
#6714 = CARTESIAN_POINT ( 'NONE',  ( -0.1109683108467216656, 0.002993597884792337672, 0.08267716535433072833 ) ) ;
#6715 = DIRECTION ( 'NONE',  ( 0.000000000000000000, -1.000000000000000000, 0.000000000000000000 ) ) ;
#6716 = VERTEX_POINT ( 'NONE', #7698 ) ;
#6717 = CARTESIAN_POINT ( 'NONE',  ( 0.07070303269309546890, 0.04536378619106674198, -0.04348653231680588149 ) ) ;
#6718 = VECTOR ( 'NONE', #7434, 39.37007874015748143 ) ;
#6719 = ORIENTED_EDGE ( 'NONE', *, *, #2807, .F. ) ;
#6720 = CARTESIAN_POINT ( 'NONE',  ( 0.1062992125984252023, 0.009280999427183432571, -0.06299212598425198151 ) ) ;
#6721 = LINE ( 'NONE', #6797, #1631 ) ;
#6722 = CARTESIAN_POINT ( 'NONE',  ( -0.04811742286199988117, 0.04633366434060631062, 0.07023644914266810590 ) ) ;
#6723 = AXIS2_PLACEMENT_3D ( 'NONE', #7151, #5858, #4135 ) ;
#6724 = CARTESIAN_POINT ( 'NONE',  ( 0.04630703869799605160, 0.03230785462245899797, 0.07783151518030889671 ) ) ;
#6725 = ORIENTED_EDGE ( 'NONE', *, *, #5099, .F. ) ;
#6726 = CARTESIAN_POINT ( 'NONE',  ( -0.08659019213609440990, 0.02755905511811023584, 0.05880887093013065225 ) ) ;
#6727 = CARTESIAN_POINT ( 'NONE',  ( -0.09842519685039370636, 0.005905511811023621965, 0.01476377952755905838 ) ) ;
#6728 = DIRECTION ( 'NONE',  ( 0.000000000000000000, -1.000000000000000000, 0.000000000000000000 ) ) ;
#6729 = VECTOR ( 'NONE', #4655, 39.37007874015748143 ) ;
#6730 = LINE ( 'NONE', #699, #1046 ) ;
#6731 = ORIENTED_EDGE ( 'NONE', *, *, #66, .F. ) ;
#6732 = DIRECTION ( 'NONE',  ( 0.000000000000000000, 0.000000000000000000, 1.000000000000000000 ) ) ;
#6733 = AXIS2_PLACEMENT_3D ( 'NONE', #1179, #4237, #6026 ) ;
#6734 = EDGE_LOOP ( 'NONE', ( #6961, #1278, #1194, #6857 ) ) ;
#6735 = CARTESIAN_POINT ( 'NONE',  ( -0.1117542798527060843, 0.01275443361127101029, -0.06299212598425198151 ) ) ;
#6736 = ORIENTED_EDGE ( 'NONE', *, *, #6879, .F. ) ;
#6737 = ORIENTED_EDGE ( 'NONE', *, *, #5868, .F. ) ;
#6738 = CARTESIAN_POINT ( 'NONE',  ( -0.09842519685039370636, 0.007874015748031471668, 0.01476377952755905838 ) ) ;
#6739 = EDGE_CURVE ( 'NONE', #5012, #7430, #610, .T. ) ;
#6740 = EDGE_CURVE ( 'NONE', #2690, #1255, #1560, .T. ) ;
#6741 = VECTOR ( 'NONE', #2968, 39.37007874015748143 ) ;
#6742 = LINE ( 'NONE', #4924, #5860 ) ;
#6743 = B_SPLINE_CURVE_WITH_KNOTS ( 'NONE', 3,
 ( #5082, #2062, #4486, #6306 ),
 .UNSPECIFIED., .F., .F.,
 ( 4, 4 ),
 ( 0.000000000000000000, 0.1223648851045758268 ),
 .UNSPECIFIED. ) ;
#6744 = DIRECTION ( 'NONE',  ( -0.000000000000000000, -1.000000000000000000, -0.000000000000000000 ) ) ;
#6745 = CARTESIAN_POINT ( 'NONE',  ( 0.07021801462978695396, 0.04449515384951299724, -0.04602144791282569702 ) ) ;
#6746 = VERTEX_POINT ( 'NONE', #7348 ) ;
#6747 = CIRCLE ( 'NONE', #3439, 0.007874015748031499423 ) ;
#6748 = ORIENTED_EDGE ( 'NONE', *, *, #1602, .T. ) ;
#6749 = CARTESIAN_POINT ( 'NONE',  ( 0.04811742286199991586, 0.02755905511811023584, 0.07696118927919452790 ) ) ;
#6750 = EDGE_CURVE ( 'NONE', #5261, #3848, #3444, .T. ) ;
#6751 = CARTESIAN_POINT ( 'NONE',  ( 0.08659019213609440990, 0.02755905511811023584, -0.06275750304127081236 ) ) ;
#6752 = AXIS2_PLACEMENT_3D ( 'NONE', #7183, #6085, #3125 ) ;
#6753 = DIRECTION ( 'NONE',  ( 0.000000000000000000, 0.000000000000000000, 1.000000000000000000 ) ) ;
#6754 = DIRECTION ( 'NONE',  ( 0.000000000000000000, 0.000000000000000000, 1.000000000000000000 ) ) ;
#6755 = ORIENTED_EDGE ( 'NONE', *, *, #3985, .F. ) ;
#6756 = CARTESIAN_POINT ( 'NONE',  ( 0.09842519685039370636, 0.02755905511811023584, -0.04894237015283919856 ) ) ;
#6757 = VERTEX_POINT ( 'NONE', #4987 ) ;
#6758 = VECTOR ( 'NONE', #5131, 39.37007874015748143 ) ;
#6759 = LINE ( 'NONE', #5513, #1943 ) ;
#6760 = EDGE_CURVE ( 'NONE', #3849, #2583, #4339, .T. ) ;
#6761 = CARTESIAN_POINT ( 'NONE',  ( -0.05511811023622047168, 0.02559055118110236532, -0.09842519685039370636 ) ) ;
#6762 = CARTESIAN_POINT ( 'NONE',  ( 0.04811742286199990892, 0.03190852425293756733, 0.07804775513994748060 ) ) ;
#6763 = VECTOR ( 'NONE', #286, 39.37007874015748143 ) ;
#6764 = CARTESIAN_POINT ( 'NONE',  ( 0.04639629941512263961, 0.03190884992229305051, 0.07804733467584280826 ) ) ;
#6765 = ORIENTED_EDGE ( 'NONE', *, *, #7120, .F. ) ;
#6766 = CARTESIAN_POINT ( 'NONE',  ( 0.07820048377683243290, 0.03164152125807651039, 0.04677617801571327949 ) ) ;
#6767 = DIRECTION ( 'NONE',  ( -1.000000000000000000, 0.000000000000000000, 0.000000000000000000 ) ) ;
#6768 = CARTESIAN_POINT ( 'NONE',  ( 0.04771374552068165936, 0.03242959096673100894, -0.07776559416808151437 ) ) ;
#6769 = CARTESIAN_POINT ( 'NONE',  ( 0.1164233781010027835, 0.006467032068879333823, -0.06299212598425198151 ) ) ;
#6770 = LINE ( 'NONE', #1333, #4605 ) ;
#6771 = ORIENTED_EDGE ( 'NONE', *, *, #5222, .F. ) ;
#6772 = CARTESIAN_POINT ( 'NONE',  ( -0.07844366278012820937, 0.03149606299212599075, -0.04811742286199989505 ) ) ;
#6773 = VERTEX_POINT ( 'NONE', #2977 ) ;
#6774 = EDGE_CURVE ( 'NONE', #5163, #7484, #6132, .T. ) ;
#6775 = EDGE_LOOP ( 'NONE', ( #6425, #6216, #7108, #3696, #4249, #4758, #5345, #36 ) ) ;
#6776 = CARTESIAN_POINT ( 'NONE',  ( -0.04434486169540261674, 0.04048239269985884348, -0.07496759631371756327 ) ) ;
#6777 = DIRECTION ( 'NONE',  ( 0.000000000000000000, 0.000000000000000000, -1.000000000000000000 ) ) ;
#6778 = CARTESIAN_POINT ( 'NONE',  ( 0.07640153241519356819, 0.02846948526569289747, 0.04577879779687846207 ) ) ;
#6779 = PLANE ( 'NONE',  #5840 ) ;
#6780 = CARTESIAN_POINT ( 'NONE',  ( -0.04422056448095271208, 0.03973534070286981884, -0.06933230912614357644 ) ) ;
#6781 = CARTESIAN_POINT ( 'NONE',  ( 0.07218708583814084645, 0.04273142322981886287, -0.04540305171260879818 ) ) ;
#6782 = DIRECTION ( 'NONE',  ( 0.000000000000000000, 0.000000000000000000, -1.000000000000000000 ) ) ;
#6783 = ADVANCED_FACE ( 'NONE', ( #1283 ), #6007, .F. ) ;
#6784 = ORIENTED_EDGE ( 'NONE', *, *, #5822, .F. ) ;
#6785 = ORIENTED_EDGE ( 'NONE', *, *, #1350, .F. ) ;
#6786 = CARTESIAN_POINT ( 'NONE',  ( 0.04811742286199990892, 0.02755905511811022543, 0.07874015748031498729 ) ) ;
#6787 = DIRECTION ( 'NONE',  ( 0.000000000000000000, 0.000000000000000000, -1.000000000000000000 ) ) ;
#6788 = DIRECTION ( 'NONE',  ( 0.000000000000000000, 0.000000000000000000, 1.000000000000000000 ) ) ;
#6789 = CARTESIAN_POINT ( 'NONE',  ( -0.07677165354330711677, 0.005905511811023621965, -0.01870078740157480462 ) ) ;
#6790 = DIRECTION ( 'NONE',  ( 0.000000000000000000, 0.000000000000000000, 1.000000000000000000 ) ) ;
#6791 = CARTESIAN_POINT ( 'NONE',  ( 0.07283464566929136186, 0.005905511811023621965, -0.01870078740157480462 ) ) ;
#6792 = EDGE_CURVE ( 'NONE', #5750, #5936, #2557, .T. ) ;
#6793 = EDGE_CURVE ( 'NONE', #4542, #5217, #26, .T. ) ;
#6794 = ORIENTED_EDGE ( 'NONE', *, *, #2870, .F. ) ;
#6795 = DIRECTION ( 'NONE',  ( -1.000000000000000000, 0.000000000000000000, 0.000000000000000000 ) ) ;
#6796 = ORIENTED_EDGE ( 'NONE', *, *, #2594, .T. ) ;
#6797 = CARTESIAN_POINT ( 'NONE',  ( -0.08659019213609440990, 0.03149606299212598381, 0.06275750304127082624 ) ) ;
#6798 = CARTESIAN_POINT ( 'NONE',  ( -0.06692913385826772255, 0.04724409448818895491, -0.04322513669223893018 ) ) ;
#6799 = CARTESIAN_POINT ( 'NONE',  ( -0.04729827275595437086, 0.02796622625163483478, -0.07676292324073043238 ) ) ;
#6800 = CARTESIAN_POINT ( 'NONE',  ( -0.1159497248488431664, 0.006165440297272224528, 0.06299212598425198151 ) ) ;
#6801 = ADVANCED_FACE ( 'NONE', ( #1837 ), #3655, .T. ) ;
#6802 = ORIENTED_EDGE ( 'NONE', *, *, #3725, .F. ) ;
#6803 = CARTESIAN_POINT ( 'NONE',  ( 0.07688123291277185190, 0.03219018753526931009, 0.04878144329469037699 ) ) ;
#6804 = LINE ( 'NONE', #5645, #4167 ) ;
#6805 = DIRECTION ( 'NONE',  ( 0.000000000000000000, 0.000000000000000000, 1.000000000000000000 ) ) ;
#6806 = CARTESIAN_POINT ( 'NONE',  ( 0.04811742286199988811, 0.03149606299212598381, 0.07874015748031495954 ) ) ;
#6807 = CARTESIAN_POINT ( 'NONE',  ( -0.04811742286199997137, 0.03619545847639819847, -0.07572635272678920892 ) ) ;
#6808 = ORIENTED_EDGE ( 'NONE', *, *, #6031, .F. ) ;
#6809 = CARTESIAN_POINT ( 'NONE',  ( -0.1062992125984252023, 0.01574803149606299191, 0.06299212598425198151 ) ) ;
#6810 = ORIENTED_EDGE ( 'NONE', *, *, #827, .F. ) ;
#6811 = DIRECTION ( 'NONE',  ( 1.000000000000000000, 0.000000000000000000, 0.000000000000000000 ) ) ;
#6812 = CIRCLE ( 'NONE', #5663, 0.009866500777291436347 ) ;
#6813 = CARTESIAN_POINT ( 'NONE',  ( -0.1023622047244094613, 0.007874015748031497688, 0.01870078740157480462 ) ) ;
#6814 = CARTESIAN_POINT ( 'NONE',  ( 0.07059815599749880155, 0.04330708661417322775, 0.03997542137918368155 ) ) ;
#6815 = AXIS2_PLACEMENT_3D ( 'NONE', #4242, #4971, #6150 ) ;
#6816 = CARTESIAN_POINT ( 'NONE',  ( -0.07458553926759384223, 0.03003382268297973001, -0.04639636208735239964 ) ) ;
#6817 = CARTESIAN_POINT ( 'NONE',  ( 0.07378206161836045607, 0.03791342768142905162, -0.04749772451242764704 ) ) ;
#6818 = DIRECTION ( 'NONE',  ( -1.224646799147350989E-16, 0.000000000000000000, -1.000000000000000000 ) ) ;
#6819 = ORIENTED_EDGE ( 'NONE', *, *, #3051, .F. ) ;
#6820 = CARTESIAN_POINT ( 'NONE',  ( -0.04811742286199986035, 0.02755905511811022543, 0.07874015748031498729 ) ) ;
#6821 = DIRECTION ( 'NONE',  ( 1.000000000000000000, 0.000000000000000000, 0.000000000000000000 ) ) ;
#6822 = CARTESIAN_POINT ( 'NONE',  ( 0.07340495031363093725, 0.04048239269985884348, -0.04811742286199995056 ) ) ;
#6823 = SURFACE_STYLE_USAGE ( .BOTH. , #910 ) ;
#6824 = CARTESIAN_POINT ( 'NONE',  ( -0.06496062992125986590, 0.005905511811023621965, -0.02657480314960630405 ) ) ;
#6825 = VERTEX_POINT ( 'NONE', #4174 ) ;
#6826 = DIRECTION ( 'NONE',  ( 1.000000000000000000, 0.000000000000000000, 0.000000000000000000 ) ) ;
#6827 = ORIENTED_EDGE ( 'NONE', *, *, #4708, .T. ) ;
#6828 = CIRCLE ( 'NONE', #5695, 0.003937007874015747977 ) ;
#6829 = CARTESIAN_POINT ( 'NONE',  ( 0.07283464566929134798, 0.005905511811023621965, 0.01870078740157480116 ) ) ;
#6830 = CARTESIAN_POINT ( 'NONE',  ( 0.07416106375100812997, 0.03432075690644036114, -0.04353832913269318344 ) ) ;
#6831 = EDGE_CURVE ( 'NONE', #6631, #2963, #5553, .T. ) ;
#6832 = EDGE_CURVE ( 'NONE', #7614, #1544, #1936, .T. ) ;
#6833 = CARTESIAN_POINT ( 'NONE',  ( -0.06937002354045344876, 0.04676143729944543664, -0.04339364618986881611 ) ) ;
#6834 = CARTESIAN_POINT ( 'NONE',  ( -0.04695753956934016482, 0.02844911785056472922, -0.07593912424810653206 ) ) ;
#6835 = VERTEX_POINT ( 'NONE', #4905 ) ;
#6836 = VERTEX_POINT ( 'NONE', #7819 ) ;
#6837 = FACE_OUTER_BOUND ( 'NONE', #6681, .T. ) ;
#6838 = CIRCLE ( 'NONE', #6958, 0.006467032068879366782 ) ;
#6839 = CARTESIAN_POINT ( 'NONE',  ( -0.09842519685039370636, 0.007874015748031495954, 0.04500536227882346446 ) ) ;
#6840 = DIRECTION ( 'NONE',  ( -1.000000000000000000, 2.232281561944730346E-16, 0.000000000000000000 ) ) ;
#6841 = ADVANCED_FACE ( 'NONE', ( #3581 ), #7286, .F. ) ;
#6842 = VECTOR ( 'NONE', #6341, 39.37007874015748143 ) ;
#6843 = CARTESIAN_POINT ( 'NONE',  ( -0.07010179570624650025, 0.04470977535499397887, 0.04597330845849090936 ) ) ;
#6844 = ORIENTED_EDGE ( 'NONE', *, *, #5282, .F. ) ;
#6845 = DIRECTION ( 'NONE',  ( -2.282530889443167515E-16, 0.000000000000000000, -1.000000000000000000 ) ) ;
#6846 = EDGE_LOOP ( 'NONE', ( #480, #1763, #6610, #7722 ) ) ;
#6847 = CARTESIAN_POINT ( 'NONE',  ( 0.04811742286199990892, 0.02755905511811023237, 0.07874015748031495954 ) ) ;
#6848 = AXIS2_PLACEMENT_3D ( 'NONE', #6044, #2819, #5258 ) ;
#6849 = CARTESIAN_POINT ( 'NONE',  ( 0.04570727917525953948, 0.04538425365438057690, -0.06977940642378081815 ) ) ;
#6850 = CARTESIAN_POINT ( 'NONE',  ( -0.09645669291338582196, 0.005905511811023621965, 0.01501381231061532304 ) ) ;
#6851 = EDGE_CURVE ( 'NONE', #294, #333, #7176, .T. ) ;
#6852 = DIRECTION ( 'NONE',  ( -1.000000000000000000, 0.000000000000000000, 0.000000000000000000 ) ) ;
#6853 = DIRECTION ( 'NONE',  ( 0.000000000000000000, 0.000000000000000000, 1.000000000000000000 ) ) ;
#6854 = CARTESIAN_POINT ( 'NONE',  ( 0.04639636208735210127, 0.03003382268297973001, -0.07458553926759386998 ) ) ;
#6855 = CARTESIAN_POINT ( 'NONE',  ( 0.07631931423068964715, 0.03510043636827240437, -0.04711467675562542451 ) ) ;
#6856 = VERTEX_POINT ( 'NONE', #1585 ) ;
#6857 = ORIENTED_EDGE ( 'NONE', *, *, #619, .T. ) ;
#6858 = PLANE ( 'NONE',  #7496 ) ;
#6859 = AXIS2_PLACEMENT_3D ( 'NONE', #5318, #1559, #3971 ) ;
#6860 = CARTESIAN_POINT ( 'NONE',  ( -0.04811742286199983260, 0.04330708661417322775, 0.06722562855845447272 ) ) ;
#6861 = DIRECTION ( 'NONE',  ( 1.000000000000000000, 0.000000000000000000, 0.000000000000000000 ) ) ;
#6862 = CARTESIAN_POINT ( 'NONE',  ( 0.1109683108467216656, 0.002993597884792337672, -0.08267716535433072833 ) ) ;
#6863 = PLANE ( 'NONE',  #4967 ) ;
#6864 = AXIS2_PLACEMENT_3D ( 'NONE', #2286, #1734, #2361 ) ;
#6865 = LINE ( 'NONE', #6940, #4925 ) ;
#6866 = CARTESIAN_POINT ( 'NONE',  ( -0.04491104375890726114, 0.04493333741124210662, 0.07099927356351896923 ) ) ;
#6867 = ORIENTED_EDGE ( 'NONE', *, *, #4993, .T. ) ;
#6868 = LINE ( 'NONE', #1439, #4184 ) ;
#6869 = ADVANCED_FACE ( 'NONE', ( #1405 ), #3812, .T. ) ;
#6870 = ORIENTED_EDGE ( 'NONE', *, *, #6078, .T. ) ;
#6871 = CYLINDRICAL_SURFACE ( 'NONE', #312, 0.003937007874015741038 ) ;
#6872 = AXIS2_PLACEMENT_3D ( 'NONE', #5781, #826, #6894 ) ;
#6873 = CARTESIAN_POINT ( 'NONE',  ( 0.07580254313921516718, 0.03003382268297973001, -0.04517980852090021371 ) ) ;
#6874 = CARTESIAN_POINT ( 'NONE',  ( -0.07383997719516008362, 0.03967902848520007270, -0.04608770172981553614 ) ) ;
#6875 = CARTESIAN_POINT ( 'NONE',  ( 0.04744814616777337513, 0.03149606299212601851, 0.07847086105203036899 ) ) ;
#6876 = AXIS2_PLACEMENT_3D ( 'NONE', #4668, #5923, #5968 ) ;
#6877 = ORIENTED_EDGE ( 'NONE', *, *, #2710, .T. ) ;
#6878 = CARTESIAN_POINT ( 'NONE',  ( 0.07745567703864043863, 0.03300191498134705942, 0.04758537364245524204 ) ) ;
#6879 = EDGE_CURVE ( 'NONE', #7158, #3017, #908, .T. ) ;
#6880 = ORIENTED_EDGE ( 'NONE', *, *, #4515, .T. ) ;
#6881 = ADVANCED_FACE ( 'NONE', ( #7611 ), #4000, .F. ) ;
#6882 = CARTESIAN_POINT ( 'NONE',  ( 0.09831435376820889249, 0.007222783148668171505, 0.01476455973920655536 ) ) ;
#6883 = CARTESIAN_POINT ( 'NONE',  ( 0.07476318474431073446, 0.03797414095024420622, -0.04503609461756351295 ) ) ;
#6884 = AXIS2_PLACEMENT_3D ( 'NONE', #3003, #4158, #520 ) ;
#6885 = CARTESIAN_POINT ( 'NONE',  ( -0.07171594742208596551, 0.04172892111220236760, 0.04664191199091925755 ) ) ;
#6886 = ORIENTED_EDGE ( 'NONE', *, *, #3972, .T. ) ;
#6887 = CARTESIAN_POINT ( 'NONE',  ( 0.07677165354330711677, 0.005905511811023621965, 0.02263779527559055954 ) ) ;
#6888 = ORIENTED_EDGE ( 'NONE', *, *, #4153, .T. ) ;
#6889 = CARTESIAN_POINT ( 'NONE',  ( -0.1023622047244094613, 0.03149606299212598381, -0.04894237015283919856 ) ) ;
#6890 = ADVANCED_FACE ( 'NONE', ( #2798 ), #4377, .F. ) ;
#6891 = ADVANCED_FACE ( 'NONE', ( #2720 ), #7647, .T. ) ;
#6892 = DIRECTION ( 'NONE',  ( -1.000000000000000000, 0.000000000000000000, 0.000000000000000000 ) ) ;
#6893 = LINE ( 'NONE', #1461, #2946 ) ;
#6894 = DIRECTION ( 'NONE',  ( 0.000000000000000000, 0.000000000000000000, 1.000000000000000000 ) ) ;
#6895 = DIRECTION ( 'NONE',  ( 2.282530889443167515E-16, 0.000000000000000000, -1.000000000000000000 ) ) ;
#6896 = CARTESIAN_POINT ( 'NONE',  ( 0.06331663509238938392, 0.03149606299212598381, 0.08603106008497583834 ) ) ;
#6897 = CARTESIAN_POINT ( 'NONE',  ( 0.07741014721891260886, 0.03164152125807628141, -0.04868421925268139050 ) ) ;
#6898 = CYLINDRICAL_SURFACE ( 'NONE', #3128, 0.003937007874015741038 ) ;
#6899 = EDGE_CURVE ( 'NONE', #6140, #2690, #5273, .T. ) ;
#6900 = ORIENTED_EDGE ( 'NONE', *, *, #7659, .F. ) ;
#6901 = ORIENTED_EDGE ( 'NONE', *, *, #1489, .T. ) ;
#6902 = FACE_OUTER_BOUND ( 'NONE', #669, .T. ) ;
#6903 = FACE_OUTER_BOUND ( 'NONE', #7758, .T. ) ;
#6904 = CARTESIAN_POINT ( 'NONE',  ( -0.05511811023622047168, 0.02755905511811023584, -0.09645669291338584972 ) ) ;
#6905 = DIRECTION ( 'NONE',  ( 0.000000000000000000, -3.614007241618364055E-16, -1.000000000000000000 ) ) ;
#6906 = DIRECTION ( 'NONE',  ( 1.000000000000000000, 0.000000000000000000, 0.000000000000000000 ) ) ;
#6907 = CARTESIAN_POINT ( 'NONE',  ( -0.04573436257871796307, 0.03486103293681053900, 0.07644895272630078398 ) ) ;
#6908 = VERTEX_POINT ( 'NONE', #5027 ) ;
#6909 = CARTESIAN_POINT ( 'NONE',  ( 0.09842519685039370636, 0.001968503937007873555, 0.02263779527559055260 ) ) ;
#6910 = ORIENTED_EDGE ( 'NONE', *, *, #7005, .T. ) ;
#6911 = FILL_AREA_STYLE_COLOUR ( '', #6634 ) ;
#6912 = DIRECTION ( 'NONE',  ( 0.000000000000000000, 0.000000000000000000, -1.000000000000000000 ) ) ;
#6913 = DIRECTION ( 'NONE',  ( 1.000000000000000000, 0.000000000000000000, 0.000000000000000000 ) ) ;
#6914 = CARTESIAN_POINT ( 'NONE',  ( -0.07272994717300691747, 0.04172892111220231209, -0.04419390004000281480 ) ) ;
#6915 = CARTESIAN_POINT ( 'NONE',  ( 0.04597330845849087466, 0.04470977535499398581, 0.07010179570624651413 ) ) ;
#6916 = EDGE_LOOP ( 'NONE', ( #794, #5556, #5096, #7820, #6240, #4243, #5493, #6542 ) ) ;
#6917 = CARTESIAN_POINT ( 'NONE',  ( 0.07631931423068914755, 0.03510043636827230723, 0.04711467675562602819 ) ) ;
#6918 = VERTEX_POINT ( 'NONE', #7429 ) ;
#6919 = DIRECTION ( 'NONE',  ( 0.000000000000000000, 0.000000000000000000, 1.000000000000000000 ) ) ;
#6920 = EDGE_CURVE ( 'NONE', #7416, #7232, #1998, .T. ) ;
#6921 = CARTESIAN_POINT ( 'NONE',  ( -0.07021801462978691233, 0.04449515384951296254, 0.04602144791282577335 ) ) ;
#6922 = ORIENTED_EDGE ( 'NONE', *, *, #5654, .F. ) ;
#6923 = CARTESIAN_POINT ( 'NONE',  ( -0.06870810205938812643, 0.04724409448818897572, -0.04811742286199988117 ) ) ;
#6924 = ORIENTED_EDGE ( 'NONE', *, *, #6678, .T. ) ;
#6925 = CARTESIAN_POINT ( 'NONE',  ( -0.09100150360959005646, 0.005905511811023621965, 0.02001312335958005048 ) ) ;
#6926 = CARTESIAN_POINT ( 'NONE',  ( -0.05511811023622046474, 0.03149606299212598381, 0.1023622047244094613 ) ) ;
#6927 =( LENGTH_UNIT ( ) NAMED_UNIT ( * ) SI_UNIT ( $, .METRE. ) );
#6928 = EDGE_CURVE ( 'NONE', #663, #3928, #7115, .T. ) ;
#6929 = FACE_OUTER_BOUND ( 'NONE', #637, .T. ) ;
#6930 = EDGE_CURVE ( 'NONE', #5829, #2724, #3321, .T. ) ;
#6931 = CARTESIAN_POINT ( 'NONE',  ( -0.05511811023622047861, 0.03149606299212598381, -0.1023622047244094613 ) ) ;
#6932 = AXIS2_PLACEMENT_3D ( 'NONE', #5342, #7006, #2826 ) ;
#6933 = VERTEX_POINT ( 'NONE', #764 ) ;
#6934 = DIRECTION ( 'NONE',  ( 1.000000000000000000, 0.000000000000000000, 0.000000000000000000 ) ) ;
#6935 = CYLINDRICAL_SURFACE ( 'NONE', #489, 0.001968503937007879193 ) ;
#6936 = VECTOR ( 'NONE', #1552, 39.37007874015748143 ) ;
#6937 = CARTESIAN_POINT ( 'NONE',  ( 0.06858806478140284935, 0.04678773088144262682, -0.04468073709498909113 ) ) ;
#6938 = EDGE_CURVE ( 'NONE', #1336, #7797, #3477, .T. ) ;
#6939 = FACE_OUTER_BOUND ( 'NONE', #5286, .T. ) ;
#6940 = CARTESIAN_POINT ( 'NONE',  ( 0.1067728658505845696, 0.009582591198791106518, 0.06299212598425198151 ) ) ;
#6941 = CARTESIAN_POINT ( 'NONE',  ( -0.04487880767774404117, 0.04506030752890940322, 0.07092144877917701262 ) ) ;
#6942 = EDGE_LOOP ( 'NONE', ( #960, #2939, #38, #3488 ) ) ;
#6943 = CARTESIAN_POINT ( 'NONE',  ( -0.06773323252439243658, 0.04724409448818894797, 0.04328485592064938714 ) ) ;
#6944 = VECTOR ( 'NONE', #1983, 39.37007874015748854 ) ;
#6945 = VERTEX_POINT ( 'NONE', #7015 ) ;
#6946 = CARTESIAN_POINT ( 'NONE',  ( -0.09645669291338584972, 0.000000000000000000, 0.02657480314960630058 ) ) ;
#6947 = VECTOR ( 'NONE', #2817, 39.37007874015748143 ) ;
#6948 = CARTESIAN_POINT ( 'NONE',  ( -0.1117542798527060843, 0.01275443361127101029, -0.08267716535433072833 ) ) ;
#6949 = CARTESIAN_POINT ( 'NONE',  ( -0.07791772565175304754, 0.03216084518934593517, -0.04777676044448209841 ) ) ;
#6950 = CARTESIAN_POINT ( 'NONE',  ( 0.04758537364245545714, 0.03300191498134705942, 0.07745567703864049414 ) ) ;
#6951 = VERTEX_POINT ( 'NONE', #3772 ) ;
#6952 = CARTESIAN_POINT ( 'NONE',  ( -0.04350603470619183316, 0.04289462535336164423, 0.06759734944928413869 ) ) ;
#6953 = VERTEX_POINT ( 'NONE', #1549 ) ;
#6954 = CARTESIAN_POINT ( 'NONE',  ( 0.09645669291338584972, 0.005905511811023621965, -0.02657480314960630058 ) ) ;
#6955 = CARTESIAN_POINT ( 'NONE',  ( 0.04760429426167193251, 0.03150943455458853071, 0.07852503081920618466 ) ) ;
#6956 = VECTOR ( 'NONE', #3942, 39.37007874015748143 ) ;
#6957 = CARTESIAN_POINT ( 'NONE',  ( -0.07218708583814073543, 0.04273142322981904329, 0.04540305171260894390 ) ) ;
#6958 = AXIS2_PLACEMENT_3D ( 'NONE', #2297, #3487, #1111 ) ;
#6959 = VERTEX_POINT ( 'NONE', #3399 ) ;
#6960 = CARTESIAN_POINT ( 'NONE',  ( -0.06889763779527559306, 0.009842519685039369942, 0.06299212598425198151 ) ) ;
#6961 = ORIENTED_EDGE ( 'NONE', *, *, #6694, .F. ) ;
#6962 = CARTESIAN_POINT ( 'NONE',  ( 0.06889763779527559306, 0.009842519685039369942, -0.06299212598425198151 ) ) ;
#6963 = EDGE_CURVE ( 'NONE', #6249, #6143, #5195, .T. ) ;
#6964 = CARTESIAN_POINT ( 'NONE',  ( -0.04811742286199990892, 0.02755905511811023584, -0.07874015748031495954 ) ) ;
#6965 = VECTOR ( 'NONE', #1419, 39.37007874015748143 ) ;
#6966 = CARTESIAN_POINT ( 'NONE',  ( 0.09842519685039370636, 0.02755905511811023584, 0.04894237015283921244 ) ) ;
#6967 = CARTESIAN_POINT ( 'NONE',  ( 0.07727539840481056910, 0.03333483556450118207, -0.04607668758732134245 ) ) ;
#6968 = CARTESIAN_POINT ( 'NONE',  ( -0.1062992125984252023, 0.009280999427183432571, -0.08267716535433072833 ) ) ;
#6969 = AXIS2_PLACEMENT_3D ( 'NONE', #5912, #486, #563 ) ;
#6970 = ADVANCED_FACE ( 'NONE', ( #3173 ), #5599, .F. ) ;
#6971 = ORIENTED_EDGE ( 'NONE', *, *, #5442, .T. ) ;
#6972 = EDGE_CURVE ( 'NONE', #7404, #3726, #5664, .T. ) ;
#6973 = CARTESIAN_POINT ( 'NONE',  ( 0.09645669291338584972, 0.02755905511811023584, 0.05511811023622045780 ) ) ;
#6974 = AXIS2_PLACEMENT_3D ( 'NONE', #7261, #3644, #1317 ) ;
#6975 = PLANE ( 'NONE',  #1039 ) ;
#6976 = DIRECTION ( 'NONE',  ( 0.000000000000000000, -1.000000000000000000, 0.000000000000000000 ) ) ;
#6977 = CARTESIAN_POINT ( 'NONE',  ( -0.09645669291338584972, 0.02755905511811023584, 0.05511811023622045780 ) ) ;
#6978 = CARTESIAN_POINT ( 'NONE',  ( -0.07874015748031494566, 0.02755905511811023584, 0.04811742286199992280 ) ) ;
#6979 = CARTESIAN_POINT ( 'NONE',  ( -0.04598272780507824814, 0.04469496946141577470, 0.07010371479774368808 ) ) ;
#6980 = ORIENTED_EDGE ( 'NONE', *, *, #971, .T. ) ;
#6981 = VECTOR ( 'NONE', #2482, 39.37007874015748143 ) ;
#6982 = CARTESIAN_POINT ( 'NONE',  ( 0.04780958601865558516, 0.03149606299212598381, -0.07862317906769339393 ) ) ;
#6983 = EDGE_LOOP ( 'NONE', ( #4041, #7604, #4068, #1564 ) ) ;
#6984 = ADVANCED_FACE ( 'NONE', ( #3729 ), #1750, .F. ) ;
#6985 =( BOUNDED_SURFACE ( )  B_SPLINE_SURFACE ( 3, 1, ( 
 ( #3091, #1875 ),
 ( #689, #7307 ),
 ( #4904, #7347 ),
 ( #3170, #6088 ),
 ( #2456, #3013 ),
 ( #6646, #762 ),
 ( #5552, #140 ),
 ( #608, #64 ),
 ( #3731, #2536 ),
 ( #6683, #4293 ) ),
 .UNSPECIFIED., .F., .F., .F. ) 
 B_SPLINE_SURFACE_WITH_KNOTS ( ( 4, 3, 3, 4 ),
 ( 2, 2 ),
 ( 0.000000000000000000, 0.2470520139942820048, 0.9588246643342857034, 1.000000000000000000 ),
 ( 0.000000000000000000, 1.000000000000000000 ),
 .UNSPECIFIED. ) 
 GEOMETRIC_REPRESENTATION_ITEM ( )  RATIONAL_B_SPLINE_SURFACE ( (
 ( 1.000000000000000000, 1.000000000000000000),
 ( 0.9060799708944983211, 0.9060799708944983211),
 ( 0.9060799708944983211, 0.9060799708944983211),
 ( 1.000000000000000000, 1.000000000000000000),
 ( 1.000000000000000000, 1.000000000000000000),
 ( 1.000000000000000000, 1.000000000000000000),
 ( 1.000000000000000000, 1.000000000000000000),
 ( 0.9060799708944987652, 0.9060799708944987652),
 ( 0.9060799708944987652, 0.9060799708944987652),
 ( 1.000000000000000000, 1.000000000000000000) ) ) 
 REPRESENTATION_ITEM ( '' )  SURFACE ( )  );
#6986 = FACE_OUTER_BOUND ( 'NONE', #1849, .T. ) ;
#6987 = MANIFOLD_SOLID_BREP ( 'Main Body', #7338 ) ;
#6988 = VECTOR ( 'NONE', #6147, 39.37007874015748143 ) ;
#6989 = CARTESIAN_POINT ( 'NONE',  ( 0.04633343134377388567, 0.03219018753526924764, 0.07789523266369287324 ) ) ;
#6990 = ORIENTED_EDGE ( 'NONE', *, *, #2893, .T. ) ;
#6991 = CARTESIAN_POINT ( 'NONE',  ( -0.09842519685039370636, 0.01574803149606302313, 0.04894237015283921244 ) ) ;
#6992 = ORIENTED_EDGE ( 'NONE', *, *, #4197, .F. ) ;
#6993 = AXIS2_PLACEMENT_3D ( 'NONE', #52, #4893, #7297 ) ;
#6994 = ADVANCED_FACE ( 'NONE', ( #2340 ), #1155, .F. ) ;
#6995 = VECTOR ( 'NONE', #4139, 39.37007874015748143 ) ;
#6996 = DIRECTION ( 'NONE',  ( -0.000000000000000000, -0.000000000000000000, -1.000000000000000000 ) ) ;
#6997 = CARTESIAN_POINT ( 'NONE',  ( 0.07703375538902736130, 0.03190852425293713712, -0.04884462017292071773 ) ) ;
#6998 = CARTESIAN_POINT ( 'NONE',  ( -0.06997942780049469513, 0.04498199997437892644, 0.04588147192311464728 ) ) ;
#6999 = CIRCLE ( 'NONE', #2432, 0.01072812687502424332 ) ;
#7000 = EDGE_LOOP ( 'NONE', ( #3678, #1765, #7505, #314 ) ) ;
#7001 = CARTESIAN_POINT ( 'NONE',  ( 0.07677165354330711677, 0.001968503937007873555, -0.02263779527559056301 ) ) ;
#7002 = ORIENTED_EDGE ( 'NONE', *, *, #4395, .F. ) ;
#7003 = LINE ( 'NONE', #4706, #4312 ) ;
#7004 = CARTESIAN_POINT ( 'NONE',  ( -0.04373591931911025715, 0.04724409448818897572, 0.06751567060080625182 ) ) ;
#7005 = EDGE_CURVE ( 'NONE', #1788, #7404, #6759, .T. ) ;
#7006 = DIRECTION ( 'NONE',  ( 0.000000000000000000, 1.000000000000000000, 0.000000000000000000 ) ) ;
#7007 = AXIS2_PLACEMENT_3D ( 'NONE', #1815, #7206, #7798 ) ;
#7008 = DIRECTION ( 'NONE',  ( 0.000000000000000000, 1.000000000000000000, 0.000000000000000000 ) ) ;
#7009 = ORIENTED_EDGE ( 'NONE', *, *, #6013, .F. ) ;
#7010 = VERTEX_POINT ( 'NONE', #1196 ) ;
#7011 = CARTESIAN_POINT ( 'NONE',  ( -0.04811742286199998525, 0.04315534825624279397, -0.06748035307233446467 ) ) ;
#7012 = DIRECTION ( 'NONE',  ( 1.000000000000000000, 0.000000000000000000, 1.445602896647344044E-15 ) ) ;
#7013 = B_SPLINE_CURVE_WITH_KNOTS ( 'NONE', 3,
 ( #4689, #5951, #6476, #2768, #7094, #3367 ),
 .UNSPECIFIED., .F., .F.,
 ( 4, 2, 4 ),
 ( 0.000000000000000000, 0.5000000000000000000, 1.000000000000000000 ),
 .UNSPECIFIED. ) ;
#7014 = CARTESIAN_POINT ( 'NONE',  ( 0.06692913385826772255, 0.04724409448818898266, -0.04811742286199995056 ) ) ;
#7015 = CARTESIAN_POINT ( 'NONE',  ( -0.09842519685039370636, 0.01181102362204724567, -0.04500536227882345752 ) ) ;
#7016 = ADVANCED_FACE ( 'NONE', ( #3614 ), #6041, .T. ) ;
#7017 = CARTESIAN_POINT ( 'NONE',  ( -0.07231082922174207617, 0.04250290630268870745, 0.04402029570035496941 ) ) ;
#7018 = CARTESIAN_POINT ( 'NONE',  ( -0.09645669291338584972, 0.02755905511811023584, 0.05511811023622045780 ) ) ;
#7019 = VERTEX_POINT ( 'NONE', #1832 ) ;
#7020 = VERTEX_POINT ( 'NONE', #3651 ) ;
#7021 = CARTESIAN_POINT ( 'NONE',  ( 0.06889763779527559306, 0.01574803149606299191, 0.06299212598425198151 ) ) ;
#7022 = MANIFOLD_SOLID_BREP ( 'Mirror1[1]', #7475 ) ;
#7023 = CYLINDRICAL_SURFACE ( 'NONE', #2054, 0.0005615202578559341188 ) ;
#7024 = ADVANCED_FACE ( 'NONE', ( #1958 ), #4253, .T. ) ;
#7025 = CARTESIAN_POINT ( 'NONE',  ( -0.07693914848957171537, 0.03395578833904026178, -0.04737142051207843263 ) ) ;
#7026 = EDGE_CURVE ( 'NONE', #7814, #2860, #809, .T. ) ;
#7027 = CARTESIAN_POINT ( 'NONE',  ( 0.04490561068448202520, 0.04494917878645578874, 0.07098615696155630150 ) ) ;
#7028 = ORIENTED_EDGE ( 'NONE', *, *, #3076, .T. ) ;
#7029 = CARTESIAN_POINT ( 'NONE',  ( -0.07874015748031494566, 0.02755905511811022543, -0.04811742286199988811 ) ) ;
#7030 = EDGE_LOOP ( 'NONE', ( #1447, #5690, #1007, #126 ) ) ;
#7031 = LINE ( 'NONE', #379, #4561 ) ;
#7032 = DIRECTION ( 'NONE',  ( 1.000000000000000000, 0.000000000000000000, 0.000000000000000000 ) ) ;
#7033 = CARTESIAN_POINT ( 'NONE',  ( -0.07745567703864043863, 0.03300191498134705942, 0.04758537364245538775 ) ) ;
#7034 = ADVANCED_FACE ( 'NONE', ( #3768 ), #1400, .F. ) ;
#7035 = ORIENTED_EDGE ( 'NONE', *, *, #7061, .F. ) ;
#7036 = CARTESIAN_POINT ( 'NONE',  ( 0.1159497248488431664, 0.006165440297272224528, -0.06299212598425198151 ) ) ;
#7037 = ORIENTED_EDGE ( 'NONE', *, *, #4361, .F. ) ;
#7038 = PLANE ( 'NONE',  #1904 ) ;
#7039 = CARTESIAN_POINT ( 'NONE',  ( 0.1023622047244094613, 0.03149606299212598381, -0.04894237015283919856 ) ) ;
#7040 = CARTESIAN_POINT ( 'NONE',  ( -0.07478718532594159918, 0.02966181991513170552, 0.04648352342745737387 ) ) ;
#7041 = FACE_OUTER_BOUND ( 'NONE', #926, .T. ) ;
#7042 = DIRECTION ( 'NONE',  ( 0.000000000000000000, 0.000000000000000000, -1.000000000000000000 ) ) ;
#7043 = ORIENTED_EDGE ( 'NONE', *, *, #1697, .T. ) ;
#7044 = EDGE_LOOP ( 'NONE', ( #7730, #5957, #4851, #4354 ) ) ;
#7045 = CARTESIAN_POINT ( 'NONE',  ( -0.04811742286199998525, 0.04330708661417322775, -0.06722562855845447272 ) ) ;
#7046 = FACE_OUTER_BOUND ( 'NONE', #3285, .T. ) ;
#7047 = DIRECTION ( 'NONE',  ( 0.000000000000000000, -1.000000000000000000, 0.000000000000000000 ) ) ;
#7048 = LINE ( 'NONE', #4151, #598 ) ;
#7049 = CARTESIAN_POINT ( 'NONE',  ( -0.07499921775895303233, 0.02936772777952635985, -0.04656654295319351961 ) ) ;
#7050 = ORIENTED_EDGE ( 'NONE', *, *, #2743, .F. ) ;
#7051 = ORIENTED_EDGE ( 'NONE', *, *, #4686, .T. ) ;
#7052 = CARTESIAN_POINT ( 'NONE',  ( -0.1259842519685039353, 0.005905511811023618496, 0.08267716535433072833 ) ) ;
#7053 = AXIS2_PLACEMENT_3D ( 'NONE', #5503, #85, #1344 ) ;
#7054 = ADVANCED_FACE ( 'NONE', ( #1994 ), #260, .F. ) ;
#7055 = AXIS2_PLACEMENT_3D ( 'NONE', #172, #4821, #3649 ) ;
#7056 = CARTESIAN_POINT ( 'NONE',  ( 0.09842519685039370636, 0.005905511811023620231, 0.01476377952755906012 ) ) ;
#7057 = CARTESIAN_POINT ( 'NONE',  ( -0.06889763779527559306, 0.01574803149606299191, -0.08267716535433072833 ) ) ;
#7058 = ORIENTED_EDGE ( 'NONE', *, *, #6694, .T. ) ;
#7059 = CARTESIAN_POINT ( 'NONE',  ( -0.06994293861179344540, 0.03860769112990099922, -0.04811742286199988811 ) ) ;
#7060 = ORIENTED_EDGE ( 'NONE', *, *, #2271, .F. ) ;
#7061 = EDGE_CURVE ( 'NONE', #5068, #7148, #4500, .T. ) ;
#7062 = CARTESIAN_POINT ( 'NONE',  ( -0.04621400573016507668, 0.04363666782758900825, -0.07068289032394874105 ) ) ;
#7063 = ADVANCED_FACE ( 'NONE', ( #4414 ), #5097, .F. ) ;
#7064 = VECTOR ( 'NONE', #508, 39.37007874015748143 ) ;
#7065 = LINE ( 'NONE', #5921, #5542 ) ;
#7066 = CARTESIAN_POINT ( 'NONE',  ( -0.09645669291338584972, 0.005905511811023621965, 0.02657480314960630058 ) ) ;
#7067 = CARTESIAN_POINT ( 'NONE',  ( 0.1117542798527060843, 0.01275443361127101029, -0.06299212598425198151 ) ) ;
#7068 = AXIS2_PLACEMENT_3D ( 'NONE', #1413, #816, #929 ) ;
#7069 = ORIENTED_EDGE ( 'NONE', *, *, #3618, .T. ) ;
#7070 = PLANE ( 'NONE',  #6060 ) ;
#7071 = ORIENTED_EDGE ( 'NONE', *, *, #630, .F. ) ;
#7072 = DIRECTION ( 'NONE',  ( -1.000000000000000000, 0.000000000000000000, 0.000000000000000000 ) ) ;
#7073 =( LENGTH_UNIT ( ) NAMED_UNIT ( * ) SI_UNIT ( $, .METRE. ) );
#7074 = CARTESIAN_POINT ( 'NONE',  ( 0.04376599377924870332, 0.04363666782758907070, -0.07169689007486965138 ) ) ;
#7075 = EDGE_CURVE ( 'NONE', #1293, #2963, #2811, .T. ) ;
#7076 = CIRCLE ( 'NONE', #4946, 0.003937007874015749712 ) ;
#7077 = LINE ( 'NONE', #1611, #4084 ) ;
#7078 = PLANE ( 'NONE',  #852 ) ;
#7079 = MANIFOLD_SOLID_BREP ( 'Boss-Extrude2', #2390 ) ;
#7080 = VERTEX_POINT ( 'NONE', #6552 ) ;
#7081 = ORIENTED_EDGE ( 'NONE', *, *, #1095, .F. ) ;
#7082 = CARTESIAN_POINT ( 'NONE',  ( -0.07251958436280121767, 0.03860769112990099922, -0.04189684974448603522 ) ) ;
#7083 = ADVANCED_FACE ( 'NONE', ( #1558 ), #6871, .T. ) ;
#7084 = FACE_OUTER_BOUND ( 'NONE', #4770, .T. ) ;
#7085 = CARTESIAN_POINT ( 'NONE',  ( 0.05511811023622047168, 0.02755905511811023584, -0.09645669291338584972 ) ) ;
#7086 = VECTOR ( 'NONE', #3372, 39.37007874015748143 ) ;
#7087 = PLANE ( 'NONE',  #1660 ) ;
#7088 = CARTESIAN_POINT ( 'NONE',  ( 0.1062992125984252023, 0.009280999427183432571, 0.08267716535433072833 ) ) ;
#7089 = CARTESIAN_POINT ( 'NONE',  ( -0.07164642306293832197, 0.04724409448818897572, 0.04102368844462331299 ) ) ;
#7090 = EDGE_LOOP ( 'NONE', ( #3520, #446, #4020, #1873 ) ) ;
#7091 = EDGE_LOOP ( 'NONE', ( #293, #3018, #156, #4862, #2662, #5949, #3555, #5021, #2848, #2268 ) ) ;
#7092 = DIRECTION ( 'NONE',  ( -0.7071067811865473507, 0.000000000000000000, -0.7071067811865475727 ) ) ;
#7093 = AXIS2_PLACEMENT_3D ( 'NONE', #3166, #7387, #6826 ) ;
#7094 = CARTESIAN_POINT ( 'NONE',  ( -0.06990550596135257366, 0.04516878170870290699, 0.04581808850932610894 ) ) ;
#7095 = CARTESIAN_POINT ( 'NONE',  ( 0.07703375538902643149, 0.03190852425293757427, 0.04884462017292183489 ) ) ;
#7096 = PLANE ( 'NONE',  #5959 ) ;
#7097 = VECTOR ( 'NONE', #888, 39.37007874015748143 ) ;
#7098 = DIRECTION ( 'NONE',  ( 0.7071067811865473507, 0.000000000000000000, 0.7071067811865476838 ) ) ;
#7099 = ADVANCED_FACE ( 'NONE', ( #6436 ), #5279, .F. ) ;
#7100 = ORIENTED_EDGE ( 'NONE', *, *, #55, .T. ) ;
#7101 = LINE ( 'NONE', #5916, #143 ) ;
#7102 = ORIENTED_EDGE ( 'NONE', *, *, #4807, .T. ) ;
#7103 = CARTESIAN_POINT ( 'NONE',  ( 0.07703375538902643149, 0.03190852425293757427, 0.04884462017292183489 ) ) ;
#7104 = CARTESIAN_POINT ( 'NONE',  ( -0.04368041252709779776, 0.04401821717066645157, -0.07149027865524219816 ) ) ;
#7105 = VECTOR ( 'NONE', #3485, 39.37007874015748143 ) ;
#7106 = CARTESIAN_POINT ( 'NONE',  ( -0.08728965698918823846, 0.001968503937007873555, -0.01870078740157480809 ) ) ;
#7107 = DIRECTION ( 'NONE',  ( -0.000000000000000000, -1.000000000000000000, -0.000000000000000000 ) ) ;
#7108 = ORIENTED_EDGE ( 'NONE', *, *, #2944, .T. ) ;
#7109 = ORIENTED_EDGE ( 'NONE', *, *, #7026, .F. ) ;
#7110 = DIRECTION ( 'NONE',  ( -1.000000000000000000, 0.000000000000000000, 1.445602896647343847E-15 ) ) ;
#7111 = AXIS2_PLACEMENT_3D ( 'NONE', #1012, #465, #1724 ) ;
#7112 = ORIENTED_EDGE ( 'NONE', *, *, #5691, .F. ) ;
#7113 = CARTESIAN_POINT ( 'NONE',  ( -0.05511811023622047861, 0.03149606299212598381, -0.1023622047244094613 ) ) ;
#7114 = CARTESIAN_POINT ( 'NONE',  ( 0.04852469953823815990, 0.03333483556450118901, -0.07626139865388932571 ) ) ;
#7115 = CIRCLE ( 'NONE', #7514, 0.003937007874015741038 ) ;
#7116 = CARTESIAN_POINT ( 'NONE',  ( -0.07593912424845064568, 0.02844911785035584076, 0.04695753956938206186 ) ) ;
#7117 = ORIENTED_EDGE ( 'NONE', *, *, #2795, .F. ) ;
#7118 = ADVANCED_FACE ( 'NONE', ( #6986 ), #4118, .T. ) ;
#7119 = CARTESIAN_POINT ( 'NONE',  ( 0.000000000000000000, 0.09645669291338582196, 0.000000000000000000 ) ) ;
#7120 = EDGE_CURVE ( 'NONE', #2102, #4299, #373, .T. ) ;
#7121 = CARTESIAN_POINT ( 'NONE',  ( -0.04461798493860431175, 0.04586810874880804106, 0.07029176698497052733 ) ) ;
#7122 = CARTESIAN_POINT ( 'NONE',  ( 0.09645669291338584972, 0.03149606299212598381, -0.05880887093013063144 ) ) ;
#7123 = CARTESIAN_POINT ( 'NONE',  ( -0.09842519685039370636, 0.005905511811023621965, 0.02263779527559055260 ) ) ;
#7124 = ORIENTED_EDGE ( 'NONE', *, *, #3208, .F. ) ;
#7125 = AXIS2_PLACEMENT_3D ( 'NONE', #5811, #5216, #458 ) ;
#7126 = EDGE_LOOP ( 'NONE', ( #994, #1085, #376, #7325 ) ) ;
#7127 = PLANE ( 'NONE',  #7007 ) ;
#7128 = LINE ( 'NONE', #1023, #420 ) ;
#7129 =( GEOMETRIC_REPRESENTATION_CONTEXT ( 3 ) GLOBAL_UNCERTAINTY_ASSIGNED_CONTEXT ( ( #3550 ) ) GLOBAL_UNIT_ASSIGNED_CONTEXT ( ( #3288, #7390, #2112 ) ) REPRESENTATION_CONTEXT ( 'NONE', 'WORKASPACE' ) );
#7130 = DIRECTION ( 'NONE',  ( 1.000000000000000000, 0.000000000000000000, 0.000000000000000000 ) ) ;
#7131 = CARTESIAN_POINT ( 'NONE',  ( -0.07804718052592332644, 0.03190958539275171729, 0.04639637020908346510 ) ) ;
#7132 = ADVANCED_FACE ( 'NONE', ( #5201 ), #7618, .F. ) ;
#7133 = FACE_OUTER_BOUND ( 'NONE', #2165, .T. ) ;
#7134 = EDGE_LOOP ( 'NONE', ( #7198, #6808, #3200, #1076, #1607, #686 ) ) ;
#7135 = VERTEX_POINT ( 'NONE', #3970 ) ;
#7136 = DIRECTION ( 'NONE',  ( 0.000000000000000000, -1.000000000000000000, 0.000000000000000000 ) ) ;
#7137 = CARTESIAN_POINT ( 'NONE',  ( 0.06889763779527559306, 0.01574803149606299191, 0.08267716535433072833 ) ) ;
#7138 = CARTESIAN_POINT ( 'NONE',  ( 0.1062992125984252023, 0.01574803149606299191, 0.06299212598425198151 ) ) ;
#7139 = DIRECTION ( 'NONE',  ( -0.000000000000000000, -1.000000000000000000, -0.000000000000000000 ) ) ;
#7140 = ORIENTED_EDGE ( 'NONE', *, *, #3855, .F. ) ;
#7141 = CARTESIAN_POINT ( 'NONE',  ( 0.06773323252439250597, 0.04724409448818896184, -0.04328485592063337217 ) ) ;
#7142 = VERTEX_POINT ( 'NONE', #5878 ) ;
#7143 = CARTESIAN_POINT ( 'NONE',  ( 0.1109683108467216656, 0.002993597884792337672, 0.06299212598425198151 ) ) ;
#7144 = CARTESIAN_POINT ( 'NONE',  ( -0.04818237452963446826, 0.03486103293681065002, -0.07543495297537973487 ) ) ;
#7145 = CARTESIAN_POINT ( 'NONE',  ( 0.04656881662366181562, 0.02936772806282948386, 0.07499827571171108209 ) ) ;
#7146 = CARTESIAN_POINT ( 'NONE',  ( -0.07792006399911281800, 0.03193004094268411808, 0.04777772901967351771 ) ) ;
#7147 = VERTEX_POINT ( 'NONE', #7052 ) ;
#7148 = VERTEX_POINT ( 'NONE', #4619 ) ;
#7149 = LINE ( 'NONE', #1395, #2626 ) ;
#7150 = ORIENTED_EDGE ( 'NONE', *, *, #3777, .T. ) ;
#7151 = CARTESIAN_POINT ( 'NONE',  ( -0.1164233781010027835, 0.006467032068879333823, 0.06299212598425198151 ) ) ;
#7152 = CARTESIAN_POINT ( 'NONE',  ( 0.07499827571135593562, 0.02936772806329089602, -0.04656881662354987739 ) ) ;
#7153 = CARTESIAN_POINT ( 'NONE',  ( 0.04470738755290735306, 0.03943962505373828364, -0.07396961569077160903 ) ) ;
#7154 = CARTESIAN_POINT ( 'NONE',  ( 0.09842519685039370636, 0.007874015748031471668, -0.01476377952755905838 ) ) ;
#7155 = CARTESIAN_POINT ( 'NONE',  ( 0.06815311625937547912, 0.04703914242022394498, 0.04430168792818191953 ) ) ;
#7156 = ORIENTED_EDGE ( 'NONE', *, *, #3416, .T. ) ;
#7157 = CARTESIAN_POINT ( 'NONE',  ( -0.05118110236220472370, 0.02559055118110236532, -0.09645669291338582196 ) ) ;
#7158 = VERTEX_POINT ( 'NONE', #7654 ) ;
#7159 = DIRECTION ( 'NONE',  ( 0.000000000000000000, 0.000000000000000000, -1.000000000000000000 ) ) ;
#7160 = B_SPLINE_CURVE_WITH_KNOTS ( 'NONE', 3,
 ( #6850, #240, #5532, #3748, #3148, #3869, #3109, #2596, #2016, #5615, #739, #5573, #3832, #3711, #2057, #6738 ),
 .UNSPECIFIED., .F., .F.,
 ( 4, 3, 3, 3, 3, 4 ),
 ( 0.000000000000000000, 1.674721116170030532E-05, 3.351701158524710944E-05, 5.000933852826160435E-05, 6.661034559136828122E-05, 7.862255880489537577E-05 ),
 .UNSPECIFIED. ) ;
#7161 = ORIENTED_EDGE ( 'NONE', *, *, #5232, .T. ) ;
#7162 = CARTESIAN_POINT ( 'NONE',  ( -0.07059815599749881543, 0.04330708661417322775, -0.03997542137918364685 ) ) ;
#7163 = CARTESIAN_POINT ( 'NONE',  ( 0.07660907570192458660, 0.03619545847639819847, -0.04598634108360964007 ) ) ;
#7164 = EDGE_CURVE ( 'NONE', #6048, #1543, #988, .T. ) ;
#7165 = EDGE_CURVE ( 'NONE', #1544, #7814, #410, .T. ) ;
#7166 = CARTESIAN_POINT ( 'NONE',  ( 0.1067728658505845696, 0.009582591198791106518, -0.08267716535433072833 ) ) ;
#7167 = PLANE ( 'NONE',  #6864 ) ;
#7168 = CARTESIAN_POINT ( 'NONE',  ( -0.1164233781010027974, -1.600692183787654230E-18, 0.06299212598425198151 ) ) ;
#7169 = CARTESIAN_POINT ( 'NONE',  ( -0.07272712764953226383, 0.04633366434060631062, 0.04210439303121725485 ) ) ;
#7170 = VERTEX_POINT ( 'NONE', #1071 ) ;
#7171 = VERTEX_POINT ( 'NONE', #5839 ) ;
#7172 = DIRECTION ( 'NONE',  ( -0.7071067811865476838, 0.000000000000000000, 0.7071067811865473507 ) ) ;
#7173 = CARTESIAN_POINT ( 'NONE',  ( -0.04595995108315452382, 0.04476932692331949543, -0.07006954814955163036 ) ) ;
#7174 = ADVANCED_FACE ( 'NONE', ( #2292, #1590 ), #4579, .T. ) ;
#7175 = CARTESIAN_POINT ( 'NONE',  ( -0.05511811023622046474, 0.02559055118110236532, 0.09842519685039370636 ) ) ;
#7176 = B_SPLINE_CURVE_WITH_KNOTS ( 'NONE', 3,
 ( #1618, #7571, #187, #5791, #6834, #6799, #1361, #947, #5833, #5872 ),
 .UNSPECIFIED., .F., .F.,
 ( 4, 2, 2, 2, 4 ),
 ( 0.7444130001158008048, 0.8083097500868505758, 0.8722065000579004579, 0.9361032500289502289, 1.000000000000000000 ),
 .UNSPECIFIED. ) ;
#7177 = DIRECTION ( 'NONE',  ( 0.000000000000000000, -1.000000000000000000, 0.000000000000000000 ) ) ;
#7178 = DIRECTION ( 'NONE',  ( 0.000000000000000000, 0.000000000000000000, -1.000000000000000000 ) ) ;
#7179 = ORIENTED_EDGE ( 'NONE', *, *, #6666, .T. ) ;
#7180 = CARTESIAN_POINT ( 'NONE',  ( 0.07060477092604648675, 0.04548827587850341053, -0.04347946427394137892 ) ) ;
#7181 = AXIS2_PLACEMENT_3D ( 'NONE', #1577, #2173, #5266 ) ;
#7182 = ORIENTED_EDGE ( 'NONE', *, *, #2648, .T. ) ;
#7183 = CARTESIAN_POINT ( 'NONE',  ( -0.05511811023622047168, 0.02755905511811023584, 0.09645669291338584972 ) ) ;
#7184 = CARTESIAN_POINT ( 'NONE',  ( -0.04620505946554765569, 0.03276251154988529118, -0.07758531553425168648 ) ) ;
#7185 = EDGE_CURVE ( 'NONE', #1914, #6710, #3443, .T. ) ;
#7186 = CARTESIAN_POINT ( 'NONE',  ( 0.04695753956938627377, 0.02844911785034626855, 0.07593912424846657738 ) ) ;
#7187 = VECTOR ( 'NONE', #7613, 39.37007874015748143 ) ;
#7188 = CARTESIAN_POINT ( 'NONE',  ( -0.06889763779527559306, 0.009842519685039369942, -0.08267716535433072833 ) ) ;
#7189 = CARTESIAN_POINT ( 'NONE',  ( -0.09842519685039370636, 0.03149606299212598381, -0.04894237015283919856 ) ) ;
#7190 = ORIENTED_EDGE ( 'NONE', *, *, #3472, .T. ) ;
#7191 = CARTESIAN_POINT ( 'NONE',  ( -0.04875505064891248741, 0.03230785462245901879, 0.07681751542938784760 ) ) ;
#7192 = ORIENTED_EDGE ( 'NONE', *, *, #5064, .F. ) ;
#7193 = CARTESIAN_POINT ( 'NONE',  ( 0.06815208925554368247, 0.04724409448818895491, 0.04330956414419449146 ) ) ;
#7194 = B_SPLINE_CURVE_WITH_KNOTS ( 'NONE', 3,
 ( #2069, #2757, #1584, #3999 ),
 .UNSPECIFIED., .F., .F.,
 ( 4, 4 ),
 ( 0.000000000000000000, 0.1223648851151920985 ),
 .UNSPECIFIED. ) ;
#7195 = VECTOR ( 'NONE', #2910, 39.37007874015748143 ) ;
#7196 = DIRECTION ( 'NONE',  ( 0.000000000000000000, -1.000000000000000000, 0.000000000000000000 ) ) ;
#7197 = CARTESIAN_POINT ( 'NONE',  ( -0.04796165328648810400, 0.02755905511811022890, 0.07833611622161774923 ) ) ;
#7198 = ORIENTED_EDGE ( 'NONE', *, *, #5727, .F. ) ;
#7199 = DIRECTION ( 'NONE',  ( 1.000000000000000000, 2.232281561944730346E-16, 0.000000000000000000 ) ) ;
#7200 = ORIENTED_EDGE ( 'NONE', *, *, #3916, .F. ) ;
#7201 = CARTESIAN_POINT ( 'NONE',  ( 4.821444091131311524E-18, 0.3082057923128421195, 0.03937007874015747977 ) ) ;
#7202 = EDGE_CURVE ( 'NONE', #4459, #6254, #7656, .T. ) ;
#7203 = ORIENTED_EDGE ( 'NONE', *, *, #7620, .F. ) ;
#7204 = AXIS2_PLACEMENT_3D ( 'NONE', #4462, #1997, #6913 ) ;
#7205 = VERTEX_POINT ( 'NONE', #2965 ) ;
#7206 = DIRECTION ( 'NONE',  ( -1.000000000000000000, 0.000000000000000000, 0.000000000000000000 ) ) ;
#7207 = FACE_OUTER_BOUND ( 'NONE', #2907, .T. ) ;
#7208 = LINE ( 'NONE', #1773, #3304 ) ;
#7209 = CARTESIAN_POINT ( 'NONE',  ( 0.07231672433375198328, 0.04249201979835708076, -0.04402273753570120490 ) ) ;
#7210 = CARTESIAN_POINT ( 'NONE',  ( 0.07226434102495171707, 0.03432075690644036114, -0.04811742286199995056 ) ) ;
#7211 = AXIS2_PLACEMENT_3D ( 'NONE', #3685, #4980, #1826 ) ;
#7212 = EDGE_CURVE ( 'NONE', #3928, #1821, #5950, .T. ) ;
#7213 = EDGE_CURVE ( 'NONE', #7614, #169, #1862, .T. ) ;
#7214 = VERTEX_POINT ( 'NONE', #1906 ) ;
#7215 = ORIENTED_EDGE ( 'NONE', *, *, #2560, .F. ) ;
#7216 = DIRECTION ( 'NONE',  ( -0.1935096937189259292, -0.8627297996370099087, -0.4671737270599581882 ) ) ;
#7217 = AXIS2_PLACEMENT_3D ( 'NONE', #462, #351, #6573 ) ;
#7218 = CARTESIAN_POINT ( 'NONE',  ( 0.07283464566929134798, 0.005905511811023621965, 0.01870078740157480116 ) ) ;
#7219 = CARTESIAN_POINT ( 'NONE',  ( 0.000000000000000000, 0.09645669291338582196, 0.000000000000000000 ) ) ;
#7220 = LINE ( 'NONE', #4123, #5313 ) ;
#7221 = EDGE_CURVE ( 'NONE', #6200, #3394, #4347, .T. ) ;
#7222 = EDGE_CURVE ( 'NONE', #39, #4891, #2410, .T. ) ;
#7223 = EDGE_LOOP ( 'NONE', ( #3631, #2036, #7565, #942 ) ) ;
#7224 = CARTESIAN_POINT ( 'NONE',  ( 0.04341733862238582320, 0.04636065241683470090, 0.06971375145277011742 ) ) ;
#7225 = VECTOR ( 'NONE', #5592, 39.37007874015748143 ) ;
#7226 = ORIENTED_EDGE ( 'NONE', *, *, #1272, .F. ) ;
#7227 = DIRECTION ( 'NONE',  ( 1.000000000000000000, 0.000000000000000000, 0.000000000000000000 ) ) ;
#7228 =( CONVERSION_BASED_UNIT ( 'INCH', #2974 ) LENGTH_UNIT ( ) NAMED_UNIT ( #5941 ) );
#7229 = DIRECTION ( 'NONE',  ( 0.000000000000000000, 0.000000000000000000, -1.000000000000000000 ) ) ;
#7230 = AXIS2_PLACEMENT_3D ( 'NONE', #3845, #213, #5673 ) ;
#7231 = CARTESIAN_POINT ( 'NONE',  ( 0.1259842519685039353, -1.574803884209003054E-18, 0.06299212598425198151 ) ) ;
#7232 = VERTEX_POINT ( 'NONE', #5993 ) ;
#7233 = CARTESIAN_POINT ( 'NONE',  ( -0.06584623711124472367, 0.03149606299212598381, -0.09645669291338582196 ) ) ;
#7234 = EDGE_CURVE ( 'NONE', #6168, #3988, #1779, .T. ) ;
#7235 = ORIENTED_EDGE ( 'NONE', *, *, #1989, .T. ) ;
#7236 = CARTESIAN_POINT ( 'NONE',  ( 0.07130272458283092030, 0.04249201979835725423, 0.04647074948661755744 ) ) ;
#7237 = AXIS2_PLACEMENT_3D ( 'NONE', #2224, #954, #1705 ) ;
#7238 = LINE ( 'NONE', #6839, #7728 ) ;
#7239 = DIRECTION ( 'NONE',  ( 0.000000000000000000, 0.000000000000000000, -1.000000000000000000 ) ) ;
#7240 = FACE_OUTER_BOUND ( 'NONE', #2024, .T. ) ;
#7241 = VECTOR ( 'NONE', #17, 39.37007874015748143 ) ;
#7242 = ORIENTED_EDGE ( 'NONE', *, *, #192, .F. ) ;
#7243 = LINE ( 'NONE', #1808, #1864 ) ;
#7244 = ORIENTED_EDGE ( 'NONE', *, *, #2522, .T. ) ;
#7245 = CARTESIAN_POINT ( 'NONE',  ( 0.04824207672022429172, 0.03149606299212597688, -0.07844765140191473085 ) ) ;
#7246 = ORIENTED_EDGE ( 'NONE', *, *, #2845, .F. ) ;
#7247 =( CONVERSION_BASED_UNIT ( 'INCH', #6219 ) LENGTH_UNIT ( ) NAMED_UNIT ( #7704 ) );
#7248 = ORIENTED_EDGE ( 'NONE', *, *, #5244, .T. ) ;
#7249 = AXIS2_PLACEMENT_3D ( 'NONE', #4437, #1303, #1421 ) ;
#7250 = DIRECTION ( 'NONE',  ( 0.000000000000000000, 3.614007241618364055E-16, -1.000000000000000000 ) ) ;
#7251 = AXIS2_PLACEMENT_3D ( 'NONE', #2060, #7530, #2171 ) ;
#7252 = DIRECTION ( 'NONE',  ( 0.000000000000000000, 0.000000000000000000, -1.000000000000000000 ) ) ;
#7253 = DIRECTION ( 'NONE',  ( -1.000000000000000000, -0.000000000000000000, -0.000000000000000000 ) ) ;
#7254 = CARTESIAN_POINT ( 'NONE',  ( -0.05511811023622047168, 0.02755905511811023584, 0.09645669291338584972 ) ) ;
#7255 = CARTESIAN_POINT ( 'NONE',  ( -0.05118110236220472370, 0.01574803149606299191, 0.09842519685039370636 ) ) ;
#7256 = VERTEX_POINT ( 'NONE', #4204 ) ;
#7257 = ORIENTED_EDGE ( 'NONE', *, *, #7324, .F. ) ;
#7258 = DIRECTION ( 'NONE',  ( -0.7071067811865472397, 0.000000000000000000, -0.7071067811865476838 ) ) ;
#7259 = MECHANICAL_DESIGN_GEOMETRIC_PRESENTATION_REPRESENTATION (  '', ( #3960 ), #3449 ) ;
#7260 = CARTESIAN_POINT ( 'NONE',  ( -0.08659019213609440990, 0.03149606299212598381, -0.05880887093013063144 ) ) ;
#7261 = CARTESIAN_POINT ( 'NONE',  ( 0.05118110236220472370, 0.01574803149606299191, 0.09842519685039370636 ) ) ;
#7262 = DIRECTION ( 'NONE',  ( 0.000000000000000000, 0.000000000000000000, 1.000000000000000000 ) ) ;
#7263 = CIRCLE ( 'NONE', #2312, 0.0005615202578557803789 ) ;
#7264 = ORIENTED_EDGE ( 'NONE', *, *, #5681, .T. ) ;
#7265 = CARTESIAN_POINT ( 'NONE',  ( -0.1023622047244094613, 0.02755905511811023584, 0.04894237015283921244 ) ) ;
#7266 = EDGE_LOOP ( 'NONE', ( #1399, #776, #4124, #3764 ) ) ;
#7267 = DIRECTION ( 'NONE',  ( -0.000000000000000000, -1.000000000000000000, -0.000000000000000000 ) ) ;
#7268 =( BOUNDED_SURFACE ( )  B_SPLINE_SURFACE ( 3, 2, ( 
 ( #180, #3246, #3847 ),
 ( #4575, #4454, #2862 ),
 ( #6399, #7504, #5127 ),
 ( #2610, #7121, #7710 ),
 ( #1691, #1553, #6279 ),
 ( #6358, #7540, #329 ),
 ( #2109, #6941, #913 ),
 ( #6979, #6866, #5303 ),
 ( #950, #2073, #4532 ),
 ( #5052, #4105, #2275 ),
 ( #804, #3965, #840 ),
 ( #4715, #3361, #215 ),
 ( #1512, #3324, #3925 ),
 ( #5757, #5794, #3210 ),
 ( #5634, #5719, #7462 ),
 ( #2723, #2033, #5675 ),
 ( #468, #1437, #5160 ),
 ( #4496, #7575, #2146 ),
 ( #253, #2651, #6907 ),
 ( #5092, #1474, #3886 ),
 ( #6319, #874, #3282 ),
 ( #292, #2689, #1893 ),
 ( #6022, #3667, #1176 ),
 ( #1766, #3596, #1810 ),
 ( #666, #3629, #1296 ),
 ( #587, #1933, #6059 ),
 ( #7323, #3105, #3028 ),
 ( #4962, #2989, #37 ) ),
 .UNSPECIFIED., .F., .F., .F. ) 
 B_SPLINE_SURFACE_WITH_KNOTS ( ( 4, 2, 2, 2, 2, 2, 2, 2, 2, 2, 2, 2, 2, 4 ),
 ( 3, 3 ),
 ( -1.063933455263233287E-06, 1.565402539758775963E-05, 1.983351511080050871E-05, 2.192325996740688155E-05, 2.401300482401325440E-05, 3.237198425043875255E-05, 6.580790195614073161E-05, 0.0001326797373675447033, 0.0002664234081903526195, 0.0003332952436017565506, 0.0003667311613074585161, 0.0003834491201603095530, 0.0004001670790131605358, 0.0005339107498359684520 ),
 ( 0.000000000000000000, 1.000000000000000000 ),
 .UNSPECIFIED. ) 
 GEOMETRIC_REPRESENTATION_ITEM ( )  RATIONAL_B_SPLINE_SURFACE ( (
 ( 1.000000000000000000, 1.000000000000000000, 1.000000000000000000),
 ( 1.000000000000000000, 1.000778839725174674, 1.000000000000000000),
 ( 1.000000000000000000, 0.9831714200816265015, 1.000000000000000000),
 ( 1.000000000000000000, 0.9575031771746077558, 1.000000000000000000),
 ( 1.000000000000000000, 0.9523297387301180583, 1.000000000000000000),
 ( 1.000000000000000000, 0.9451074485486233856, 1.000000000000000000),
 ( 1.000000000000000000, 0.9424202236307452907, 1.000000000000000000),
 ( 1.000000000000000000, 0.9409373826777045480, 1.000000000000000000),
 ( 1.000000000000000000, 0.9416788031542241422, 1.000000000000000000),
 ( 1.000000000000000000, 0.9416788031542241422, 1.000000000000000000),
 ( 1.000000000000000000, 0.9416788031542250303, 1.000000000000000000),
 ( 1.000000000000000000, 0.9416788031542250303, 1.000000000000000000),
 ( 1.000000000000000000, 0.9416788031542243642, 1.000000000000000000),
 ( 1.000000000000000000, 0.9416788031542243642, 1.000000000000000000),
 ( 1.000000000000000000, 0.9416788031542251414, 1.000000000000000000),
 ( 1.000000000000000000, 0.9416788031542251414, 1.000000000000000000),
 ( 1.000000000000000000, 0.9416788031542246973, 1.000000000000000000),
 ( 1.000000000000000000, 0.9416788031542246973, 1.000000000000000000),
 ( 1.000000000000000000, 0.9416788031542250303, 1.000000000000000000),
 ( 1.000000000000000000, 0.9416788031542250303, 1.000000000000000000),
 ( 1.000000000000000000, 0.9416788031542248083, 1.000000000000000000),
 ( 1.000000000000000000, 0.9416788031542248083, 1.000000000000000000),
 ( 1.000000000000000000, 0.9416788031542252524, 1.000000000000000000),
 ( 1.000000000000000000, 0.9416788031542252524, 1.000000000000000000),
 ( 1.000000000000000000, 0.9401967835573247223, 1.000000000000000000),
 ( 1.000000000000000000, 0.9678184218304657360, 1.000000000000000000),
 ( 1.000000000000000000, 1.002301645695566457, 1.000000000000000000),
 ( 1.000000000000000000, 1.000000000000000000, 1.000000000000000000) ) ) 
 REPRESENTATION_ITEM ( '' )  SURFACE ( )  );
#7269 = CARTESIAN_POINT ( 'NONE',  ( 0.07874015748031491790, 0.02755905511811022543, -0.04811742286199997137 ) ) ;
#7270 = EDGE_CURVE ( 'NONE', #1134, #6661, #6633, .T. ) ;
#7271 = ADVANCED_FACE ( 'NONE', ( #6116 ), #4931, .F. ) ;
#7272 = CARTESIAN_POINT ( 'NONE',  ( -0.09645669291338584972, 0.000000000000000000, -0.02657480314960630058 ) ) ;
#7273 = CARTESIAN_POINT ( 'NONE',  ( 0.04811742286199990892, 0.04476932692331947461, 0.07108354790047266558 ) ) ;
#7274 = ORIENTED_EDGE ( 'NONE', *, *, #6014, .T. ) ;
#7275 = ORIENTED_EDGE ( 'NONE', *, *, #74, .F. ) ;
#7276 = CARTESIAN_POINT ( 'NONE',  ( 0.07123201438070793368, 0.04449515384951297642, 0.04357343596190933754 ) ) ;
#7277 = CARTESIAN_POINT ( 'NONE',  ( -0.09842519685039370636, 0.01181102362204724567, -0.01870078740157483238 ) ) ;
#7278 = CARTESIAN_POINT ( 'NONE',  ( 0.04620505946554764182, 0.03276251154988516628, -0.07758531553425178362 ) ) ;
#7279 = CARTESIAN_POINT ( 'NONE',  ( -0.1164233781010027835, 0.005905511811023620231, 0.06299212598425198151 ) ) ;
#7280 = EDGE_CURVE ( 'NONE', #3755, #1336, #4324, .T. ) ;
#7281 = CARTESIAN_POINT ( 'NONE',  ( -0.05118110236220469594, 0.01181102362204724567, -0.1023622047244094613 ) ) ;
#7282 = ORIENTED_EDGE ( 'NONE', *, *, #585, .T. ) ;
#7283 = FACE_OUTER_BOUND ( 'NONE', #2992, .T. ) ;
#7284 = ORIENTED_EDGE ( 'NONE', *, *, #4482, .T. ) ;
#7285 = DIRECTION ( 'NONE',  ( 0.000000000000000000, 0.000000000000000000, 1.000000000000000000 ) ) ;
#7286 =( BOUNDED_SURFACE ( )  B_SPLINE_SURFACE ( 3, 1, ( 
 ( #4867, #1200 ),
 ( #691, #6649 ),
 ( #4296, #6722 ),
 ( #7273, #3129 ),
 ( #5485, #6685 ),
 ( #3616, #1239 ),
 ( #6762, #6090 ),
 ( #7308, #1878 ),
 ( #100, #2494 ),
 ( #6469, #5157 ) ),
 .UNSPECIFIED., .F., .F., .T. ) 
 B_SPLINE_SURFACE_WITH_KNOTS ( ( 4, 3, 3, 4 ),
 ( 2, 2 ),
 ( 0.000000000000000000, 0.2470520139942820048, 0.9588246643342857034, 1.000000000000000000 ),
 ( 0.000000000000000000, 1.000000000000000000 ),
 .UNSPECIFIED. ) 
 GEOMETRIC_REPRESENTATION_ITEM ( )  RATIONAL_B_SPLINE_SURFACE ( (
 ( 1.000000000000000000, 1.000000000000000000),
 ( 0.9060799708944983211, 0.9060799708944983211),
 ( 0.9060799708944983211, 0.9060799708944983211),
 ( 1.000000000000000000, 1.000000000000000000),
 ( 1.000000000000000000, 1.000000000000000000),
 ( 1.000000000000000000, 1.000000000000000000),
 ( 1.000000000000000000, 1.000000000000000000),
 ( 0.9060799708944987652, 0.9060799708944987652),
 ( 0.9060799708944987652, 0.9060799708944987652),
 ( 1.000000000000000000, 1.000000000000000000) ) ) 
 REPRESENTATION_ITEM ( '' )  SURFACE ( )  );
#7287 = ORIENTED_EDGE ( 'NONE', *, *, #2985, .F. ) ;
#7288 =( NAMED_UNIT ( * ) SI_UNIT ( $, .STERADIAN. ) SOLID_ANGLE_UNIT ( ) );
#7289 = ORIENTED_EDGE ( 'NONE', *, *, #6043, .F. ) ;
#7290 = CARTESIAN_POINT ( 'NONE',  ( 0.04270338230719548933, 0.04476932692331947461, -0.07332611692551065097 ) ) ;
#7291 = DIRECTION ( 'NONE',  ( -1.000000000000000000, 0.000000000000000000, 0.000000000000000000 ) ) ;
#7292 = DIRECTION ( 'NONE',  ( -2.707733616970879528E-18, -1.000000000000000000, 0.000000000000000000 ) ) ;
#7293 = CARTESIAN_POINT ( 'NONE',  ( 0.07099927356351894148, 0.04493333741124211356, -0.04491104375890722644 ) ) ;
#7294 = CARTESIAN_POINT ( 'NONE',  ( 0.06759734944928431910, 0.04289462535336164423, 0.04350603470620604402 ) ) ;
#7295 = ORIENTED_EDGE ( 'NONE', *, *, #5580, .F. ) ;
#7296 = ORIENTED_EDGE ( 'NONE', *, *, #4894, .F. ) ;
#7297 = DIRECTION ( 'NONE',  ( 0.5370986485132712707, 0.8435194376925865267, 0.000000000000000000 ) ) ;
#7298 = CARTESIAN_POINT ( 'NONE',  ( -0.1259842519685039353, 0.005905511811023618496, -0.06299212598425198151 ) ) ;
#7299 = DIRECTION ( 'NONE',  ( 0.000000000000000000, 0.000000000000000000, -1.000000000000000000 ) ) ;
#7300 = PLANE ( 'NONE',  #4191 ) ;
#7301 = DIRECTION ( 'NONE',  ( -0.000000000000000000, -1.000000000000000000, -0.000000000000000000 ) ) ;
#7302 = ORIENTED_EDGE ( 'NONE', *, *, #1259, .F. ) ;
#7303 = DIRECTION ( 'NONE',  ( -0.000000000000000000, -1.000000000000000000, -0.000000000000000000 ) ) ;
#7304 = EDGE_CURVE ( 'NONE', #6550, #1811, #1053, .T. ) ;
#7305 = VERTEX_POINT ( 'NONE', #1108 ) ;
#7306 = SURFACE_SIDE_STYLE ('',( #4901 ) ) ;
#7307 = CARTESIAN_POINT ( 'NONE',  ( 0.04102368844462331299, 0.04724409448818897572, 0.07164642306293836360 ) ) ;
#7308 = CARTESIAN_POINT ( 'NONE',  ( 0.04811742286199991586, 0.03164780135005641065, 0.07818893826624825905 ) ) ;
#7309 = ORIENTED_EDGE ( 'NONE', *, *, #4374, .T. ) ;
#7310 = VECTOR ( 'NONE', #6620, 39.37007874015748143 ) ;
#7311 = EDGE_LOOP ( 'NONE', ( #6796, #1056, #360, #2941 ) ) ;
#7312 = CARTESIAN_POINT ( 'NONE',  ( 0.06798915995706447668, 0.04724456730649483766, 0.04366421387883134136 ) ) ;
#7313 = EDGE_CURVE ( 'NONE', #61, #4091, #3522, .T. ) ;
#7314 = EDGE_CURVE ( 'NONE', #7534, #6562, #5429, .T. ) ;
#7315 =( NAMED_UNIT ( * ) SI_UNIT ( $, .STERADIAN. ) SOLID_ANGLE_UNIT ( ) );
#7316 = DIRECTION ( 'NONE',  ( -0.000000000000000000, -1.000000000000000000, -0.000000000000000000 ) ) ;
#7317 = AXIS2_PLACEMENT_3D ( 'NONE', #5815, #387, #4553 ) ;
#7318 = CARTESIAN_POINT ( 'NONE',  ( 0.1164233781010027835, 0.005905511811023620231, 0.06299212598425198151 ) ) ;
#7319 = PLANE ( 'NONE',  #7749 ) ;
#7320 = VERTEX_POINT ( 'NONE', #5392 ) ;
#7321 = FACE_OUTER_BOUND ( 'NONE', #7000, .T. ) ;
#7322 = ORIENTED_EDGE ( 'NONE', *, *, #3870, .T. ) ;
#7323 = CARTESIAN_POINT ( 'NONE',  ( -0.04840025162037921852, 0.03149606299212596300, 0.07807648606074331366 ) ) ;
#7324 = EDGE_CURVE ( 'NONE', #5723, #5178, #14, .T. ) ;
#7325 = ORIENTED_EDGE ( 'NONE', *, *, #6774, .T. ) ;
#7326 = ORIENTED_EDGE ( 'NONE', *, *, #4079, .F. ) ;
#7327 = CARTESIAN_POINT ( 'NONE',  ( -0.09838720075975032620, 0.007430581414158028523, -0.01476353416528170329 ) ) ;
#7328 = LINE ( 'NONE', #2635, #419 ) ;
#7329 = CARTESIAN_POINT ( 'NONE',  ( 0.04577879779687847595, 0.02846948526569289747, 0.07640153241519351268 ) ) ;
#7330 = CARTESIAN_POINT ( 'NONE',  ( -0.07129419361062286353, 0.03611232829824826546, -0.04503320364223342698 ) ) ;
#7331 = CARTESIAN_POINT ( 'NONE',  ( 0.07029176698497072162, 0.04586810874880790923, -0.04461798493860426318 ) ) ;
#7332 = LINE ( 'NONE', #3154, #5802 ) ;
#7333 = EDGE_CURVE ( 'NONE', #5938, #6953, #7806, .T. ) ;
#7334 = VERTEX_POINT ( 'NONE', #7770 ) ;
#7335 = ORIENTED_EDGE ( 'NONE', *, *, #1072, .T. ) ;
#7336 = CARTESIAN_POINT ( 'NONE',  ( 0.09100150360959005646, 0.005905511811023621965, -0.02001312335958005048 ) ) ;
#7337 = CARTESIAN_POINT ( 'NONE',  ( 0.07023644914266809203, 0.04633366434060631062, 0.04811742286199988117 ) ) ;
#7338 = CLOSED_SHELL ( 'NONE', ( #1806, #2396, #6970, #7529, #5422, #6984, #2379, #6258, #7034, #4505, #2547, #7063, #3539, #6519, #1389, #6881, #7651, #2210 ) ) ;
#7339 = CARTESIAN_POINT ( 'NONE',  ( 0.09645669291338584972, 0.000000000000000000, 0.05511811023622045780 ) ) ;
#7340 = CARTESIAN_POINT ( 'NONE',  ( -0.1164233781010027835, 0.006467032068879333823, -0.08267716535433072833 ) ) ;
#7341 = ORIENTED_EDGE ( 'NONE', *, *, #6899, .F. ) ;
#7342 = DIRECTION ( 'NONE',  ( 0.000000000000000000, 1.000000000000000000, 0.000000000000000000 ) ) ;
#7343 = VERTEX_POINT ( 'NONE', #3566 ) ;
#7344 = PRESENTATION_STYLE_ASSIGNMENT (( #3090 ) ) ;
#7345 = AXIS2_PLACEMENT_3D ( 'NONE', #657, #3060, #1922 ) ;
#7346 = CARTESIAN_POINT ( 'NONE',  ( -0.04677617801571154477, 0.03164152125807664917, -0.07820048377683236351 ) ) ;
#7347 = CARTESIAN_POINT ( 'NONE',  ( 0.04210439303121724791, 0.04633366434060631062, 0.07272712764953227771 ) ) ;
#7348 = CARTESIAN_POINT ( 'NONE',  ( -0.07804775513994746672, 0.03190852425293755346, 0.04639660822200543377 ) ) ;
#7349 = VECTOR ( 'NONE', #3527, 39.37007874015748143 ) ;
#7350 = CARTESIAN_POINT ( 'NONE',  ( 0.04635164495030924536, 0.03210898529255891420, 0.07793920419961009038 ) ) ;
#7351 = ORIENTED_EDGE ( 'NONE', *, *, #4060, .F. ) ;
#7352 = CARTESIAN_POINT ( 'NONE',  ( 0.1062992125984252023, 0.009842519685039368207, 0.06299212598425198151 ) ) ;
#7353 = DIRECTION ( 'NONE',  ( 0.000000000000000000, 0.000000000000000000, -1.000000000000000000 ) ) ;
#7354 = CARTESIAN_POINT ( 'NONE',  ( 0.06808676038990021939, 0.04724409448818896184, 0.04330505414984357065 ) ) ;
#7355 = AXIS2_PLACEMENT_3D ( 'NONE', #3407, #449, #2226 ) ;
#7356 = CARTESIAN_POINT ( 'NONE',  ( -0.09645669291338584972, 0.000000000000000000, 0.02657480314960630058 ) ) ;
#7357 = EDGE_CURVE ( 'NONE', #3067, #6048, #2365, .T. ) ;
#7358 = CARTESIAN_POINT ( 'NONE',  ( 0.04811742286199983953, 0.03164780135005641065, -0.07818893826624825905 ) ) ;
#7359 = ORIENTED_EDGE ( 'NONE', *, *, #5024, .T. ) ;
#7360 = CARTESIAN_POINT ( 'NONE',  ( -0.07874015748031494566, 0.03149606299212598381, 0.04811742286199992280 ) ) ;
#7361 = VECTOR ( 'NONE', #7316, 39.37007874015748143 ) ;
#7362 = ORIENTED_EDGE ( 'NONE', *, *, #5185, .T. ) ;
#7363 = FACE_OUTER_BOUND ( 'NONE', #2909, .T. ) ;
#7364 = ORIENTED_EDGE ( 'NONE', *, *, #2262, .F. ) ;
#7365 = CARTESIAN_POINT ( 'NONE',  ( -0.07853050406722711374, 0.03149606299212599075, -0.04790776944891192435 ) ) ;
#7366 = DIRECTION ( 'NONE',  ( 0.000000000000000000, 0.000000000000000000, 1.000000000000000000 ) ) ;
#7367 = CIRCLE ( 'NONE', #1033, 0.03740157480314960925 ) ;
#7368 = EDGE_CURVE ( 'NONE', #1777, #4282, #3640, .T. ) ;
#7369 = DIRECTION ( 'NONE',  ( 0.000000000000000000, 1.000000000000000000, 0.000000000000000000 ) ) ;
#7370 = ADVANCED_FACE ( 'NONE', ( #638 ), #3043, .T. ) ;
#7371 = LINE ( 'NONE', #163, #3800 ) ;
#7372 = CARTESIAN_POINT ( 'NONE',  ( 0.06692913385826772255, 0.04330708661417322081, -0.04322513669223895100 ) ) ;
#7373 = CARTESIAN_POINT ( 'NONE',  ( 0.07149027865524229530, 0.04401821717066626422, -0.04368041252709796429 ) ) ;
#7374 = DIRECTION ( 'NONE',  ( 0.000000000000000000, -1.000000000000000000, 0.000000000000000000 ) ) ;
#7375 = ORIENTED_EDGE ( 'NONE', *, *, #5616, .F. ) ;
#7376 = AXIS2_PLACEMENT_3D ( 'NONE', #514, #1138, #3559 ) ;
#7377 = ORIENTED_EDGE ( 'NONE', *, *, #3579, .T. ) ;
#7378 = PLANE ( 'NONE',  #4876 ) ;
#7379 = DIRECTION ( 'NONE',  ( 0.000000000000000000, 0.000000000000000000, 1.000000000000000000 ) ) ;
#7380 = CARTESIAN_POINT ( 'NONE',  ( 0.07844366278012820937, 0.03149606299212599075, 0.04811742286199988117 ) ) ;
#7381 = EDGE_CURVE ( 'NONE', #5611, #2453, #3205, .T. ) ;
#7382 = CIRCLE ( 'NONE', #2070, 0.003937007874015743640 ) ;
#7383 = DIRECTION ( 'NONE',  ( 0.000000000000000000, 0.000000000000000000, -1.000000000000000000 ) ) ;
#7384 = CARTESIAN_POINT ( 'NONE',  ( -0.04850398682399758438, 0.03342717965053781243, 0.07621139373825702723 ) ) ;
#7385 = CARTESIAN_POINT ( 'NONE',  ( 0.1259842519685039353, 0.005905511811023618496, -0.06299212598425198151 ) ) ;
#7386 = ORIENTED_EDGE ( 'NONE', *, *, #5183, .T. ) ;
#7387 = DIRECTION ( 'NONE',  ( 0.000000000000000000, 0.000000000000000000, -1.000000000000000000 ) ) ;
#7388 = ORIENTED_EDGE ( 'NONE', *, *, #1373, .F. ) ;
#7389 = AXIS2_PLACEMENT_3D ( 'NONE', #6720, #3577, #1790 ) ;
#7390 =( NAMED_UNIT ( * ) PLANE_ANGLE_UNIT ( ) SI_UNIT ( $, .RADIAN. ) );
#7391 = CARTESIAN_POINT ( 'NONE',  ( -0.04868421925267983619, 0.03164152125807653815, -0.07741014721891392725 ) ) ;
#7392 = DIRECTION ( 'NONE',  ( -1.000000000000000000, 0.000000000000000000, 0.000000000000000000 ) ) ;
#7393 = CARTESIAN_POINT ( 'NONE',  ( 0.09842519685039370636, 0.01181102362204724567, -0.01870078740157483238 ) ) ;
#7394 = VECTOR ( 'NONE', #6466, 39.37007874015748143 ) ;
#7395 = VERTEX_POINT ( 'NONE', #3277 ) ;
#7396 = EDGE_LOOP ( 'NONE', ( #4524, #1161, #7576, #2103, #586, #2543, #4972, #5720, #6601, #6802 ) ) ;
#7397 = CARTESIAN_POINT ( 'NONE',  ( 0.07502173013612473129, 0.03562413162296514113, 0.04801121202533303184 ) ) ;
#7398 = CARTESIAN_POINT ( 'NONE',  ( 0.08659019213609440990, 0.03149606299212598381, 0.06275750304127082624 ) ) ;
#7399 = CARTESIAN_POINT ( 'NONE',  ( 0.07049932299801398017, 0.04573217900924091139, 0.04346451389531212628 ) ) ;
#7400 = LINE ( 'NONE', #6173, #1502 ) ;
#7401 = CARTESIAN_POINT ( 'NONE',  ( -0.07804775513994732794, 0.03190852425293713018, -0.04639660822200685625 ) ) ;
#7402 = ORIENTED_EDGE ( 'NONE', *, *, #5100, .F. ) ;
#7403 = CARTESIAN_POINT ( 'NONE',  ( -0.1062992125984252023, 0.009280999427183432571, 0.06299212598425198151 ) ) ;
#7404 = VERTEX_POINT ( 'NONE', #3239 ) ;
#7405 = CARTESIAN_POINT ( 'NONE',  ( -0.04811742286199988811, 0.03149606299212598381, 0.07874015748031495954 ) ) ;
#7406 = ORIENTED_EDGE ( 'NONE', *, *, #2466, .F. ) ;
#7407 = CARTESIAN_POINT ( 'NONE',  ( -0.07496759631371767429, 0.04048239269985884348, -0.04434486169540249184 ) ) ;
#7408 = DIRECTION ( 'NONE',  ( 1.000000000000000000, 0.000000000000000000, 0.000000000000000000 ) ) ;
#7409 = CARTESIAN_POINT ( 'NONE',  ( 0.1023622047244094613, 0.01181102362204724567, -0.04500536227882345752 ) ) ;
#7410 = FACE_OUTER_BOUND ( 'NONE', #3041, .T. ) ;
#7411 = CARTESIAN_POINT ( 'NONE',  ( 0.06889763779527559306, 0.009842519685039369942, 0.06299212598425198151 ) ) ;
#7412 = FACE_OUTER_BOUND ( 'NONE', #5991, .T. ) ;
#7413 = CARTESIAN_POINT ( 'NONE',  ( 0.07677165354330711677, 0.005905511811023621965, 0.01870078740157480116 ) ) ;
#7414 = VERTEX_POINT ( 'NONE', #4364 ) ;
#7415 = ADVANCED_FACE ( 'NONE', ( #5539 ), #7378, .T. ) ;
#7416 = VERTEX_POINT ( 'NONE', #208 ) ;
#7417 = ADVANCED_FACE ( 'NONE', ( #2567 ), #7535, .T. ) ;
#7418 = CARTESIAN_POINT ( 'NONE',  ( 0.04811742286199990892, 0.03432075690644036114, 0.07226434102495174483 ) ) ;
#7419 = DIRECTION ( 'NONE',  ( -1.000000000000000000, 0.000000000000000000, 0.000000000000000000 ) ) ;
#7420 = CARTESIAN_POINT ( 'NONE',  ( 0.04811742286199990892, 0.04330708661417322081, 0.06692913385826773642 ) ) ;
#7421 = DIRECTION ( 'NONE',  ( -1.000000000000000000, 0.000000000000000000, -1.445602896647344044E-15 ) ) ;
#7422 = ORIENTED_EDGE ( 'NONE', *, *, #2317, .F. ) ;
#7423 = ORIENTED_EDGE ( 'NONE', *, *, #98, .T. ) ;
#7424 = DIRECTION ( 'NONE',  ( 0.000000000000000000, 0.000000000000000000, 1.000000000000000000 ) ) ;
#7425 = ORIENTED_EDGE ( 'NONE', *, *, #1573, .T. ) ;
#7426 = EDGE_CURVE ( 'NONE', #6249, #3899, #2104, .T. ) ;
#7427 = DIRECTION ( 'NONE',  ( 0.000000000000000000, 1.000000000000000000, 0.000000000000000000 ) ) ;
#7428 = CARTESIAN_POINT ( 'NONE',  ( -0.07129419354419581911, 0.03611232842091902095, 0.04503320361471848526 ) ) ;
#7429 = CARTESIAN_POINT ( 'NONE',  ( 0.1067728658505845696, 0.009582591198791106518, 0.08267716535433072833 ) ) ;
#7430 = VERTEX_POINT ( 'NONE', #5628 ) ;
#7431 = ORIENTED_EDGE ( 'NONE', *, *, #7650, .T. ) ;
#7432 = LINE ( 'NONE', #2004, #1270 ) ;
#7433 = ADVANCED_FACE ( 'NONE', ( #712 ), #7786, .F. ) ;
#7434 = DIRECTION ( 'NONE',  ( -0.000000000000000000, -1.000000000000000000, -0.000000000000000000 ) ) ;
#7435 = FACE_OUTER_BOUND ( 'NONE', #6983, .T. ) ;
#7436 = CARTESIAN_POINT ( 'NONE',  ( -0.07069972069918704916, 0.04538425365438056303, 0.04348544396992818500 ) ) ;
#7437 = ORIENTED_EDGE ( 'NONE', *, *, #359, .T. ) ;
#7438 = LINE ( 'NONE', #5741, #475 ) ;
#7439 = EDGE_LOOP ( 'NONE', ( #3380, #2299, #1468, #6040, #5774, #647, #5055 ) ) ;
#7440 = CARTESIAN_POINT ( 'NONE',  ( -0.1259842519685039353, 0.005905511811023618496, -0.06299212598425198151 ) ) ;
#7441 = AXIS2_PLACEMENT_3D ( 'NONE', #3498, #2742, #934 ) ;
#7442 = CARTESIAN_POINT ( 'NONE',  ( -0.09813175314864597265, 0.006816840863796388809, -0.01476804592623763047 ) ) ;
#7443 = CARTESIAN_POINT ( 'NONE',  ( -0.09842519685039370636, 0.01181102362204724567, 0.04500536227882344364 ) ) ;
#7444 = DIRECTION ( 'NONE',  ( 1.000000000000000000, 0.000000000000000000, 0.000000000000000000 ) ) ;
#7445 = CIRCLE ( 'NONE', #4024, 0.001968503937007874856 ) ;
#7446 = CARTESIAN_POINT ( 'NONE',  ( -0.06810609799607192372, 0.04199978500123717484, -0.04371265120054423220 ) ) ;
#7447 = EDGE_CURVE ( 'NONE', #6716, #4792, #6233, .T. ) ;
#7448 = CARTESIAN_POINT ( 'NONE',  ( 0.07590609139143462969, 0.03586353505442708284, -0.04694351425132405747 ) ) ;
#7449 = CARTESIAN_POINT ( 'NONE',  ( 0.04811742286199990892, 0.03149606299212598381, -0.07874015748031495954 ) ) ;
#7450 = ORIENTED_EDGE ( 'NONE', *, *, #6739, .T. ) ;
#7451 = ORIENTED_EDGE ( 'NONE', *, *, #2509, .F. ) ;
#7452 = DIRECTION ( 'NONE',  ( 1.000000000000000000, 0.000000000000000000, 0.000000000000000000 ) ) ;
#7453 = CARTESIAN_POINT ( 'NONE',  ( -0.04811742286199986035, 0.04289462535336164423, 0.06762153619863522924 ) ) ;
#7454 = AXIS2_PLACEMENT_3D ( 'NONE', #4443, #3876, #2714 ) ;
#7455 = CARTESIAN_POINT ( 'NONE',  ( 0.1164233781010027835, 0.006467032068879333823, -0.06299212598425198151 ) ) ;
#7456 = FACE_OUTER_BOUND ( 'NONE', #7090, .T. ) ;
#7457 = AXIS2_PLACEMENT_3D ( 'NONE', #5772, #5647, #6919 ) ;
#7458 = EDGE_CURVE ( 'NONE', #451, #6953, #1431, .T. ) ;
#7459 =( NAMED_UNIT ( * ) SI_UNIT ( $, .STERADIAN. ) SOLID_ANGLE_UNIT ( ) );
#7460 = ADVANCED_FACE ( 'NONE', ( #3798 ), #3841, .F. ) ;
#7461 = DIRECTION ( 'NONE',  ( 0.000000000000000000, 0.000000000000000000, -1.000000000000000000 ) ) ;
#7462 = CARTESIAN_POINT ( 'NONE',  ( -0.04419390004000262745, 0.04172892111220227740, 0.07272994717300695910 ) ) ;
#7463 = ORIENTED_EDGE ( 'NONE', *, *, #108, .F. ) ;
#7464 = CARTESIAN_POINT ( 'NONE',  ( 4.821444091131311524E-18, 0.09645669291338582196, 0.03937007874015747977 ) ) ;
#7465 = ORIENTED_EDGE ( 'NONE', *, *, #3208, .T. ) ;
#7466 = VECTOR ( 'NONE', #1793, 39.37007874015748143 ) ;
#7467 = LINE ( 'NONE', #2038, #5462 ) ;
#7468 = DIRECTION ( 'NONE',  ( 0.000000000000000000, 0.000000000000000000, -1.000000000000000000 ) ) ;
#7469 = ADVANCED_FACE ( 'NONE', ( #6902 ), #5086, .F. ) ;
#7470 = ADVANCED_FACE ( 'NONE', ( #3116 ), #4035, .F. ) ;
#7471 = PRESENTATION_LAYER_ASSIGNMENT (  '', '', ( #1522 ) ) ;
#7472 = CARTESIAN_POINT ( 'NONE',  ( 0.04868421925267936434, 0.03164152125807674631, 0.07741014721891421868 ) ) ;
#7473 = EDGE_LOOP ( 'NONE', ( #3107, #5813, #1252, #2189, #6038, #6579, #1475, #6290 ) ) ;
#7474 = CARTESIAN_POINT ( 'NONE',  ( 0.09645669291338584972, 0.03149606299212598381, 0.05880887093013065225 ) ) ;
#7475 = CLOSED_SHELL ( 'NONE', ( #6314, #2606, #3759, #7598, #6056, #2153, #3491, #5879, #6994, #2498, #4071, #1891, #3386, #5274 ) ) ;
#7476 = EDGE_LOOP ( 'NONE', ( #5740, #2740 ) ) ;
#7477 = CARTESIAN_POINT ( 'NONE',  ( 0.07874015748031494566, 0.03149606299212598381, 0.04811742286199992280 ) ) ;
#7478 = CARTESIAN_POINT ( 'NONE',  ( 0.07772382616100774466, 0.03250672395235897766, -0.04626243244568285784 ) ) ;
#7479 = AXIS2_PLACEMENT_3D ( 'NONE', #814, #3219, #2622 ) ;
#7480 = CARTESIAN_POINT ( 'NONE',  ( -0.07004822375984247340, 0.04481996858434147968, 0.04594249379886583551 ) ) ;
#7481 = EDGE_CURVE ( 'NONE', #1087, #3394, #7567, .T. ) ;
#7482 = ORIENTED_EDGE ( 'NONE', *, *, #5822, .T. ) ;
#7483 = FACE_OUTER_BOUND ( 'NONE', #88, .T. ) ;
#7484 = VERTEX_POINT ( 'NONE', #5830 ) ;
#7485 = LINE ( 'NONE', #7405, #1401 ) ;
#7486 = VECTOR ( 'NONE', #6895, 39.37007874015748143 ) ;
#7487 = CARTESIAN_POINT ( 'NONE',  ( 0.1023622047244094613, 0.01181102362204724567, 0.04500536227882344364 ) ) ;
#7488 = PLANE ( 'NONE',  #3328 ) ;
#7489 = CARTESIAN_POINT ( 'NONE',  ( -0.05511811023622047168, 0.000000000000000000, -0.09645669291338584972 ) ) ;
#7490 = DIRECTION ( 'NONE',  ( 0.000000000000000000, 0.000000000000000000, 1.000000000000000000 ) ) ;
#7491 = LINE ( 'NONE', #1464, #413 ) ;
#7492 = CARTESIAN_POINT ( 'NONE',  ( -0.09842519685039370636, 0.001968503937007873555, -0.01476377952755905665 ) ) ;
#7493 = CYLINDRICAL_SURFACE ( 'NONE', #7577, 0.0005615202578557803789 ) ;
#7494 = ORIENTED_EDGE ( 'NONE', *, *, #2995, .F. ) ;
#7495 = ORIENTED_EDGE ( 'NONE', *, *, #1823, .T. ) ;
#7496 = AXIS2_PLACEMENT_3D ( 'NONE', #6272, #7250, #1061 ) ;
#7497 = DIRECTION ( 'NONE',  ( 0.000000000000000000, 0.000000000000000000, -1.000000000000000000 ) ) ;
#7498 = EDGE_CURVE ( 'NONE', #2093, #3344, #2138, .T. ) ;
#7499 = DIRECTION ( 'NONE',  ( 0.000000000000000000, -1.000000000000000000, 0.000000000000000000 ) ) ;
#7500 = DIRECTION ( 'NONE',  ( 0.5370986485132710486, -0.8435194376925865267, 0.000000000000000000 ) ) ;
#7501 = PLANE ( 'NONE',  #5456 ) ;
#7502 = VECTOR ( 'NONE', #4404, 39.37007874015748854 ) ;
#7503 = FACE_OUTER_BOUND ( 'NONE', #704, .T. ) ;
#7504 = CARTESIAN_POINT ( 'NONE',  ( -0.04413263741782109256, 0.04689584721416591162, 0.06912003441783218238 ) ) ;
#7505 = ORIENTED_EDGE ( 'NONE', *, *, #7165, .T. ) ;
#7506 = CARTESIAN_POINT ( 'NONE',  ( -0.07103384050197521227, 0.04486112158441310505, 0.04350125107913369038 ) ) ;
#7507 = ORIENTED_EDGE ( 'NONE', *, *, #531, .F. ) ;
#7508 = CARTESIAN_POINT ( 'NONE',  ( 0.000000000000000000, 0.02755905511811023584, 0.000000000000000000 ) ) ;
#7509 = EDGE_CURVE ( 'NONE', #3017, #5383, #3822, .T. ) ;
#7510 = DIRECTION ( 'NONE',  ( 0.000000000000000000, -1.000000000000000000, 0.000000000000000000 ) ) ;
#7511 = AXIS2_PLACEMENT_3D ( 'NONE', #5746, #318, #7444 ) ;
#7512 = PLANE ( 'NONE',  #5820 ) ;
#7513 = CARTESIAN_POINT ( 'NONE',  ( 0.04643002673841877675, 0.03815283111289089618, 0.07466642287367025732 ) ) ;
#7514 = AXIS2_PLACEMENT_3D ( 'NONE', #4420, #6976, #3437 ) ;
#7515 = ORIENTED_EDGE ( 'NONE', *, *, #2845, .T. ) ;
#7516 = CARTESIAN_POINT ( 'NONE',  ( -0.06889763779527559306, 0.01574803149606299191, -0.08267716535433072833 ) ) ;
#7517 = ORIENTED_EDGE ( 'NONE', *, *, #7707, .F. ) ;
#7518 = ADVANCED_FACE ( 'NONE', ( #2867 ), #7605, .F. ) ;
#7519 = CARTESIAN_POINT ( 'NONE',  ( -0.04461798493860436726, 0.04586810874880782596, -0.07029176698497070774 ) ) ;
#7520 = EDGE_CURVE ( 'NONE', #4282, #5315, #6336, .T. ) ;
#7521 = CARTESIAN_POINT ( 'NONE',  ( 0.04639660822200537132, 0.03190852425293755346, 0.07804775513994748060 ) ) ;
#7522 = VECTOR ( 'NONE', #561, 39.37007874015748143 ) ;
#7523 = CARTESIAN_POINT ( 'NONE',  ( -0.07105612511580304547, 0.04481996858434143111, 0.04350920467577164275 ) ) ;
#7524 = ORIENTED_EDGE ( 'NONE', *, *, #7573, .F. ) ;
#7525 = CARTESIAN_POINT ( 'NONE',  ( -0.05511811023622046474, 0.02559055118110236532, -0.09842519685039370636 ) ) ;
#7526 = ORIENTED_EDGE ( 'NONE', *, *, #1159, .T. ) ;
#7527 = CARTESIAN_POINT ( 'NONE',  ( 0.000000000000000000, 0.09645669291338582196, -0.03937007874015747977 ) ) ;
#7528 = CARTESIAN_POINT ( 'NONE',  ( -0.07804775513994746672, 0.03190852425293755346, 0.04639660822200543377 ) ) ;
#7529 = ADVANCED_FACE ( 'NONE', ( #3919 ), #5752, .F. ) ;
#7530 = DIRECTION ( 'NONE',  ( 0.7071067811865476838, 0.000000000000000000, 0.7071067811865474617 ) ) ;
#7531 = CARTESIAN_POINT ( 'NONE',  ( 0.07688123291277181026, 0.03219018753526928928, -0.04878144329469046719 ) ) ;
#7532 = DIRECTION ( 'NONE',  ( 0.000000000000000000, 0.000000000000000000, 1.000000000000000000 ) ) ;
#7533 = ORIENTED_EDGE ( 'NONE', *, *, #6500, .T. ) ;
#7534 = VERTEX_POINT ( 'NONE', #6426 ) ;
#7535 = PLANE ( 'NONE',  #1950 ) ;
#7536 = CARTESIAN_POINT ( 'NONE',  ( 0.1062992125984252023, 0.009280999427183432571, -0.06299212598425198151 ) ) ;
#7537 = DIRECTION ( 'NONE',  ( 0.000000000000000000, -1.000000000000000000, 0.000000000000000000 ) ) ;
#7538 = CARTESIAN_POINT ( 'NONE',  ( -0.1023622047244094613, 0.01574803149606299191, -0.04500536227882345752 ) ) ;
#7539 = LINE ( 'NONE', #2032, #4541 ) ;
#7540 = CARTESIAN_POINT ( 'NONE',  ( -0.04483461788561164674, 0.04522749973546139057, 0.07081476518369261841 ) ) ;
#7541 = ORIENTED_EDGE ( 'NONE', *, *, #245, .T. ) ;
#7542 = CARTESIAN_POINT ( 'NONE',  ( -0.07046362139421823156, 0.04565550594466597639, 0.04346926451383385098 ) ) ;
#7543 = EDGE_LOOP ( 'NONE', ( #5145, #2435, #588, #1921 ) ) ;
#7544 = CARTESIAN_POINT ( 'NONE',  ( 0.07077827342859770166, 0.04315534825624279397, -0.04015553881028276206 ) ) ;
#7545 = CARTESIAN_POINT ( 'NONE',  ( 0.04852469953823793786, 0.03333483556450130003, 0.07626139865388943673 ) ) ;
#7546 = ADVANCED_FACE ( 'NONE', ( #7645 ), #2216, .F. ) ;
#7547 = ORIENTED_EDGE ( 'NONE', *, *, #4858, .F. ) ;
#7548 = CARTESIAN_POINT ( 'NONE',  ( 0.07603572988704596081, 0.03562413162296511338, 0.04556320007441675562 ) ) ;
#7549 = ORIENTED_EDGE ( 'NONE', *, *, #1457, .T. ) ;
#7550 = CARTESIAN_POINT ( 'NONE',  ( -0.07874015748031494566, 0.02755905511811022543, 0.04811742286199993668 ) ) ;
#7551 = CARTESIAN_POINT ( 'NONE',  ( 0.09799433656553215022, 0.006644926756530214994, 0.01477557654197743375 ) ) ;
#7552 = DIRECTION ( 'NONE',  ( 0.000000000000000000, 0.000000000000000000, -1.000000000000000000 ) ) ;
#7553 = CARTESIAN_POINT ( 'NONE',  ( -0.07118036152580109466, 0.04459054118528230776, 0.04355204064887159554 ) ) ;
#7554 = VERTEX_POINT ( 'NONE', #323 ) ;
#7555 = EDGE_CURVE ( 'NONE', #6138, #234, #4033, .T. ) ;
#7556 = DIRECTION ( 'NONE',  ( 0.4671737270531459152, 0.8627297996415426162, 0.1935096937151633001 ) ) ;
#7557 = ADVANCED_FACE ( 'NONE', ( #440 ), #6392, .F. ) ;
#7558 = VERTEX_POINT ( 'NONE', #4680 ) ;
#7559 = CARTESIAN_POINT ( 'NONE',  ( -0.04322513669223895100, 0.04330708661417322081, -0.06692913385826773642 ) ) ;
#7560 = LINE ( 'NONE', #6964, #155 ) ;
#7561 = LINE ( 'NONE', #5149, #1551 ) ;
#7562 = DIRECTION ( 'NONE',  ( 0.000000000000000000, 0.000000000000000000, -1.000000000000000000 ) ) ;
#7563 = ADVANCED_FACE ( 'NONE', ( #7084 ), #4075, .T. ) ;
#7564 = CIRCLE ( 'NONE', #3503, 0.0005615202578559341188 ) ;
#7565 = ORIENTED_EDGE ( 'NONE', *, *, #2298, .F. ) ;
#7566 = ORIENTED_EDGE ( 'NONE', *, *, #5654, .T. ) ;
#7567 = LINE ( 'NONE', #3316, #7394 ) ;
#7568 = CARTESIAN_POINT ( 'NONE',  ( 0.07874015748031495954, 0.02755905511811023237, 0.04811742286199988117 ) ) ;
#7569 = VECTOR ( 'NONE', #4928, 39.37007874015748143 ) ;
#7570 = CARTESIAN_POINT ( 'NONE',  ( 0.07239135457162131082, 0.03408620096862684939, -0.04548766259238522930 ) ) ;
#7571 = CARTESIAN_POINT ( 'NONE',  ( -0.04648352342746275151, 0.02966181991513171246, -0.07478718532594162693 ) ) ;
#7572 = CARTESIAN_POINT ( 'NONE',  ( 0.06702358600411141565, 0.04330708661417322081, -0.04326426005204264680 ) ) ;
#7573 = EDGE_CURVE ( 'NONE', #1640, #3441, #7263, .T. ) ;
#7574 = CARTESIAN_POINT ( 'NONE',  ( 0.08728965698918823846, 0.005905511811023621965, 0.01870078740157480462 ) ) ;
#7575 = CARTESIAN_POINT ( 'NONE',  ( -0.04694351425132455014, 0.03586353505442695100, 0.07590609139143437989 ) ) ;
#7576 = ORIENTED_EDGE ( 'NONE', *, *, #3391, .F. ) ;
#7577 = AXIS2_PLACEMENT_3D ( 'NONE', #3312, #5749, #2134 ) ;
#7578 = VERTEX_POINT ( 'NONE', #6667 ) ;
#7579 = CARTESIAN_POINT ( 'NONE',  ( 0.07681751542938790311, 0.03230785462245892858, 0.04875505064891254986 ) ) ;
#7580 = CARTESIAN_POINT ( 'NONE',  ( -0.09645669291338584972, 0.005905511811023621965, 0.02657480314960630058 ) ) ;
#7581 = AXIS2_PLACEMENT_3D ( 'NONE', #2667, #6252, #7552 ) ;
#7582 = CARTESIAN_POINT ( 'NONE',  ( 0.04801121202533279592, 0.03562413162296523828, 0.07502173013612491170 ) ) ;
#7583 = ORIENTED_EDGE ( 'NONE', *, *, #74, .T. ) ;
#7584 = DIRECTION ( 'NONE',  ( 0.000000000000000000, 0.000000000000000000, -1.000000000000000000 ) ) ;
#7585 = ORIENTED_EDGE ( 'NONE', *, *, #3332, .F. ) ;
#7586 = CARTESIAN_POINT ( 'NONE',  ( -0.06962290458014182282, 0.04573217821517083087, -0.04558037687851990150 ) ) ;
#7587 = CARTESIAN_POINT ( 'NONE',  ( 0.1062992125984252023, 0.009280999427183432571, 0.06299212598425198151 ) ) ;
#7588 = CARTESIAN_POINT ( 'NONE',  ( 0.1164233781010027974, -1.600692183787654230E-18, 0.06299212598425198151 ) ) ;
#7589 = ADVANCED_FACE ( 'NONE', ( #590 ), #259, .F. ) ;
#7590 = CARTESIAN_POINT ( 'NONE',  ( -0.06912003441783194646, 0.04689584721416596713, 0.04413263741782138400 ) ) ;
#7591 = AXIS2_PLACEMENT_3D ( 'NONE', #2530, #1954, #4370 ) ;
#7592 = ORIENTED_EDGE ( 'NONE', *, *, #3918, .F. ) ;
#7593 = LINE ( 'NONE', #4098, #242 ) ;
#7594 = VERTEX_POINT ( 'NONE', #1099 ) ;
#7595 = DIRECTION ( 'NONE',  ( 0.000000000000000000, 0.000000000000000000, 1.000000000000000000 ) ) ;
#7596 = CARTESIAN_POINT ( 'NONE',  ( 0.04322513669223895794, 0.04724409448818895491, -0.06692913385826773642 ) ) ;
#7597 = VECTOR ( 'NONE', #2013, 39.37007874015748143 ) ;
#7598 = ADVANCED_FACE ( 'NONE', ( #6107 ), #3632, .T. ) ;
#7599 = CARTESIAN_POINT ( 'NONE',  ( 0.04594212157005194558, 0.03206007351633503172, 0.07348851559904653885 ) ) ;
#7600 = CARTESIAN_POINT ( 'NONE',  ( -0.04837042631189476805, 0.03152255878931126826, -0.07814630595982431649 ) ) ;
#7601 = FACE_OUTER_BOUND ( 'NONE', #2922, .T. ) ;
#7602 = VECTOR ( 'NONE', #5365, 39.37007874015748854 ) ;
#7603 = ORIENTED_EDGE ( 'NONE', *, *, #631, .F. ) ;
#7604 = ORIENTED_EDGE ( 'NONE', *, *, #7213, .F. ) ;
#7605 = CYLINDRICAL_SURFACE ( 'NONE', #1163, 0.001968503937007879193 ) ;
#7606 = EDGE_CURVE ( 'NONE', #5766, #5525, #3600, .T. ) ;
#7607 = DIRECTION ( 'NONE',  ( 4.058291587432376212E-16, 0.000000000000000000, 1.000000000000000000 ) ) ;
#7608 = EDGE_CURVE ( 'NONE', #61, #3067, #3073, .T. ) ;
#7609 = CIRCLE ( 'NONE', #2785, 0.003937007874015762722 ) ;
#7610 = CARTESIAN_POINT ( 'NONE',  ( 0.06933230912614124497, 0.03973534070287411402, -0.04422056448095174758 ) ) ;
#7611 = FACE_OUTER_BOUND ( 'NONE', #3031, .T. ) ;
#7612 = LINE ( 'NONE', #7168, #6047 ) ;
#7613 = DIRECTION ( 'NONE',  ( 0.000000000000000000, 0.000000000000000000, -1.000000000000000000 ) ) ;
#7614 = VERTEX_POINT ( 'NONE', #3557 ) ;
#7615 = VECTOR ( 'NONE', #3252, 39.37007874015748143 ) ;
#7616 = PLANE ( 'NONE',  #4834 ) ;
#7617 = ORIENTED_EDGE ( 'NONE', *, *, #5038, .T. ) ;
#7618 = CYLINDRICAL_SURFACE ( 'NONE', #3582, 0.007874015748031499423 ) ;
#7619 = CARTESIAN_POINT ( 'NONE',  ( -0.04462688407535021773, 0.03792383443922489605, 0.07031325140159609688 ) ) ;
#7620 = EDGE_CURVE ( 'NONE', #2086, #1485, #553, .T. ) ;
#7621 = AXIS2_PLACEMENT_3D ( 'NONE', #5319, #3525, #6593 ) ;
#7622 = CARTESIAN_POINT ( 'NONE',  ( -0.07714575990919918247, 0.03357423899596301969, -0.04745700176422920635 ) ) ;
#7623 = CARTESIAN_POINT ( 'NONE',  ( 0.04878144329469041862, 0.03219018753526921295, 0.07688123291277189353 ) ) ;
#7624 = ORIENTED_EDGE ( 'NONE', *, *, #5787, .T. ) ;
#7625 = CARTESIAN_POINT ( 'NONE',  ( -0.06762153619863518761, 0.04289462535336164423, 0.04811742286199992280 ) ) ;
#7626 = ORIENTED_EDGE ( 'NONE', *, *, #3051, .T. ) ;
#7627 = VECTOR ( 'NONE', #1136, 39.37007874015748143 ) ;
#7628 = AXIS2_PLACEMENT_3D ( 'NONE', #6584, #1771, #4034 ) ;
#7629 = CARTESIAN_POINT ( 'NONE',  ( -0.06889763779527559306, 0.009842519685039369942, -0.06299212598425198151 ) ) ;
#7630 = CARTESIAN_POINT ( 'NONE',  ( 0.07108354790047277660, 0.04476932692331955788, -0.04351193913223753984 ) ) ;
#7631 = CYLINDRICAL_SURFACE ( 'NONE', #515, 0.003937007874015747977 ) ;
#7632 = CARTESIAN_POINT ( 'NONE',  ( 0.1067728658505845696, 0.009582591198791106518, -0.06299212598425198151 ) ) ;
#7633 = AXIS2_PLACEMENT_3D ( 'NONE', #6213, #5413, #4836 ) ;
#7634 = VERTEX_POINT ( 'NONE', #4147 ) ;
#7635 = CARTESIAN_POINT ( 'NONE',  ( -0.04811742286199996443, 0.03149606299212598381, -0.07874015748031495954 ) ) ;
#7636 = EDGE_LOOP ( 'NONE', ( #6008, #2582, #4272, #1098, #2110, #6382, #2126, #5489 ) ) ;
#7637 = FACE_OUTER_BOUND ( 'NONE', #3511, .T. ) ;
#7638 = AXIS2_PLACEMENT_3D ( 'NONE', #2767, #4650, #1625 ) ;
#7639 = DIRECTION ( 'NONE',  ( 0.000000000000000000, 0.000000000000000000, 1.000000000000000000 ) ) ;
#7640 = LINE ( 'NONE', #5895, #3892 ) ;
#7641 = VECTOR ( 'NONE', #7258, 39.37007874015748854 ) ;
#7642 = DIRECTION ( 'NONE',  ( -0.7071067811865473507, 0.000000000000000000, 0.7071067811865475727 ) ) ;
#7643 = ADVANCED_FACE ( 'NONE', ( #7759 ), #7127, .F. ) ;
#7644 = ORIENTED_EDGE ( 'NONE', *, *, #2050, .T. ) ;
#7645 = FACE_OUTER_BOUND ( 'NONE', #4399, .T. ) ;
#7646 = LINE ( 'NONE', #5124, #3308 ) ;
#7647 = CYLINDRICAL_SURFACE ( 'NONE', #426, 0.003937007874015743640 ) ;
#7648 = CARTESIAN_POINT ( 'NONE',  ( -0.07793920419961006263, 0.03210898529255888645, 0.04635164495030928700 ) ) ;
#7649 = CARTESIAN_POINT ( 'NONE',  ( -0.07874015748031494566, 0.03149606299212598381, 0.04811742286199993668 ) ) ;
#7650 = EDGE_CURVE ( 'NONE', #2673, #7534, #3661, .T. ) ;
#7651 = ADVANCED_FACE ( 'NONE', ( #6703 ), #629, .F. ) ;
#7652 = VERTEX_POINT ( 'NONE', #4722 ) ;
#7653 = ORIENTED_EDGE ( 'NONE', *, *, #3482, .F. ) ;
#7654 = CARTESIAN_POINT ( 'NONE',  ( 0.05511811023622047168, 0.03149606299212598381, -0.09842519685039370636 ) ) ;
#7655 = CARTESIAN_POINT ( 'NONE',  ( 0.04596010345299232636, 0.04476864760851667624, -0.07006991600287980348 ) ) ;
#7656 = B_SPLINE_CURVE_WITH_KNOTS ( 'NONE', 3,
 ( #334, #1662, #2150, #3366, #5798, #7579, #4005, #3404, #2805, #5246, #448, #3483, #5909, #5761, #2878, #2840, #2727, #2223, #6474 ),
 .UNSPECIFIED., .F., .F.,
 ( 4, 3, 3, 3, 3, 3, 4 ),
 ( -4.686221217504059048E-08, 0.000000000000000000, 1.756499305424951215E-05, 9.886359225695377155E-05, 0.0001785335741837339315, 0.0003785335741837339411, 0.0003785935741837339642 ),
 .UNSPECIFIED. ) ;
#7657 = CARTESIAN_POINT ( 'NONE',  ( 0.06496062992125986590, 0.005905511811023621965, -0.02657480314960630405 ) ) ;
#7658 = FACE_OUTER_BOUND ( 'NONE', #3237, .T. ) ;
#7659 = EDGE_CURVE ( 'NONE', #274, #5294, #1855, .T. ) ;
#7660 = ORIENTED_EDGE ( 'NONE', *, *, #3242, .T. ) ;
#7661 = CARTESIAN_POINT ( 'NONE',  ( -0.07543284219591453454, 0.02846948526569289747, -0.04811742286199990892 ) ) ;
#7662 = ORIENTED_EDGE ( 'NONE', *, *, #3006, .T. ) ;
#7663 = DIRECTION ( 'NONE',  ( 1.000000000000000000, 2.707733616970879528E-18, 0.000000000000000000 ) ) ;
#7664 = CARTESIAN_POINT ( 'NONE',  ( -0.04357343596190930285, 0.04449515384951295560, -0.07123201438070798919 ) ) ;
#7665 = DIRECTION ( 'NONE',  ( 0.000000000000000000, 0.000000000000000000, -1.000000000000000000 ) ) ;
#7666 = CARTESIAN_POINT ( 'NONE',  ( -0.07874015748031494566, 0.03149606299212598381, 0.04811742286199992280 ) ) ;
#7667 = CARTESIAN_POINT ( 'NONE',  ( 0.1109683108467216656, 0.002993597884792337672, -0.06299212598425198151 ) ) ;
#7668 = EDGE_CURVE ( 'NONE', #2565, #7170, #1695, .T. ) ;
#7669 = VERTEX_POINT ( 'NONE', #1898 ) ;
#7670 = CARTESIAN_POINT ( 'NONE',  ( -0.04686313822170887211, 0.03167476049752949996, 0.07823438622292157307 ) ) ;
#7671 = B_SPLINE_CURVE_WITH_KNOTS ( 'NONE', 3,
 ( #7807, #2367, #5310, #1698, #4150, #7718, #2249, #6069, #4766, #6585 ),
 .UNSPECIFIED., .F., .F.,
 ( 4, 2, 2, 2, 4 ),
 ( 0.7444130222866850444, 0.8083097667150141996, 0.8722065111433434659, 0.9361032555716717329, 1.000000000000000000 ),
 .UNSPECIFIED. ) ;
#7672 = CARTESIAN_POINT ( 'NONE',  ( 0.04749772451242866012, 0.03791342768142891284, -0.07378206161835956789 ) ) ;
#7673 = CARTESIAN_POINT ( 'NONE',  ( -0.07712341129316679922, 0.02782460327892298871, 0.04744235358435878319 ) ) ;
#7674 = CARTESIAN_POINT ( 'NONE',  ( -0.04881071764128090684, 0.03184908972244574615, -0.07711317322445543354 ) ) ;
#7675 = DIRECTION ( 'NONE',  ( 0.000000000000000000, -1.000000000000000000, 0.000000000000000000 ) ) ;
#7676 = ORIENTED_EDGE ( 'NONE', *, *, #4868, .F. ) ;
#7677 = ORIENTED_EDGE ( 'NONE', *, *, #3770, .F. ) ;
#7678 = DIRECTION ( 'NONE',  ( 0.000000000000000000, -1.000000000000000000, 0.000000000000000000 ) ) ;
#7679 = EDGE_CURVE ( 'NONE', #7205, #6716, #5748, .T. ) ;
#7680 = DIRECTION ( 'NONE',  ( 0.000000000000000000, -1.000000000000000000, 0.000000000000000000 ) ) ;
#7681 = VECTOR ( 'NONE', #5698, 39.37007874015748143 ) ;
#7682 = DIRECTION ( 'NONE',  ( 0.000000000000000000, -1.000000000000000000, 0.000000000000000000 ) ) ;
#7683 = DIRECTION ( 'NONE',  ( -0.000000000000000000, -1.000000000000000000, -0.000000000000000000 ) ) ;
#7684 = CARTESIAN_POINT ( 'NONE',  ( -0.04210439303121718546, 0.04633366434060631062, 0.07272712764953231934 ) ) ;
#7685 = ORIENTED_EDGE ( 'NONE', *, *, #6488, .T. ) ;
#7686 = ORIENTED_EDGE ( 'NONE', *, *, #5338, .F. ) ;
#7687 = CARTESIAN_POINT ( 'NONE',  ( 0.1117542798527060843, 0.01275443361127101029, -0.06299212598425198151 ) ) ;
#7688 = EDGE_CURVE ( 'NONE', #6198, #7080, #3192, .T. ) ;
#7689 = DIRECTION ( 'NONE',  ( 0.000000000000000000, 1.000000000000000000, 0.000000000000000000 ) ) ;
#7690 = EDGE_CURVE ( 'NONE', #6400, #1888, #1937, .T. ) ;
#7691 = CARTESIAN_POINT ( 'NONE',  ( -0.06889763779527559306, 0.009842519685039369942, 0.08267716535433072833 ) ) ;
#7692 = ORIENTED_EDGE ( 'NONE', *, *, #4522, .T. ) ;
#7693 = DIRECTION ( 'NONE',  ( 0.000000000000000000, 0.000000000000000000, 1.000000000000000000 ) ) ;
#7694 = ORIENTED_EDGE ( 'NONE', *, *, #2298, .T. ) ;
#7695 = LINE ( 'NONE', #1082, #7699 ) ;
#7696 = ADVANCED_FACE ( 'NONE', ( #4923 ), #7488, .F. ) ;
#7697 = EDGE_CURVE ( 'NONE', #1059, #6951, #4392, .T. ) ;
#7698 = CARTESIAN_POINT ( 'NONE',  ( -0.05118110236220469594, 0.01181102362204724567, -0.09842519685039370636 ) ) ;
#7699 = VECTOR ( 'NONE', #4172, 39.37007874015748143 ) ;
#7700 = ORIENTED_EDGE ( 'NONE', *, *, #3269, .T. ) ;
#7701 = PLANE ( 'NONE',  #1741 ) ;
#7702 = ORIENTED_EDGE ( 'NONE', *, *, #3147, .T. ) ;
#7703 = DIRECTION ( 'NONE',  ( 0.5370986485132710486, -0.8435194376925865267, 0.000000000000000000 ) ) ;
#7704 = DIMENSIONAL_EXPONENTS ( 1.000000000000000000, 0.000000000000000000, 0.000000000000000000, 0.000000000000000000, 0.000000000000000000, 0.000000000000000000, 0.000000000000000000 ) ;
#7705 = CARTESIAN_POINT ( 'NONE',  ( 0.04350920467577163581, 0.04481996858434134090, -0.07105612511580312873 ) ) ;
#7706 = CIRCLE ( 'NONE', #4557, 0.003937007874015748844 ) ;
#7707 = EDGE_CURVE ( 'NONE', #717, #550, #3969, .T. ) ;
#7708 = FACE_OUTER_BOUND ( 'NONE', #601, .T. ) ;
#7709 = CARTESIAN_POINT ( 'NONE',  ( -0.04855405682909370163, 0.03161150406399784729, -0.07771575384913692597 ) ) ;
#7710 = CARTESIAN_POINT ( 'NONE',  ( -0.04347150067081170799, 0.04563202121754647567, 0.07049778985967446177 ) ) ;
#7711 = LINE ( 'NONE', #5981, #863 ) ;
#7712 = AXIS2_PLACEMENT_3D ( 'NONE', #2883, #2255, #7810 ) ;
#7713 = ORIENTED_EDGE ( 'NONE', *, *, #353, .T. ) ;
#7714 = B_SPLINE_CURVE_WITH_KNOTS ( 'NONE', 3,
 ( #2760, #3802, #948, #838 ),
 .UNSPECIFIED., .F., .F.,
 ( 4, 4 ),
 ( 0.000000000000000000, 0.1223648850880597327 ),
 .UNSPECIFIED. ) ;
#7715 = CARTESIAN_POINT ( 'NONE',  ( -0.09842519685039370636, 0.005905511811023621965, 0.02263779527559055260 ) ) ;
#7716 = FACE_OUTER_BOUND ( 'NONE', #7266, .T. ) ;
#7717 = VECTOR ( 'NONE', #4597, 39.37007874015748143 ) ;
#7718 = CARTESIAN_POINT ( 'NONE',  ( 0.04729853379870192082, 0.02796622616595089914, -0.07676281534303316945 ) ) ;
#7719 = LINE ( 'NONE', #983, #975 ) ;
#7720 = CARTESIAN_POINT ( 'NONE',  ( 0.06762153619863521536, 0.04289462535336164423, 0.04811742286199987423 ) ) ;
#7721 = VERTEX_POINT ( 'NONE', #82 ) ;
#7722 = ORIENTED_EDGE ( 'NONE', *, *, #4353, .T. ) ;
#7723 = CARTESIAN_POINT ( 'NONE',  ( -0.05511811023622047168, 0.02755905511811023584, -0.09645669291338584972 ) ) ;
#7724 = VECTOR ( 'NONE', #3850, 39.37007874015748143 ) ;
#7725 = DIRECTION ( 'NONE',  ( 0.000000000000000000, -1.000000000000000000, 0.000000000000000000 ) ) ;
#7726 = LINE ( 'NONE', #1148, #4469 ) ;
#7727 = CARTESIAN_POINT ( 'NONE',  ( -0.07822258814247247394, 0.03149606347847920540, -0.04790303862406268542 ) ) ;
#7728 = VECTOR ( 'NONE', #6996, 39.37007874015748143 ) ;
#7729 = PLANE ( 'NONE',  #1002 ) ;
#7730 = ORIENTED_EDGE ( 'NONE', *, *, #7788, .F. ) ;
#7731 = ORIENTED_EDGE ( 'NONE', *, *, #4858, .T. ) ;
#7732 = CARTESIAN_POINT ( 'NONE',  ( -0.06748035307233443691, 0.04315534825624279397, 0.04811742286199991586 ) ) ;
#7733 = ORIENTED_EDGE ( 'NONE', *, *, #2660, .T. ) ;
#7734 = DIRECTION ( 'NONE',  ( -1.000000000000000000, 0.000000000000000000, 0.000000000000000000 ) ) ;
#7735 = CARTESIAN_POINT ( 'NONE',  ( -0.04715539950382413581, 0.03943962505373835303, -0.07295561593985083748 ) ) ;
#7736 = CARTESIAN_POINT ( 'NONE',  ( -0.09842519685039370636, 0.03149606299212598381, 0.04894237015283921244 ) ) ;
#7737 = CARTESIAN_POINT ( 'NONE',  ( -0.07847086105202803752, 0.03149606299212600463, 0.04744814616777338900 ) ) ;
#7738 = ORIENTED_EDGE ( 'NONE', *, *, #3526, .T. ) ;
#7739 = CARTESIAN_POINT ( 'NONE',  ( -0.04884426315353891657, 0.03191011596265883737, 0.07703289346799023496 ) ) ;
#7740 = AXIS2_PLACEMENT_3D ( 'NONE', #5090, #3882, #288 ) ;
#7741 = ORIENTED_EDGE ( 'NONE', *, *, #447, .T. ) ;
#7742 = DIRECTION ( 'NONE',  ( 0.000000000000000000, 0.000000000000000000, -1.000000000000000000 ) ) ;
#7743 = EDGE_CURVE ( 'NONE', #813, #6270, #7160, .T. ) ;
#7744 = EDGE_CURVE ( 'NONE', #6918, #3986, #7328, .T. ) ;
#7745 = CARTESIAN_POINT ( 'NONE',  ( 0.07793268416416640476, 0.02760978303487666985, -0.04777140679303170517 ) ) ;
#7746 = CARTESIAN_POINT ( 'NONE',  ( 0.04647074948661775867, 0.04249201979835690729, -0.07130272458283100356 ) ) ;
#7747 = B_SPLINE_CURVE_WITH_KNOTS ( 'NONE', 3,
 ( #6677, #4937, #6080, #2414, #5020, #4408, #1869, #1231 ),
 .UNSPECIFIED., .F., .F.,
 ( 4, 2, 2, 4 ),
 ( 0.000000000000000000, 0.2500000000000000000, 0.5000000000000000000, 1.000000000000000000 ),
 .UNSPECIFIED. ) ;
#7748 = CARTESIAN_POINT ( 'NONE',  ( 0.09749652725729245073, 0.006188233213215054568, -0.01481680885766759916 ) ) ;
#7749 = AXIS2_PLACEMENT_3D ( 'NONE', #111, #6055, #3064 ) ;
#7750 = CARTESIAN_POINT ( 'NONE',  ( 0.06692913385826772255, 0.04724409448818898266, 0.04322513669223895794 ) ) ;
#7751 = ORIENTED_EDGE ( 'NONE', *, *, #6498, .F. ) ;
#7752 = CARTESIAN_POINT ( 'NONE',  ( -0.04811742286199996443, 0.03149606299212598381, -0.07874015748031495954 ) ) ;
#7753 = ORIENTED_EDGE ( 'NONE', *, *, #722, .T. ) ;
#7754 = CARTESIAN_POINT ( 'NONE',  ( -0.1062992125984252023, 0.009842519685039368207, 0.06299212598425198151 ) ) ;
#7755 = EDGE_CURVE ( 'NONE', #5163, #1624, #5040, .T. ) ;
#7756 = CARTESIAN_POINT ( 'NONE',  ( 0.04322513669223895100, 0.04724409448818898266, -0.06692913385826773642 ) ) ;
#7757 = AXIS2_PLACEMENT_3D ( 'NONE', #953, #7136, #4688 ) ;
#7758 = EDGE_LOOP ( 'NONE', ( #3338, #7676, #2553, #6621 ) ) ;
#7759 = FACE_OUTER_BOUND ( 'NONE', #3979, .T. ) ;
#7760 = DIMENSIONAL_EXPONENTS ( 1.000000000000000000, 0.000000000000000000, 0.000000000000000000, 0.000000000000000000, 0.000000000000000000, 0.000000000000000000, 0.000000000000000000 ) ;
#7761 = DIRECTION ( 'NONE',  ( 1.000000000000000000, -5.706327223607917555E-17, 0.000000000000000000 ) ) ;
#7762 = CIRCLE ( 'NONE', #7249, 0.006467032068879366782 ) ;
#7763 = CARTESIAN_POINT ( 'NONE',  ( 0.1109683108467216656, 0.002993597884792337672, 0.06299212598425198151 ) ) ;
#7764 = CARTESIAN_POINT ( 'NONE',  ( -0.07476318474431073446, 0.03797414095024420622, 0.04503609461756348520 ) ) ;
#7765 = CARTESIAN_POINT ( 'NONE',  ( 0.06994293861179345928, 0.03860769112990099922, 0.04811742286199987423 ) ) ;
#7766 = EDGE_CURVE ( 'NONE', #3598, #339, #121, .T. ) ;
#7767 = EDGE_LOOP ( 'NONE', ( #7700, #2025, #7733, #1079 ) ) ;
#7768 =( NAMED_UNIT ( * ) PLANE_ANGLE_UNIT ( ) SI_UNIT ( $, .RADIAN. ) );
#7769 = ORIENTED_EDGE ( 'NONE', *, *, #978, .T. ) ;
#7770 = CARTESIAN_POINT ( 'NONE',  ( -0.09842519685039370636, 0.001968503937007873555, 0.01476377952755905665 ) ) ;
#7771 = CARTESIAN_POINT ( 'NONE',  ( -0.04639636208735228862, 0.03003382268297973001, 0.07458553926759389774 ) ) ;
#7772 = LINE ( 'NONE', #4161, #3948 ) ;
#7773 = FACE_OUTER_BOUND ( 'NONE', #4125, .T. ) ;
#7774 = DIRECTION ( 'NONE',  ( 0.000000000000000000, 1.000000000000000000, 0.000000000000000000 ) ) ;
#7775 = VERTEX_POINT ( 'NONE', #7443 ) ;
#7776 = CARTESIAN_POINT ( 'NONE',  ( -0.06584623711124469592, 0.03149606299212598381, 0.09645669291338582196 ) ) ;
#7777 = ORIENTED_EDGE ( 'NONE', *, *, #391, .F. ) ;
#7778 = CARTESIAN_POINT ( 'NONE',  ( -0.04664191199091950041, 0.04172892111220238842, -0.07171594742208571571 ) ) ;
#7779 = CARTESIAN_POINT ( 'NONE',  ( 0.04744235358436163508, 0.02782460327892301299, 0.07712341129316675759 ) ) ;
#7780 = CARTESIAN_POINT ( 'NONE',  ( -0.07722080500866985997, 0.03178818152118070145, 0.04876382640787325223 ) ) ;
#7781 = DIRECTION ( 'NONE',  ( 0.000000000000000000, 0.000000000000000000, 1.000000000000000000 ) ) ;
#7782 = ORIENTED_EDGE ( 'NONE', *, *, #4261, .F. ) ;
#7783 = ORIENTED_EDGE ( 'NONE', *, *, #6054, .F. ) ;
#7784 = CARTESIAN_POINT ( 'NONE',  ( 0.06977940642378091529, 0.04538425365438036874, 0.04570727917525961581 ) ) ;
#7785 = CARTESIAN_POINT ( 'NONE',  ( 0.04599110633517055485, 0.03371638490757849355, -0.07706878698518315751 ) ) ;
#7786 =( BOUNDED_SURFACE ( )  B_SPLINE_SURFACE ( 3, 1, ( 
 ( #6786, #6820 ),
 ( #6749, #2027 ),
 ( #5014, #5669 ),
 ( #4447, #3158 ),
 ( #7418, #1347 ),
 ( #128, #1982 ),
 ( #248, #7453 ),
 ( #5712, #1314 ),
 ( #4401, #6860 ),
 ( #2644, #1388 ) ),
 .UNSPECIFIED., .F., .F., .F. ) 
 B_SPLINE_SURFACE_WITH_KNOTS ( ( 4, 3, 3, 4 ),
 ( 2, 2 ),
 ( 0.000000000000000000, 0.2470520139942833093, 0.9588246643342867026, 1.000000000000000000 ),
 ( 0.000000000000000000, 1.000000000000000000 ),
 .UNSPECIFIED. ) 
 GEOMETRIC_REPRESENTATION_ITEM ( )  RATIONAL_B_SPLINE_SURFACE ( (
 ( 1.000000000000000000, 1.000000000000000000),
 ( 0.9060799708944990982, 0.9060799708944990982),
 ( 0.9060799708944990982, 0.9060799708944990982),
 ( 1.000000000000000000, 1.000000000000000000),
 ( 1.000000000000000000, 1.000000000000000000),
 ( 1.000000000000000000, 1.000000000000000000),
 ( 1.000000000000000000, 1.000000000000000000),
 ( 0.9060799708944982100, 0.9060799708944982100),
 ( 0.9060799708944982100, 0.9060799708944982100),
 ( 1.000000000000000000, 1.000000000000000000) ) ) 
 REPRESENTATION_ITEM ( '' )  SURFACE ( )  );
#7787 = CARTESIAN_POINT ( 'NONE',  ( 0.09666949366773189278, 0.005905511811023621965, -0.01495886739210580685 ) ) ;
#7788 = EDGE_CURVE ( 'NONE', #3986, #6773, #7762, .T. ) ;
#7789 = CARTESIAN_POINT ( 'NONE',  ( -0.04779161441469202687, 0.02760959072074435985, 0.07792559920630275083 ) ) ;
#7790 = EDGE_CURVE ( 'NONE', #1376, #1598, #6263, .T. ) ;
#7791 = ORIENTED_EDGE ( 'NONE', *, *, #3627, .F. ) ;
#7792 = LINE ( 'NONE', #622, #1364 ) ;
#7793 = VERTEX_POINT ( 'NONE', #824 ) ;
#7794 = CARTESIAN_POINT ( 'NONE',  ( 0.08659019213609440990, 0.02755905511811023584, 0.06275750304127082624 ) ) ;
#7795 = VERTEX_POINT ( 'NONE', #3229 ) ;
#7796 = B_SPLINE_CURVE_WITH_KNOTS ( 'NONE', 3,
 ( #2211, #7674, #4070, #467, #7709, #7600, #973, #7752 ),
 .UNSPECIFIED., .F., .F.,
 ( 4, 2, 2, 4 ),
 ( 0.000000000000000000, 0.2499999999999996669, 0.4999999999999993339, 1.000000000000000000 ),
 .UNSPECIFIED. ) ;
#7797 = VERTEX_POINT ( 'NONE', #4484 ) ;
#7798 = DIRECTION ( 'NONE',  ( 0.000000000000000000, 0.000000000000000000, 1.000000000000000000 ) ) ;
#7799 = CARTESIAN_POINT ( 'NONE',  ( 0.04430168792951546392, 0.04703914241951060587, -0.06815311626084621932 ) ) ;
#7800 = EDGE_CURVE ( 'NONE', #7558, #663, #6893, .T. ) ;
#7801 = CARTESIAN_POINT ( 'NONE',  ( -0.08659019213609440990, 0.03149606299212598381, 0.05880887093013065225 ) ) ;
#7802 = CARTESIAN_POINT ( 'NONE',  ( 0.07130272458283105907, 0.04249201979835713627, -0.04647074948661752275 ) ) ;
#7803 = CARTESIAN_POINT ( 'NONE',  ( -0.07660907570192462823, 0.03619545847639819847, 0.04598634108360960537 ) ) ;
#7804 = ORIENTED_EDGE ( 'NONE', *, *, #5265, .T. ) ;
#7805 = ORIENTED_EDGE ( 'NONE', *, *, #639, .T. ) ;
#7806 = LINE ( 'NONE', #1144, #4205 ) ;
#7807 = CARTESIAN_POINT ( 'NONE',  ( 0.04639636208735210127, 0.03003382268297973001, -0.07458553926759386998 ) ) ;
#7808 = EDGE_CURVE ( 'NONE', #6140, #733, #3270, .T. ) ;
#7809 = CARTESIAN_POINT ( 'NONE',  ( 0.1259842519685039353, -1.574803884209003054E-18, 0.06299212598425198151 ) ) ;
#7810 = DIRECTION ( 'NONE',  ( 0.000000000000000000, 0.000000000000000000, 1.000000000000000000 ) ) ;
#7811 = ORIENTED_EDGE ( 'NONE', *, *, #7202, .T. ) ;
#7812 = CARTESIAN_POINT ( 'NONE',  ( 0.07558448434276357486, 0.02874278456961673958, 0.04680839361996712300 ) ) ;
#7813 = AXIS2_PLACEMENT_3D ( 'NONE', #3875, #6307, #900 ) ;
#7814 = VERTEX_POINT ( 'NONE', #4519 ) ;
#7815 = CARTESIAN_POINT ( 'NONE',  ( -0.09645669291338584972, 0.02755905511811023584, -0.04894237015283919856 ) ) ;
#7816 = CARTESIAN_POINT ( 'NONE',  ( 0.04825025312621825796, 0.03149606299212596994, 0.07844496416975274555 ) ) ;
#7817 = CARTESIAN_POINT ( 'NONE',  ( 0.1109683108467216656, 0.002993597884792337672, 0.08267716535433072833 ) ) ;
#7818 = AXIS2_PLACEMENT_3D ( 'NONE', #7233, #4407, #4749 ) ;
#7819 = CARTESIAN_POINT ( 'NONE',  ( 0.1023622047244094613, 0.02755905511811023584, -0.04894237015283919856 ) ) ;
#7820 = ORIENTED_EDGE ( 'NONE', *, *, #1272, .T. ) ;
#7821 = CARTESIAN_POINT ( 'NONE',  ( -0.04768642827191804656, 0.03707212431579452738, 0.07423763279379240465 ) ) ;
#7822 = VERTEX_POINT ( 'NONE', #2097 ) ;
#7823 = CARTESIAN_POINT ( 'NONE',  ( 0.07096433004428565061, 0.04498199997437885012, 0.04350370756854299303 ) ) ;
#7824 = SURFACE_STYLE_USAGE ( .BOTH. , #5409 ) ;
#7825 = VECTOR ( 'NONE', #2827, 39.37007874015748854 ) ;
#7826 = APPLICATION_CONTEXT ( 'automotive_design' ) ;
#7827 = CARTESIAN_POINT ( 'NONE',  ( 0.07086724056883052236, 0.04516878170873110665, 0.04349625577650960417 ) ) ;
#7828 = DIRECTION ( 'NONE',  ( -1.355252715606880789E-16, 0.000000000000000000, -1.000000000000000000 ) ) ;
#7829 = VECTOR ( 'NONE', #1845, 39.37007874015748143 ) ;
#7830 = DIRECTION ( 'NONE',  ( 0.000000000000000000, -1.000000000000000000, 0.000000000000000000 ) ) ;
#7831 = ORIENTED_EDGE ( 'NONE', *, *, #4666, .F. ) ;
#7832 = FACE_OUTER_BOUND ( 'NONE', #4134, .T. ) ;
#7833 = ORIENTED_EDGE ( 'NONE', *, *, #6831, .F. ) ;
#7834 = LINE ( 'NONE', #624, #385 ) ;
ENDSEC;
END-ISO-10303-21;
